[2022-05-11 12:41:54] local.ERROR: SQLSTATE[HY000] [2002] No connection could be made because the target machine actively refused it.
 (SQL: select * from `smtp` where `id` = 1 limit 1) {"exception":"[object] (Illuminate\\Database\\QueryException(code: 2002): SQLSTATE[HY000] [2002] No connection could be made because the target machine actively refused it.
 (SQL: select * from `smtp` where `id` = 1 limit 1) at C:\\SXampp\\htdocs\\Jacwan\\affiliate\\vendor\\laravel\\framework\\src\\Illuminate\\Database\\Connection.php:671)
[stacktrace]
#0 C:\\SXampp\\htdocs\\Jacwan\\affiliate\\vendor\\laravel\\framework\\src\\Illuminate\\Database\\Connection.php(631): Illuminate\\Database\\Connection->runQueryCallback('select * from `...', Array, Object(Closure))
#1 C:\\SXampp\\htdocs\\Jacwan\\affiliate\\vendor\\laravel\\framework\\src\\Illuminate\\Database\\Connection.php(339): Illuminate\\Database\\Connection->run('select * from `...', Array, Object(Closure))
#2 C:\\SXampp\\htdocs\\Jacwan\\affiliate\\vendor\\laravel\\framework\\src\\Illuminate\\Database\\Query\\Builder.php(2270): Illuminate\\Database\\Connection->select('select * from `...', Array, true)
#3 C:\\SXampp\\htdocs\\Jacwan\\affiliate\\vendor\\laravel\\framework\\src\\Illuminate\\Database\\Query\\Builder.php(2258): Illuminate\\Database\\Query\\Builder->runSelect()
#4 C:\\SXampp\\htdocs\\Jacwan\\affiliate\\vendor\\laravel\\framework\\src\\Illuminate\\Database\\Query\\Builder.php(2753): Illuminate\\Database\\Query\\Builder->Illuminate\\Database\\Query\\{closure}()
#5 C:\\SXampp\\htdocs\\Jacwan\\affiliate\\vendor\\laravel\\framework\\src\\Illuminate\\Database\\Query\\Builder.php(2259): Illuminate\\Database\\Query\\Builder->onceWithColumns(Array, Object(Closure))
#6 C:\\SXampp\\htdocs\\Jacwan\\affiliate\\vendor\\laravel\\framework\\src\\Illuminate\\Database\\Concerns\\BuildsQueries.php(143): Illuminate\\Database\\Query\\Builder->get(Array)
#7 C:\\SXampp\\htdocs\\Jacwan\\affiliate\\app\\Providers\\MailConfigServiceProvider.php(29): Illuminate\\Database\\Query\\Builder->first()
#8 C:\\SXampp\\htdocs\\Jacwan\\affiliate\\vendor\\laravel\\framework\\src\\Illuminate\\Container\\BoundMethod.php(36): App\\Providers\\MailConfigServiceProvider->boot()
#9 C:\\SXampp\\htdocs\\Jacwan\\affiliate\\vendor\\laravel\\framework\\src\\Illuminate\\Container\\Util.php(37): Illuminate\\Container\\BoundMethod::Illuminate\\Container\\{closure}()
#10 C:\\SXampp\\htdocs\\Jacwan\\affiliate\\vendor\\laravel\\framework\\src\\Illuminate\\Container\\BoundMethod.php(93): Illuminate\\Container\\Util::unwrapIfClosure(Object(Closure))
#11 C:\\SXampp\\htdocs\\Jacwan\\affiliate\\vendor\\laravel\\framework\\src\\Illuminate\\Container\\BoundMethod.php(37): Illuminate\\Container\\BoundMethod::callBoundMethod(Object(Illuminate\\Foundation\\Application), Array, Object(Closure))
#12 C:\\SXampp\\htdocs\\Jacwan\\affiliate\\vendor\\laravel\\framework\\src\\Illuminate\\Container\\Container.php(596): Illuminate\\Container\\BoundMethod::call(Object(Illuminate\\Foundation\\Application), Array, Array, NULL)
#13 C:\\SXampp\\htdocs\\Jacwan\\affiliate\\vendor\\laravel\\framework\\src\\Illuminate\\Foundation\\Application.php(867): Illuminate\\Container\\Container->call(Array)
#14 C:\\SXampp\\htdocs\\Jacwan\\affiliate\\vendor\\laravel\\framework\\src\\Illuminate\\Foundation\\Application.php(850): Illuminate\\Foundation\\Application->bootProvider(Object(App\\Providers\\MailConfigServiceProvider))
#15 [internal function]: Illuminate\\Foundation\\Application->Illuminate\\Foundation\\{closure}(Object(App\\Providers\\MailConfigServiceProvider), 21)
#16 C:\\SXampp\\htdocs\\Jacwan\\affiliate\\vendor\\laravel\\framework\\src\\Illuminate\\Foundation\\Application.php(851): array_walk(Array, Object(Closure))
#17 C:\\SXampp\\htdocs\\Jacwan\\affiliate\\vendor\\laravel\\framework\\src\\Illuminate\\Foundation\\Bootstrap\\BootProviders.php(17): Illuminate\\Foundation\\Application->boot()
#18 C:\\SXampp\\htdocs\\Jacwan\\affiliate\\vendor\\laravel\\framework\\src\\Illuminate\\Foundation\\Application.php(230): Illuminate\\Foundation\\Bootstrap\\BootProviders->bootstrap(Object(Illuminate\\Foundation\\Application))
#19 C:\\SXampp\\htdocs\\Jacwan\\affiliate\\vendor\\laravel\\framework\\src\\Illuminate\\Foundation\\Console\\Kernel.php(310): Illuminate\\Foundation\\Application->bootstrapWith(Array)
#20 C:\\SXampp\\htdocs\\Jacwan\\affiliate\\vendor\\laravel\\framework\\src\\Illuminate\\Foundation\\Console\\Kernel.php(127): Illuminate\\Foundation\\Console\\Kernel->bootstrap()
#21 C:\\SXampp\\htdocs\\Jacwan\\affiliate\\artisan(37): Illuminate\\Foundation\\Console\\Kernel->handle(Object(Symfony\\Component\\Console\\Input\\ArgvInput), Object(Symfony\\Component\\Console\\Output\\ConsoleOutput))
#22 {main}

[previous exception] [object] (PDOException(code: 2002): SQLSTATE[HY000] [2002] No connection could be made because the target machine actively refused it.
 at C:\\SXampp\\htdocs\\Jacwan\\affiliate\\vendor\\laravel\\framework\\src\\Illuminate\\Database\\Connectors\\Connector.php:70)
[stacktrace]
#0 C:\\SXampp\\htdocs\\Jacwan\\affiliate\\vendor\\laravel\\framework\\src\\Illuminate\\Database\\Connectors\\Connector.php(70): PDO->__construct('mysql:host=127....', 'root', '', Array)
#1 C:\\SXampp\\htdocs\\Jacwan\\affiliate\\vendor\\laravel\\framework\\src\\Illuminate\\Database\\Connectors\\Connector.php(46): Illuminate\\Database\\Connectors\\Connector->createPdoConnection('mysql:host=127....', 'root', '', Array)
#2 C:\\SXampp\\htdocs\\Jacwan\\affiliate\\vendor\\laravel\\framework\\src\\Illuminate\\Database\\Connectors\\MySqlConnector.php(24): Illuminate\\Database\\Connectors\\Connector->createConnection('mysql:host=127....', Array, Array)
#3 C:\\SXampp\\htdocs\\Jacwan\\affiliate\\vendor\\laravel\\framework\\src\\Illuminate\\Database\\Connectors\\ConnectionFactory.php(184): Illuminate\\Database\\Connectors\\MySqlConnector->connect(Array)
#4 [internal function]: Illuminate\\Database\\Connectors\\ConnectionFactory->Illuminate\\Database\\Connectors\\{closure}()
#5 C:\\SXampp\\htdocs\\Jacwan\\affiliate\\vendor\\laravel\\framework\\src\\Illuminate\\Database\\Connection.php(926): call_user_func(Object(Closure))
#6 C:\\SXampp\\htdocs\\Jacwan\\affiliate\\vendor\\laravel\\framework\\src\\Illuminate\\Database\\Connection.php(961): Illuminate\\Database\\Connection->getPdo()
#7 C:\\SXampp\\htdocs\\Jacwan\\affiliate\\vendor\\laravel\\framework\\src\\Illuminate\\Database\\Connection.php(405): Illuminate\\Database\\Connection->getReadPdo()
#8 C:\\SXampp\\htdocs\\Jacwan\\affiliate\\vendor\\laravel\\framework\\src\\Illuminate\\Database\\Connection.php(331): Illuminate\\Database\\Connection->getPdoForSelect(true)
#9 C:\\SXampp\\htdocs\\Jacwan\\affiliate\\vendor\\laravel\\framework\\src\\Illuminate\\Database\\Connection.php(664): Illuminate\\Database\\Connection->Illuminate\\Database\\{closure}('select * from `...', Array)
#10 C:\\SXampp\\htdocs\\Jacwan\\affiliate\\vendor\\laravel\\framework\\src\\Illuminate\\Database\\Connection.php(631): Illuminate\\Database\\Connection->runQueryCallback('select * from `...', Array, Object(Closure))
#11 C:\\SXampp\\htdocs\\Jacwan\\affiliate\\vendor\\laravel\\framework\\src\\Illuminate\\Database\\Connection.php(339): Illuminate\\Database\\Connection->run('select * from `...', Array, Object(Closure))
#12 C:\\SXampp\\htdocs\\Jacwan\\affiliate\\vendor\\laravel\\framework\\src\\Illuminate\\Database\\Query\\Builder.php(2270): Illuminate\\Database\\Connection->select('select * from `...', Array, true)
#13 C:\\SXampp\\htdocs\\Jacwan\\affiliate\\vendor\\laravel\\framework\\src\\Illuminate\\Database\\Query\\Builder.php(2258): Illuminate\\Database\\Query\\Builder->runSelect()
#14 C:\\SXampp\\htdocs\\Jacwan\\affiliate\\vendor\\laravel\\framework\\src\\Illuminate\\Database\\Query\\Builder.php(2753): Illuminate\\Database\\Query\\Builder->Illuminate\\Database\\Query\\{closure}()
#15 C:\\SXampp\\htdocs\\Jacwan\\affiliate\\vendor\\laravel\\framework\\src\\Illuminate\\Database\\Query\\Builder.php(2259): Illuminate\\Database\\Query\\Builder->onceWithColumns(Array, Object(Closure))
#16 C:\\SXampp\\htdocs\\Jacwan\\affiliate\\vendor\\laravel\\framework\\src\\Illuminate\\Database\\Concerns\\BuildsQueries.php(143): Illuminate\\Database\\Query\\Builder->get(Array)
#17 C:\\SXampp\\htdocs\\Jacwan\\affiliate\\app\\Providers\\MailConfigServiceProvider.php(29): Illuminate\\Database\\Query\\Builder->first()
#18 C:\\SXampp\\htdocs\\Jacwan\\affiliate\\vendor\\laravel\\framework\\src\\Illuminate\\Container\\BoundMethod.php(36): App\\Providers\\MailConfigServiceProvider->boot()
#19 C:\\SXampp\\htdocs\\Jacwan\\affiliate\\vendor\\laravel\\framework\\src\\Illuminate\\Container\\Util.php(37): Illuminate\\Container\\BoundMethod::Illuminate\\Container\\{closure}()
#20 C:\\SXampp\\htdocs\\Jacwan\\affiliate\\vendor\\laravel\\framework\\src\\Illuminate\\Container\\BoundMethod.php(93): Illuminate\\Container\\Util::unwrapIfClosure(Object(Closure))
#21 C:\\SXampp\\htdocs\\Jacwan\\affiliate\\vendor\\laravel\\framework\\src\\Illuminate\\Container\\BoundMethod.php(37): Illuminate\\Container\\BoundMethod::callBoundMethod(Object(Illuminate\\Foundation\\Application), Array, Object(Closure))
#22 C:\\SXampp\\htdocs\\Jacwan\\affiliate\\vendor\\laravel\\framework\\src\\Illuminate\\Container\\Container.php(596): Illuminate\\Container\\BoundMethod::call(Object(Illuminate\\Foundation\\Application), Array, Array, NULL)
#23 C:\\SXampp\\htdocs\\Jacwan\\affiliate\\vendor\\laravel\\framework\\src\\Illuminate\\Foundation\\Application.php(867): Illuminate\\Container\\Container->call(Array)
#24 C:\\SXampp\\htdocs\\Jacwan\\affiliate\\vendor\\laravel\\framework\\src\\Illuminate\\Foundation\\Application.php(850): Illuminate\\Foundation\\Application->bootProvider(Object(App\\Providers\\MailConfigServiceProvider))
#25 [internal function]: Illuminate\\Foundation\\Application->Illuminate\\Foundation\\{closure}(Object(App\\Providers\\MailConfigServiceProvider), 21)
#26 C:\\SXampp\\htdocs\\Jacwan\\affiliate\\vendor\\laravel\\framework\\src\\Illuminate\\Foundation\\Application.php(851): array_walk(Array, Object(Closure))
#27 C:\\SXampp\\htdocs\\Jacwan\\affiliate\\vendor\\laravel\\framework\\src\\Illuminate\\Foundation\\Bootstrap\\BootProviders.php(17): Illuminate\\Foundation\\Application->boot()
#28 C:\\SXampp\\htdocs\\Jacwan\\affiliate\\vendor\\laravel\\framework\\src\\Illuminate\\Foundation\\Application.php(230): Illuminate\\Foundation\\Bootstrap\\BootProviders->bootstrap(Object(Illuminate\\Foundation\\Application))
#29 C:\\SXampp\\htdocs\\Jacwan\\affiliate\\vendor\\laravel\\framework\\src\\Illuminate\\Foundation\\Console\\Kernel.php(310): Illuminate\\Foundation\\Application->bootstrapWith(Array)
#30 C:\\SXampp\\htdocs\\Jacwan\\affiliate\\vendor\\laravel\\framework\\src\\Illuminate\\Foundation\\Console\\Kernel.php(127): Illuminate\\Foundation\\Console\\Kernel->bootstrap()
#31 C:\\SXampp\\htdocs\\Jacwan\\affiliate\\artisan(37): Illuminate\\Foundation\\Console\\Kernel->handle(Object(Symfony\\Component\\Console\\Input\\ArgvInput), Object(Symfony\\Component\\Console\\Output\\ConsoleOutput))
#32 {main}
"} 
[2022-05-11 13:02:07] local.ERROR: Unable to prepare route [api/user] for serialization. Uses Closure. {"exception":"[object] (LogicException(code: 0): Unable to prepare route [api/user] for serialization. Uses Closure. at C:\\SXampp\\htdocs\\Jacwan\\affiliate\\vendor\\laravel\\framework\\src\\Illuminate\\Routing\\Route.php:1150)
[stacktrace]
#0 C:\\SXampp\\htdocs\\Jacwan\\affiliate\\vendor\\laravel\\framework\\src\\Illuminate\\Foundation\\Console\\RouteCacheCommand.php(62): Illuminate\\Routing\\Route->prepareForSerialization()
#1 C:\\SXampp\\htdocs\\Jacwan\\affiliate\\vendor\\laravel\\framework\\src\\Illuminate\\Container\\BoundMethod.php(36): Illuminate\\Foundation\\Console\\RouteCacheCommand->handle()
#2 C:\\SXampp\\htdocs\\Jacwan\\affiliate\\vendor\\laravel\\framework\\src\\Illuminate\\Container\\Util.php(37): Illuminate\\Container\\BoundMethod::Illuminate\\Container\\{closure}()
#3 C:\\SXampp\\htdocs\\Jacwan\\affiliate\\vendor\\laravel\\framework\\src\\Illuminate\\Container\\BoundMethod.php(93): Illuminate\\Container\\Util::unwrapIfClosure(Object(Closure))
#4 C:\\SXampp\\htdocs\\Jacwan\\affiliate\\vendor\\laravel\\framework\\src\\Illuminate\\Container\\BoundMethod.php(37): Illuminate\\Container\\BoundMethod::callBoundMethod(Object(Illuminate\\Foundation\\Application), Array, Object(Closure))
#5 C:\\SXampp\\htdocs\\Jacwan\\affiliate\\vendor\\laravel\\framework\\src\\Illuminate\\Container\\Container.php(596): Illuminate\\Container\\BoundMethod::call(Object(Illuminate\\Foundation\\Application), Array, Array, NULL)
#6 C:\\SXampp\\htdocs\\Jacwan\\affiliate\\vendor\\laravel\\framework\\src\\Illuminate\\Console\\Command.php(134): Illuminate\\Container\\Container->call(Array)
#7 C:\\SXampp\\htdocs\\Jacwan\\affiliate\\vendor\\symfony\\console\\Command\\Command.php(256): Illuminate\\Console\\Command->execute(Object(Symfony\\Component\\Console\\Input\\ArrayInput), Object(Illuminate\\Console\\OutputStyle))
#8 C:\\SXampp\\htdocs\\Jacwan\\affiliate\\vendor\\laravel\\framework\\src\\Illuminate\\Console\\Command.php(121): Symfony\\Component\\Console\\Command\\Command->run(Object(Symfony\\Component\\Console\\Input\\ArrayInput), Object(Illuminate\\Console\\OutputStyle))
#9 C:\\SXampp\\htdocs\\Jacwan\\affiliate\\vendor\\laravel\\framework\\src\\Illuminate\\Console\\Concerns\\CallsCommands.php(56): Illuminate\\Console\\Command->run(Object(Symfony\\Component\\Console\\Input\\ArrayInput), Object(Illuminate\\Console\\OutputStyle))
#10 C:\\SXampp\\htdocs\\Jacwan\\affiliate\\vendor\\laravel\\framework\\src\\Illuminate\\Console\\Concerns\\CallsCommands.php(28): Illuminate\\Console\\Command->runCommand('route:cache', Array, Object(Illuminate\\Console\\OutputStyle))
#11 C:\\SXampp\\htdocs\\Jacwan\\affiliate\\vendor\\laravel\\framework\\src\\Illuminate\\Foundation\\Console\\OptimizeCommand.php(31): Illuminate\\Console\\Command->call('route:cache')
#12 C:\\SXampp\\htdocs\\Jacwan\\affiliate\\vendor\\laravel\\framework\\src\\Illuminate\\Container\\BoundMethod.php(36): Illuminate\\Foundation\\Console\\OptimizeCommand->handle()
#13 C:\\SXampp\\htdocs\\Jacwan\\affiliate\\vendor\\laravel\\framework\\src\\Illuminate\\Container\\Util.php(37): Illuminate\\Container\\BoundMethod::Illuminate\\Container\\{closure}()
#14 C:\\SXampp\\htdocs\\Jacwan\\affiliate\\vendor\\laravel\\framework\\src\\Illuminate\\Container\\BoundMethod.php(93): Illuminate\\Container\\Util::unwrapIfClosure(Object(Closure))
#15 C:\\SXampp\\htdocs\\Jacwan\\affiliate\\vendor\\laravel\\framework\\src\\Illuminate\\Container\\BoundMethod.php(37): Illuminate\\Container\\BoundMethod::callBoundMethod(Object(Illuminate\\Foundation\\Application), Array, Object(Closure))
#16 C:\\SXampp\\htdocs\\Jacwan\\affiliate\\vendor\\laravel\\framework\\src\\Illuminate\\Container\\Container.php(596): Illuminate\\Container\\BoundMethod::call(Object(Illuminate\\Foundation\\Application), Array, Array, NULL)
#17 C:\\SXampp\\htdocs\\Jacwan\\affiliate\\vendor\\laravel\\framework\\src\\Illuminate\\Console\\Command.php(134): Illuminate\\Container\\Container->call(Array)
#18 C:\\SXampp\\htdocs\\Jacwan\\affiliate\\vendor\\symfony\\console\\Command\\Command.php(256): Illuminate\\Console\\Command->execute(Object(Symfony\\Component\\Console\\Input\\ArgvInput), Object(Illuminate\\Console\\OutputStyle))
#19 C:\\SXampp\\htdocs\\Jacwan\\affiliate\\vendor\\laravel\\framework\\src\\Illuminate\\Console\\Command.php(121): Symfony\\Component\\Console\\Command\\Command->run(Object(Symfony\\Component\\Console\\Input\\ArgvInput), Object(Illuminate\\Console\\OutputStyle))
#20 C:\\SXampp\\htdocs\\Jacwan\\affiliate\\vendor\\symfony\\console\\Application.php(971): Illuminate\\Console\\Command->run(Object(Symfony\\Component\\Console\\Input\\ArgvInput), Object(Symfony\\Component\\Console\\Output\\ConsoleOutput))
#21 C:\\SXampp\\htdocs\\Jacwan\\affiliate\\vendor\\symfony\\console\\Application.php(290): Symfony\\Component\\Console\\Application->doRunCommand(Object(Illuminate\\Foundation\\Console\\OptimizeCommand), Object(Symfony\\Component\\Console\\Input\\ArgvInput), Object(Symfony\\Component\\Console\\Output\\ConsoleOutput))
#22 C:\\SXampp\\htdocs\\Jacwan\\affiliate\\vendor\\symfony\\console\\Application.php(166): Symfony\\Component\\Console\\Application->doRun(Object(Symfony\\Component\\Console\\Input\\ArgvInput), Object(Symfony\\Component\\Console\\Output\\ConsoleOutput))
#23 C:\\SXampp\\htdocs\\Jacwan\\affiliate\\vendor\\laravel\\framework\\src\\Illuminate\\Console\\Application.php(93): Symfony\\Component\\Console\\Application->run(Object(Symfony\\Component\\Console\\Input\\ArgvInput), Object(Symfony\\Component\\Console\\Output\\ConsoleOutput))
#24 C:\\SXampp\\htdocs\\Jacwan\\affiliate\\vendor\\laravel\\framework\\src\\Illuminate\\Foundation\\Console\\Kernel.php(129): Illuminate\\Console\\Application->run(Object(Symfony\\Component\\Console\\Input\\ArgvInput), Object(Symfony\\Component\\Console\\Output\\ConsoleOutput))
#25 C:\\SXampp\\htdocs\\Jacwan\\affiliate\\artisan(37): Illuminate\\Foundation\\Console\\Kernel->handle(Object(Symfony\\Component\\Console\\Input\\ArgvInput), Object(Symfony\\Component\\Console\\Output\\ConsoleOutput))
#26 {main}
"} 
[2022-05-11 13:02:53] local.ERROR: Unable to prepare route [clear-cache] for serialization. Uses Closure. {"exception":"[object] (LogicException(code: 0): Unable to prepare route [clear-cache] for serialization. Uses Closure. at C:\\SXampp\\htdocs\\Jacwan\\affiliate\\vendor\\laravel\\framework\\src\\Illuminate\\Routing\\Route.php:1150)
[stacktrace]
#0 C:\\SXampp\\htdocs\\Jacwan\\affiliate\\vendor\\laravel\\framework\\src\\Illuminate\\Foundation\\Console\\RouteCacheCommand.php(62): Illuminate\\Routing\\Route->prepareForSerialization()
#1 C:\\SXampp\\htdocs\\Jacwan\\affiliate\\vendor\\laravel\\framework\\src\\Illuminate\\Container\\BoundMethod.php(36): Illuminate\\Foundation\\Console\\RouteCacheCommand->handle()
#2 C:\\SXampp\\htdocs\\Jacwan\\affiliate\\vendor\\laravel\\framework\\src\\Illuminate\\Container\\Util.php(37): Illuminate\\Container\\BoundMethod::Illuminate\\Container\\{closure}()
#3 C:\\SXampp\\htdocs\\Jacwan\\affiliate\\vendor\\laravel\\framework\\src\\Illuminate\\Container\\BoundMethod.php(93): Illuminate\\Container\\Util::unwrapIfClosure(Object(Closure))
#4 C:\\SXampp\\htdocs\\Jacwan\\affiliate\\vendor\\laravel\\framework\\src\\Illuminate\\Container\\BoundMethod.php(37): Illuminate\\Container\\BoundMethod::callBoundMethod(Object(Illuminate\\Foundation\\Application), Array, Object(Closure))
#5 C:\\SXampp\\htdocs\\Jacwan\\affiliate\\vendor\\laravel\\framework\\src\\Illuminate\\Container\\Container.php(596): Illuminate\\Container\\BoundMethod::call(Object(Illuminate\\Foundation\\Application), Array, Array, NULL)
#6 C:\\SXampp\\htdocs\\Jacwan\\affiliate\\vendor\\laravel\\framework\\src\\Illuminate\\Console\\Command.php(134): Illuminate\\Container\\Container->call(Array)
#7 C:\\SXampp\\htdocs\\Jacwan\\affiliate\\vendor\\symfony\\console\\Command\\Command.php(256): Illuminate\\Console\\Command->execute(Object(Symfony\\Component\\Console\\Input\\ArrayInput), Object(Illuminate\\Console\\OutputStyle))
#8 C:\\SXampp\\htdocs\\Jacwan\\affiliate\\vendor\\laravel\\framework\\src\\Illuminate\\Console\\Command.php(121): Symfony\\Component\\Console\\Command\\Command->run(Object(Symfony\\Component\\Console\\Input\\ArrayInput), Object(Illuminate\\Console\\OutputStyle))
#9 C:\\SXampp\\htdocs\\Jacwan\\affiliate\\vendor\\laravel\\framework\\src\\Illuminate\\Console\\Concerns\\CallsCommands.php(56): Illuminate\\Console\\Command->run(Object(Symfony\\Component\\Console\\Input\\ArrayInput), Object(Illuminate\\Console\\OutputStyle))
#10 C:\\SXampp\\htdocs\\Jacwan\\affiliate\\vendor\\laravel\\framework\\src\\Illuminate\\Console\\Concerns\\CallsCommands.php(28): Illuminate\\Console\\Command->runCommand('route:cache', Array, Object(Illuminate\\Console\\OutputStyle))
#11 C:\\SXampp\\htdocs\\Jacwan\\affiliate\\vendor\\laravel\\framework\\src\\Illuminate\\Foundation\\Console\\OptimizeCommand.php(31): Illuminate\\Console\\Command->call('route:cache')
#12 C:\\SXampp\\htdocs\\Jacwan\\affiliate\\vendor\\laravel\\framework\\src\\Illuminate\\Container\\BoundMethod.php(36): Illuminate\\Foundation\\Console\\OptimizeCommand->handle()
#13 C:\\SXampp\\htdocs\\Jacwan\\affiliate\\vendor\\laravel\\framework\\src\\Illuminate\\Container\\Util.php(37): Illuminate\\Container\\BoundMethod::Illuminate\\Container\\{closure}()
#14 C:\\SXampp\\htdocs\\Jacwan\\affiliate\\vendor\\laravel\\framework\\src\\Illuminate\\Container\\BoundMethod.php(93): Illuminate\\Container\\Util::unwrapIfClosure(Object(Closure))
#15 C:\\SXampp\\htdocs\\Jacwan\\affiliate\\vendor\\laravel\\framework\\src\\Illuminate\\Container\\BoundMethod.php(37): Illuminate\\Container\\BoundMethod::callBoundMethod(Object(Illuminate\\Foundation\\Application), Array, Object(Closure))
#16 C:\\SXampp\\htdocs\\Jacwan\\affiliate\\vendor\\laravel\\framework\\src\\Illuminate\\Container\\Container.php(596): Illuminate\\Container\\BoundMethod::call(Object(Illuminate\\Foundation\\Application), Array, Array, NULL)
#17 C:\\SXampp\\htdocs\\Jacwan\\affiliate\\vendor\\laravel\\framework\\src\\Illuminate\\Console\\Command.php(134): Illuminate\\Container\\Container->call(Array)
#18 C:\\SXampp\\htdocs\\Jacwan\\affiliate\\vendor\\symfony\\console\\Command\\Command.php(256): Illuminate\\Console\\Command->execute(Object(Symfony\\Component\\Console\\Input\\ArgvInput), Object(Illuminate\\Console\\OutputStyle))
#19 C:\\SXampp\\htdocs\\Jacwan\\affiliate\\vendor\\laravel\\framework\\src\\Illuminate\\Console\\Command.php(121): Symfony\\Component\\Console\\Command\\Command->run(Object(Symfony\\Component\\Console\\Input\\ArgvInput), Object(Illuminate\\Console\\OutputStyle))
#20 C:\\SXampp\\htdocs\\Jacwan\\affiliate\\vendor\\symfony\\console\\Application.php(971): Illuminate\\Console\\Command->run(Object(Symfony\\Component\\Console\\Input\\ArgvInput), Object(Symfony\\Component\\Console\\Output\\ConsoleOutput))
#21 C:\\SXampp\\htdocs\\Jacwan\\affiliate\\vendor\\symfony\\console\\Application.php(290): Symfony\\Component\\Console\\Application->doRunCommand(Object(Illuminate\\Foundation\\Console\\OptimizeCommand), Object(Symfony\\Component\\Console\\Input\\ArgvInput), Object(Symfony\\Component\\Console\\Output\\ConsoleOutput))
#22 C:\\SXampp\\htdocs\\Jacwan\\affiliate\\vendor\\symfony\\console\\Application.php(166): Symfony\\Component\\Console\\Application->doRun(Object(Symfony\\Component\\Console\\Input\\ArgvInput), Object(Symfony\\Component\\Console\\Output\\ConsoleOutput))
#23 C:\\SXampp\\htdocs\\Jacwan\\affiliate\\vendor\\laravel\\framework\\src\\Illuminate\\Console\\Application.php(93): Symfony\\Component\\Console\\Application->run(Object(Symfony\\Component\\Console\\Input\\ArgvInput), Object(Symfony\\Component\\Console\\Output\\ConsoleOutput))
#24 C:\\SXampp\\htdocs\\Jacwan\\affiliate\\vendor\\laravel\\framework\\src\\Illuminate\\Foundation\\Console\\Kernel.php(129): Illuminate\\Console\\Application->run(Object(Symfony\\Component\\Console\\Input\\ArgvInput), Object(Symfony\\Component\\Console\\Output\\ConsoleOutput))
#25 C:\\SXampp\\htdocs\\Jacwan\\affiliate\\artisan(37): Illuminate\\Foundation\\Console\\Kernel->handle(Object(Symfony\\Component\\Console\\Input\\ArgvInput), Object(Symfony\\Component\\Console\\Output\\ConsoleOutput))
#26 {main}
"} 
[2022-05-11 19:03:49] local.ERROR: Failed to authenticate on SMTP server with username "support@sohojaffiliates.com" using 2 possible authenticators. Authenticator LOGIN returned Expected response code 235 but got code "535", with message "535 Incorrect authentication data
". Authenticator PLAIN returned Expected response code 235 but got code "535", with message "535 Incorrect authentication data
". {"exception":"[object] (Swift_TransportException(code: 0): Failed to authenticate on SMTP server with username \"support@sohojaffiliates.com\" using 2 possible authenticators. Authenticator LOGIN returned Expected response code 235 but got code \"535\", with message \"535 Incorrect authentication data
\". Authenticator PLAIN returned Expected response code 235 but got code \"535\", with message \"535 Incorrect authentication data
\". at C:\\SXampp\\htdocs\\Jacwan\\affiliate\\vendor\\swiftmailer\\swiftmailer\\lib\\classes\\Swift\\Transport\\Esmtp\\AuthHandler.php:191)
[stacktrace]
#0 C:\\SXampp\\htdocs\\Jacwan\\affiliate\\vendor\\swiftmailer\\swiftmailer\\lib\\classes\\Swift\\Transport\\EsmtpTransport.php(371): Swift_Transport_Esmtp_AuthHandler->afterEhlo(Object(Swift_SmtpTransport))
#1 C:\\SXampp\\htdocs\\Jacwan\\affiliate\\vendor\\swiftmailer\\swiftmailer\\lib\\classes\\Swift\\Transport\\AbstractSmtpTransport.php(148): Swift_Transport_EsmtpTransport->doHeloCommand()
#2 C:\\SXampp\\htdocs\\Jacwan\\affiliate\\vendor\\swiftmailer\\swiftmailer\\lib\\classes\\Swift\\Mailer.php(65): Swift_Transport_AbstractSmtpTransport->start()
#3 C:\\SXampp\\htdocs\\Jacwan\\affiliate\\vendor\\laravel\\framework\\src\\Illuminate\\Mail\\Mailer.php(521): Swift_Mailer->send(Object(Swift_Message), Array)
#4 C:\\SXampp\\htdocs\\Jacwan\\affiliate\\vendor\\laravel\\framework\\src\\Illuminate\\Mail\\Mailer.php(288): Illuminate\\Mail\\Mailer->sendSwiftMessage(Object(Swift_Message))
#5 C:\\SXampp\\htdocs\\Jacwan\\affiliate\\vendor\\laravel\\framework\\src\\Illuminate\\Mail\\MailManager.php(466): Illuminate\\Mail\\Mailer->send(NULL, Array, Object(Closure))
#6 C:\\SXampp\\htdocs\\Jacwan\\affiliate\\vendor\\laravel\\framework\\src\\Illuminate\\Support\\Facades\\Facade.php(261): Illuminate\\Mail\\MailManager->__call('send', Array)
#7 C:\\SXampp\\htdocs\\Jacwan\\affiliate\\app\\Http\\Controllers\\HomeController.php(1353): Illuminate\\Support\\Facades\\Facade::__callStatic('send', Array)
#8 C:\\SXampp\\htdocs\\Jacwan\\affiliate\\vendor\\laravel\\framework\\src\\Illuminate\\Routing\\Controller.php(54): App\\Http\\Controllers\\HomeController->email_check(Object(Illuminate\\Http\\Request))
#9 C:\\SXampp\\htdocs\\Jacwan\\affiliate\\vendor\\laravel\\framework\\src\\Illuminate\\Routing\\ControllerDispatcher.php(45): Illuminate\\Routing\\Controller->callAction('email_check', Array)
#10 C:\\SXampp\\htdocs\\Jacwan\\affiliate\\vendor\\laravel\\framework\\src\\Illuminate\\Routing\\Route.php(239): Illuminate\\Routing\\ControllerDispatcher->dispatch(Object(Illuminate\\Routing\\Route), Object(App\\Http\\Controllers\\HomeController), 'email_check')
#11 C:\\SXampp\\htdocs\\Jacwan\\affiliate\\vendor\\laravel\\framework\\src\\Illuminate\\Routing\\Route.php(196): Illuminate\\Routing\\Route->runController()
#12 C:\\SXampp\\htdocs\\Jacwan\\affiliate\\vendor\\laravel\\framework\\src\\Illuminate\\Routing\\Router.php(685): Illuminate\\Routing\\Route->run()
#13 C:\\SXampp\\htdocs\\Jacwan\\affiliate\\vendor\\laravel\\framework\\src\\Illuminate\\Pipeline\\Pipeline.php(128): Illuminate\\Routing\\Router->Illuminate\\Routing\\{closure}(Object(Illuminate\\Http\\Request))
#14 C:\\SXampp\\htdocs\\Jacwan\\affiliate\\vendor\\laravel\\framework\\src\\Illuminate\\Routing\\Middleware\\SubstituteBindings.php(41): Illuminate\\Pipeline\\Pipeline->Illuminate\\Pipeline\\{closure}(Object(Illuminate\\Http\\Request))
#15 C:\\SXampp\\htdocs\\Jacwan\\affiliate\\vendor\\laravel\\framework\\src\\Illuminate\\Pipeline\\Pipeline.php(167): Illuminate\\Routing\\Middleware\\SubstituteBindings->handle(Object(Illuminate\\Http\\Request), Object(Closure))
#16 C:\\SXampp\\htdocs\\Jacwan\\affiliate\\vendor\\laravel\\framework\\src\\Illuminate\\Foundation\\Http\\Middleware\\VerifyCsrfToken.php(78): Illuminate\\Pipeline\\Pipeline->Illuminate\\Pipeline\\{closure}(Object(Illuminate\\Http\\Request))
#17 C:\\SXampp\\htdocs\\Jacwan\\affiliate\\vendor\\laravel\\framework\\src\\Illuminate\\Pipeline\\Pipeline.php(167): Illuminate\\Foundation\\Http\\Middleware\\VerifyCsrfToken->handle(Object(Illuminate\\Http\\Request), Object(Closure))
#18 C:\\SXampp\\htdocs\\Jacwan\\affiliate\\vendor\\laravel\\framework\\src\\Illuminate\\View\\Middleware\\ShareErrorsFromSession.php(49): Illuminate\\Pipeline\\Pipeline->Illuminate\\Pipeline\\{closure}(Object(Illuminate\\Http\\Request))
#19 C:\\SXampp\\htdocs\\Jacwan\\affiliate\\vendor\\laravel\\framework\\src\\Illuminate\\Pipeline\\Pipeline.php(167): Illuminate\\View\\Middleware\\ShareErrorsFromSession->handle(Object(Illuminate\\Http\\Request), Object(Closure))
#20 C:\\SXampp\\htdocs\\Jacwan\\affiliate\\vendor\\laravel\\framework\\src\\Illuminate\\Session\\Middleware\\StartSession.php(116): Illuminate\\Pipeline\\Pipeline->Illuminate\\Pipeline\\{closure}(Object(Illuminate\\Http\\Request))
#21 C:\\SXampp\\htdocs\\Jacwan\\affiliate\\vendor\\laravel\\framework\\src\\Illuminate\\Session\\Middleware\\StartSession.php(62): Illuminate\\Session\\Middleware\\StartSession->handleStatefulRequest(Object(Illuminate\\Http\\Request), Object(Illuminate\\Session\\Store), Object(Closure))
#22 C:\\SXampp\\htdocs\\Jacwan\\affiliate\\vendor\\laravel\\framework\\src\\Illuminate\\Pipeline\\Pipeline.php(167): Illuminate\\Session\\Middleware\\StartSession->handle(Object(Illuminate\\Http\\Request), Object(Closure))
#23 C:\\SXampp\\htdocs\\Jacwan\\affiliate\\vendor\\laravel\\framework\\src\\Illuminate\\Cookie\\Middleware\\AddQueuedCookiesToResponse.php(37): Illuminate\\Pipeline\\Pipeline->Illuminate\\Pipeline\\{closure}(Object(Illuminate\\Http\\Request))
#24 C:\\SXampp\\htdocs\\Jacwan\\affiliate\\vendor\\laravel\\framework\\src\\Illuminate\\Pipeline\\Pipeline.php(167): Illuminate\\Cookie\\Middleware\\AddQueuedCookiesToResponse->handle(Object(Illuminate\\Http\\Request), Object(Closure))
#25 C:\\SXampp\\htdocs\\Jacwan\\affiliate\\vendor\\laravel\\framework\\src\\Illuminate\\Cookie\\Middleware\\EncryptCookies.php(67): Illuminate\\Pipeline\\Pipeline->Illuminate\\Pipeline\\{closure}(Object(Illuminate\\Http\\Request))
#26 C:\\SXampp\\htdocs\\Jacwan\\affiliate\\vendor\\laravel\\framework\\src\\Illuminate\\Pipeline\\Pipeline.php(167): Illuminate\\Cookie\\Middleware\\EncryptCookies->handle(Object(Illuminate\\Http\\Request), Object(Closure))
#27 C:\\SXampp\\htdocs\\Jacwan\\affiliate\\vendor\\laravel\\framework\\src\\Illuminate\\Pipeline\\Pipeline.php(103): Illuminate\\Pipeline\\Pipeline->Illuminate\\Pipeline\\{closure}(Object(Illuminate\\Http\\Request))
#28 C:\\SXampp\\htdocs\\Jacwan\\affiliate\\vendor\\laravel\\framework\\src\\Illuminate\\Routing\\Router.php(687): Illuminate\\Pipeline\\Pipeline->then(Object(Closure))
#29 C:\\SXampp\\htdocs\\Jacwan\\affiliate\\vendor\\laravel\\framework\\src\\Illuminate\\Routing\\Router.php(662): Illuminate\\Routing\\Router->runRouteWithinStack(Object(Illuminate\\Routing\\Route), Object(Illuminate\\Http\\Request))
#30 C:\\SXampp\\htdocs\\Jacwan\\affiliate\\vendor\\laravel\\framework\\src\\Illuminate\\Routing\\Router.php(628): Illuminate\\Routing\\Router->runRoute(Object(Illuminate\\Http\\Request), Object(Illuminate\\Routing\\Route))
#31 C:\\SXampp\\htdocs\\Jacwan\\affiliate\\vendor\\laravel\\framework\\src\\Illuminate\\Routing\\Router.php(617): Illuminate\\Routing\\Router->dispatchToRoute(Object(Illuminate\\Http\\Request))
#32 C:\\SXampp\\htdocs\\Jacwan\\affiliate\\vendor\\laravel\\framework\\src\\Illuminate\\Foundation\\Http\\Kernel.php(165): Illuminate\\Routing\\Router->dispatch(Object(Illuminate\\Http\\Request))
#33 C:\\SXampp\\htdocs\\Jacwan\\affiliate\\vendor\\laravel\\framework\\src\\Illuminate\\Pipeline\\Pipeline.php(128): Illuminate\\Foundation\\Http\\Kernel->Illuminate\\Foundation\\Http\\{closure}(Object(Illuminate\\Http\\Request))
#34 C:\\SXampp\\htdocs\\Jacwan\\affiliate\\vendor\\laravel\\framework\\src\\Illuminate\\Foundation\\Http\\Middleware\\TransformsRequest.php(21): Illuminate\\Pipeline\\Pipeline->Illuminate\\Pipeline\\{closure}(Object(Illuminate\\Http\\Request))
#35 C:\\SXampp\\htdocs\\Jacwan\\affiliate\\vendor\\laravel\\framework\\src\\Illuminate\\Pipeline\\Pipeline.php(167): Illuminate\\Foundation\\Http\\Middleware\\TransformsRequest->handle(Object(Illuminate\\Http\\Request), Object(Closure))
#36 C:\\SXampp\\htdocs\\Jacwan\\affiliate\\vendor\\laravel\\framework\\src\\Illuminate\\Foundation\\Http\\Middleware\\TransformsRequest.php(21): Illuminate\\Pipeline\\Pipeline->Illuminate\\Pipeline\\{closure}(Object(Illuminate\\Http\\Request))
#37 C:\\SXampp\\htdocs\\Jacwan\\affiliate\\vendor\\laravel\\framework\\src\\Illuminate\\Pipeline\\Pipeline.php(167): Illuminate\\Foundation\\Http\\Middleware\\TransformsRequest->handle(Object(Illuminate\\Http\\Request), Object(Closure))
#38 C:\\SXampp\\htdocs\\Jacwan\\affiliate\\vendor\\laravel\\framework\\src\\Illuminate\\Foundation\\Http\\Middleware\\ValidatePostSize.php(27): Illuminate\\Pipeline\\Pipeline->Illuminate\\Pipeline\\{closure}(Object(Illuminate\\Http\\Request))
#39 C:\\SXampp\\htdocs\\Jacwan\\affiliate\\vendor\\laravel\\framework\\src\\Illuminate\\Pipeline\\Pipeline.php(167): Illuminate\\Foundation\\Http\\Middleware\\ValidatePostSize->handle(Object(Illuminate\\Http\\Request), Object(Closure))
#40 C:\\SXampp\\htdocs\\Jacwan\\affiliate\\vendor\\laravel\\framework\\src\\Illuminate\\Foundation\\Http\\Middleware\\CheckForMaintenanceMode.php(63): Illuminate\\Pipeline\\Pipeline->Illuminate\\Pipeline\\{closure}(Object(Illuminate\\Http\\Request))
#41 C:\\SXampp\\htdocs\\Jacwan\\affiliate\\vendor\\laravel\\framework\\src\\Illuminate\\Pipeline\\Pipeline.php(167): Illuminate\\Foundation\\Http\\Middleware\\CheckForMaintenanceMode->handle(Object(Illuminate\\Http\\Request), Object(Closure))
#42 C:\\SXampp\\htdocs\\Jacwan\\affiliate\\vendor\\fruitcake\\laravel-cors\\src\\HandleCors.php(37): Illuminate\\Pipeline\\Pipeline->Illuminate\\Pipeline\\{closure}(Object(Illuminate\\Http\\Request))
#43 C:\\SXampp\\htdocs\\Jacwan\\affiliate\\vendor\\laravel\\framework\\src\\Illuminate\\Pipeline\\Pipeline.php(167): Fruitcake\\Cors\\HandleCors->handle(Object(Illuminate\\Http\\Request), Object(Closure))
#44 C:\\SXampp\\htdocs\\Jacwan\\affiliate\\vendor\\fideloper\\proxy\\src\\TrustProxies.php(57): Illuminate\\Pipeline\\Pipeline->Illuminate\\Pipeline\\{closure}(Object(Illuminate\\Http\\Request))
#45 C:\\SXampp\\htdocs\\Jacwan\\affiliate\\vendor\\laravel\\framework\\src\\Illuminate\\Pipeline\\Pipeline.php(167): Fideloper\\Proxy\\TrustProxies->handle(Object(Illuminate\\Http\\Request), Object(Closure))
#46 C:\\SXampp\\htdocs\\Jacwan\\affiliate\\vendor\\laravel\\framework\\src\\Illuminate\\Pipeline\\Pipeline.php(103): Illuminate\\Pipeline\\Pipeline->Illuminate\\Pipeline\\{closure}(Object(Illuminate\\Http\\Request))
#47 C:\\SXampp\\htdocs\\Jacwan\\affiliate\\vendor\\laravel\\framework\\src\\Illuminate\\Foundation\\Http\\Kernel.php(140): Illuminate\\Pipeline\\Pipeline->then(Object(Closure))
#48 C:\\SXampp\\htdocs\\Jacwan\\affiliate\\vendor\\laravel\\framework\\src\\Illuminate\\Foundation\\Http\\Kernel.php(109): Illuminate\\Foundation\\Http\\Kernel->sendRequestThroughRouter(Object(Illuminate\\Http\\Request))
#49 C:\\SXampp\\htdocs\\Jacwan\\affiliate\\index.php(55): Illuminate\\Foundation\\Http\\Kernel->handle(Object(Illuminate\\Http\\Request))
#50 {main}
"} 
[2022-05-11 19:04:00] local.ERROR: Failed to authenticate on SMTP server with username "support@sohojaffiliates.com" using 2 possible authenticators. Authenticator LOGIN returned Expected response code 235 but got code "535", with message "535 Incorrect authentication data
". Authenticator PLAIN returned Expected response code 235 but got code "535", with message "535 Incorrect authentication data
". {"exception":"[object] (Swift_TransportException(code: 0): Failed to authenticate on SMTP server with username \"support@sohojaffiliates.com\" using 2 possible authenticators. Authenticator LOGIN returned Expected response code 235 but got code \"535\", with message \"535 Incorrect authentication data
\". Authenticator PLAIN returned Expected response code 235 but got code \"535\", with message \"535 Incorrect authentication data
\". at C:\\SXampp\\htdocs\\Jacwan\\affiliate\\vendor\\swiftmailer\\swiftmailer\\lib\\classes\\Swift\\Transport\\Esmtp\\AuthHandler.php:191)
[stacktrace]
#0 C:\\SXampp\\htdocs\\Jacwan\\affiliate\\vendor\\swiftmailer\\swiftmailer\\lib\\classes\\Swift\\Transport\\EsmtpTransport.php(371): Swift_Transport_Esmtp_AuthHandler->afterEhlo(Object(Swift_SmtpTransport))
#1 C:\\SXampp\\htdocs\\Jacwan\\affiliate\\vendor\\swiftmailer\\swiftmailer\\lib\\classes\\Swift\\Transport\\AbstractSmtpTransport.php(148): Swift_Transport_EsmtpTransport->doHeloCommand()
#2 C:\\SXampp\\htdocs\\Jacwan\\affiliate\\vendor\\swiftmailer\\swiftmailer\\lib\\classes\\Swift\\Mailer.php(65): Swift_Transport_AbstractSmtpTransport->start()
#3 C:\\SXampp\\htdocs\\Jacwan\\affiliate\\vendor\\laravel\\framework\\src\\Illuminate\\Mail\\Mailer.php(521): Swift_Mailer->send(Object(Swift_Message), Array)
#4 C:\\SXampp\\htdocs\\Jacwan\\affiliate\\vendor\\laravel\\framework\\src\\Illuminate\\Mail\\Mailer.php(288): Illuminate\\Mail\\Mailer->sendSwiftMessage(Object(Swift_Message))
#5 C:\\SXampp\\htdocs\\Jacwan\\affiliate\\vendor\\laravel\\framework\\src\\Illuminate\\Mail\\MailManager.php(466): Illuminate\\Mail\\Mailer->send(NULL, Array, Object(Closure))
#6 C:\\SXampp\\htdocs\\Jacwan\\affiliate\\vendor\\laravel\\framework\\src\\Illuminate\\Support\\Facades\\Facade.php(261): Illuminate\\Mail\\MailManager->__call('send', Array)
#7 C:\\SXampp\\htdocs\\Jacwan\\affiliate\\app\\Http\\Controllers\\HomeController.php(1353): Illuminate\\Support\\Facades\\Facade::__callStatic('send', Array)
#8 C:\\SXampp\\htdocs\\Jacwan\\affiliate\\vendor\\laravel\\framework\\src\\Illuminate\\Routing\\Controller.php(54): App\\Http\\Controllers\\HomeController->email_check(Object(Illuminate\\Http\\Request))
#9 C:\\SXampp\\htdocs\\Jacwan\\affiliate\\vendor\\laravel\\framework\\src\\Illuminate\\Routing\\ControllerDispatcher.php(45): Illuminate\\Routing\\Controller->callAction('email_check', Array)
#10 C:\\SXampp\\htdocs\\Jacwan\\affiliate\\vendor\\laravel\\framework\\src\\Illuminate\\Routing\\Route.php(239): Illuminate\\Routing\\ControllerDispatcher->dispatch(Object(Illuminate\\Routing\\Route), Object(App\\Http\\Controllers\\HomeController), 'email_check')
#11 C:\\SXampp\\htdocs\\Jacwan\\affiliate\\vendor\\laravel\\framework\\src\\Illuminate\\Routing\\Route.php(196): Illuminate\\Routing\\Route->runController()
#12 C:\\SXampp\\htdocs\\Jacwan\\affiliate\\vendor\\laravel\\framework\\src\\Illuminate\\Routing\\Router.php(685): Illuminate\\Routing\\Route->run()
#13 C:\\SXampp\\htdocs\\Jacwan\\affiliate\\vendor\\laravel\\framework\\src\\Illuminate\\Pipeline\\Pipeline.php(128): Illuminate\\Routing\\Router->Illuminate\\Routing\\{closure}(Object(Illuminate\\Http\\Request))
#14 C:\\SXampp\\htdocs\\Jacwan\\affiliate\\vendor\\laravel\\framework\\src\\Illuminate\\Routing\\Middleware\\SubstituteBindings.php(41): Illuminate\\Pipeline\\Pipeline->Illuminate\\Pipeline\\{closure}(Object(Illuminate\\Http\\Request))
#15 C:\\SXampp\\htdocs\\Jacwan\\affiliate\\vendor\\laravel\\framework\\src\\Illuminate\\Pipeline\\Pipeline.php(167): Illuminate\\Routing\\Middleware\\SubstituteBindings->handle(Object(Illuminate\\Http\\Request), Object(Closure))
#16 C:\\SXampp\\htdocs\\Jacwan\\affiliate\\vendor\\laravel\\framework\\src\\Illuminate\\Foundation\\Http\\Middleware\\VerifyCsrfToken.php(78): Illuminate\\Pipeline\\Pipeline->Illuminate\\Pipeline\\{closure}(Object(Illuminate\\Http\\Request))
#17 C:\\SXampp\\htdocs\\Jacwan\\affiliate\\vendor\\laravel\\framework\\src\\Illuminate\\Pipeline\\Pipeline.php(167): Illuminate\\Foundation\\Http\\Middleware\\VerifyCsrfToken->handle(Object(Illuminate\\Http\\Request), Object(Closure))
#18 C:\\SXampp\\htdocs\\Jacwan\\affiliate\\vendor\\laravel\\framework\\src\\Illuminate\\View\\Middleware\\ShareErrorsFromSession.php(49): Illuminate\\Pipeline\\Pipeline->Illuminate\\Pipeline\\{closure}(Object(Illuminate\\Http\\Request))
#19 C:\\SXampp\\htdocs\\Jacwan\\affiliate\\vendor\\laravel\\framework\\src\\Illuminate\\Pipeline\\Pipeline.php(167): Illuminate\\View\\Middleware\\ShareErrorsFromSession->handle(Object(Illuminate\\Http\\Request), Object(Closure))
#20 C:\\SXampp\\htdocs\\Jacwan\\affiliate\\vendor\\laravel\\framework\\src\\Illuminate\\Session\\Middleware\\StartSession.php(116): Illuminate\\Pipeline\\Pipeline->Illuminate\\Pipeline\\{closure}(Object(Illuminate\\Http\\Request))
#21 C:\\SXampp\\htdocs\\Jacwan\\affiliate\\vendor\\laravel\\framework\\src\\Illuminate\\Session\\Middleware\\StartSession.php(62): Illuminate\\Session\\Middleware\\StartSession->handleStatefulRequest(Object(Illuminate\\Http\\Request), Object(Illuminate\\Session\\Store), Object(Closure))
#22 C:\\SXampp\\htdocs\\Jacwan\\affiliate\\vendor\\laravel\\framework\\src\\Illuminate\\Pipeline\\Pipeline.php(167): Illuminate\\Session\\Middleware\\StartSession->handle(Object(Illuminate\\Http\\Request), Object(Closure))
#23 C:\\SXampp\\htdocs\\Jacwan\\affiliate\\vendor\\laravel\\framework\\src\\Illuminate\\Cookie\\Middleware\\AddQueuedCookiesToResponse.php(37): Illuminate\\Pipeline\\Pipeline->Illuminate\\Pipeline\\{closure}(Object(Illuminate\\Http\\Request))
#24 C:\\SXampp\\htdocs\\Jacwan\\affiliate\\vendor\\laravel\\framework\\src\\Illuminate\\Pipeline\\Pipeline.php(167): Illuminate\\Cookie\\Middleware\\AddQueuedCookiesToResponse->handle(Object(Illuminate\\Http\\Request), Object(Closure))
#25 C:\\SXampp\\htdocs\\Jacwan\\affiliate\\vendor\\laravel\\framework\\src\\Illuminate\\Cookie\\Middleware\\EncryptCookies.php(67): Illuminate\\Pipeline\\Pipeline->Illuminate\\Pipeline\\{closure}(Object(Illuminate\\Http\\Request))
#26 C:\\SXampp\\htdocs\\Jacwan\\affiliate\\vendor\\laravel\\framework\\src\\Illuminate\\Pipeline\\Pipeline.php(167): Illuminate\\Cookie\\Middleware\\EncryptCookies->handle(Object(Illuminate\\Http\\Request), Object(Closure))
#27 C:\\SXampp\\htdocs\\Jacwan\\affiliate\\vendor\\laravel\\framework\\src\\Illuminate\\Pipeline\\Pipeline.php(103): Illuminate\\Pipeline\\Pipeline->Illuminate\\Pipeline\\{closure}(Object(Illuminate\\Http\\Request))
#28 C:\\SXampp\\htdocs\\Jacwan\\affiliate\\vendor\\laravel\\framework\\src\\Illuminate\\Routing\\Router.php(687): Illuminate\\Pipeline\\Pipeline->then(Object(Closure))
#29 C:\\SXampp\\htdocs\\Jacwan\\affiliate\\vendor\\laravel\\framework\\src\\Illuminate\\Routing\\Router.php(662): Illuminate\\Routing\\Router->runRouteWithinStack(Object(Illuminate\\Routing\\Route), Object(Illuminate\\Http\\Request))
#30 C:\\SXampp\\htdocs\\Jacwan\\affiliate\\vendor\\laravel\\framework\\src\\Illuminate\\Routing\\Router.php(628): Illuminate\\Routing\\Router->runRoute(Object(Illuminate\\Http\\Request), Object(Illuminate\\Routing\\Route))
#31 C:\\SXampp\\htdocs\\Jacwan\\affiliate\\vendor\\laravel\\framework\\src\\Illuminate\\Routing\\Router.php(617): Illuminate\\Routing\\Router->dispatchToRoute(Object(Illuminate\\Http\\Request))
#32 C:\\SXampp\\htdocs\\Jacwan\\affiliate\\vendor\\laravel\\framework\\src\\Illuminate\\Foundation\\Http\\Kernel.php(165): Illuminate\\Routing\\Router->dispatch(Object(Illuminate\\Http\\Request))
#33 C:\\SXampp\\htdocs\\Jacwan\\affiliate\\vendor\\laravel\\framework\\src\\Illuminate\\Pipeline\\Pipeline.php(128): Illuminate\\Foundation\\Http\\Kernel->Illuminate\\Foundation\\Http\\{closure}(Object(Illuminate\\Http\\Request))
#34 C:\\SXampp\\htdocs\\Jacwan\\affiliate\\vendor\\laravel\\framework\\src\\Illuminate\\Foundation\\Http\\Middleware\\TransformsRequest.php(21): Illuminate\\Pipeline\\Pipeline->Illuminate\\Pipeline\\{closure}(Object(Illuminate\\Http\\Request))
#35 C:\\SXampp\\htdocs\\Jacwan\\affiliate\\vendor\\laravel\\framework\\src\\Illuminate\\Pipeline\\Pipeline.php(167): Illuminate\\Foundation\\Http\\Middleware\\TransformsRequest->handle(Object(Illuminate\\Http\\Request), Object(Closure))
#36 C:\\SXampp\\htdocs\\Jacwan\\affiliate\\vendor\\laravel\\framework\\src\\Illuminate\\Foundation\\Http\\Middleware\\TransformsRequest.php(21): Illuminate\\Pipeline\\Pipeline->Illuminate\\Pipeline\\{closure}(Object(Illuminate\\Http\\Request))
#37 C:\\SXampp\\htdocs\\Jacwan\\affiliate\\vendor\\laravel\\framework\\src\\Illuminate\\Pipeline\\Pipeline.php(167): Illuminate\\Foundation\\Http\\Middleware\\TransformsRequest->handle(Object(Illuminate\\Http\\Request), Object(Closure))
#38 C:\\SXampp\\htdocs\\Jacwan\\affiliate\\vendor\\laravel\\framework\\src\\Illuminate\\Foundation\\Http\\Middleware\\ValidatePostSize.php(27): Illuminate\\Pipeline\\Pipeline->Illuminate\\Pipeline\\{closure}(Object(Illuminate\\Http\\Request))
#39 C:\\SXampp\\htdocs\\Jacwan\\affiliate\\vendor\\laravel\\framework\\src\\Illuminate\\Pipeline\\Pipeline.php(167): Illuminate\\Foundation\\Http\\Middleware\\ValidatePostSize->handle(Object(Illuminate\\Http\\Request), Object(Closure))
#40 C:\\SXampp\\htdocs\\Jacwan\\affiliate\\vendor\\laravel\\framework\\src\\Illuminate\\Foundation\\Http\\Middleware\\CheckForMaintenanceMode.php(63): Illuminate\\Pipeline\\Pipeline->Illuminate\\Pipeline\\{closure}(Object(Illuminate\\Http\\Request))
#41 C:\\SXampp\\htdocs\\Jacwan\\affiliate\\vendor\\laravel\\framework\\src\\Illuminate\\Pipeline\\Pipeline.php(167): Illuminate\\Foundation\\Http\\Middleware\\CheckForMaintenanceMode->handle(Object(Illuminate\\Http\\Request), Object(Closure))
#42 C:\\SXampp\\htdocs\\Jacwan\\affiliate\\vendor\\fruitcake\\laravel-cors\\src\\HandleCors.php(37): Illuminate\\Pipeline\\Pipeline->Illuminate\\Pipeline\\{closure}(Object(Illuminate\\Http\\Request))
#43 C:\\SXampp\\htdocs\\Jacwan\\affiliate\\vendor\\laravel\\framework\\src\\Illuminate\\Pipeline\\Pipeline.php(167): Fruitcake\\Cors\\HandleCors->handle(Object(Illuminate\\Http\\Request), Object(Closure))
#44 C:\\SXampp\\htdocs\\Jacwan\\affiliate\\vendor\\fideloper\\proxy\\src\\TrustProxies.php(57): Illuminate\\Pipeline\\Pipeline->Illuminate\\Pipeline\\{closure}(Object(Illuminate\\Http\\Request))
#45 C:\\SXampp\\htdocs\\Jacwan\\affiliate\\vendor\\laravel\\framework\\src\\Illuminate\\Pipeline\\Pipeline.php(167): Fideloper\\Proxy\\TrustProxies->handle(Object(Illuminate\\Http\\Request), Object(Closure))
#46 C:\\SXampp\\htdocs\\Jacwan\\affiliate\\vendor\\laravel\\framework\\src\\Illuminate\\Pipeline\\Pipeline.php(103): Illuminate\\Pipeline\\Pipeline->Illuminate\\Pipeline\\{closure}(Object(Illuminate\\Http\\Request))
#47 C:\\SXampp\\htdocs\\Jacwan\\affiliate\\vendor\\laravel\\framework\\src\\Illuminate\\Foundation\\Http\\Kernel.php(140): Illuminate\\Pipeline\\Pipeline->then(Object(Closure))
#48 C:\\SXampp\\htdocs\\Jacwan\\affiliate\\vendor\\laravel\\framework\\src\\Illuminate\\Foundation\\Http\\Kernel.php(109): Illuminate\\Foundation\\Http\\Kernel->sendRequestThroughRouter(Object(Illuminate\\Http\\Request))
#49 C:\\SXampp\\htdocs\\Jacwan\\affiliate\\index.php(55): Illuminate\\Foundation\\Http\\Kernel->handle(Object(Illuminate\\Http\\Request))
#50 {main}
"} 
[2022-05-11 19:04:01] local.ERROR: Failed to authenticate on SMTP server with username "support@sohojaffiliates.com" using 2 possible authenticators. Authenticator LOGIN returned Expected response code 235 but got code "535", with message "535 Incorrect authentication data
". Authenticator PLAIN returned Expected response code 235 but got code "535", with message "535 Incorrect authentication data
". {"exception":"[object] (Swift_TransportException(code: 0): Failed to authenticate on SMTP server with username \"support@sohojaffiliates.com\" using 2 possible authenticators. Authenticator LOGIN returned Expected response code 235 but got code \"535\", with message \"535 Incorrect authentication data
\". Authenticator PLAIN returned Expected response code 235 but got code \"535\", with message \"535 Incorrect authentication data
\". at C:\\SXampp\\htdocs\\Jacwan\\affiliate\\vendor\\swiftmailer\\swiftmailer\\lib\\classes\\Swift\\Transport\\Esmtp\\AuthHandler.php:191)
[stacktrace]
#0 C:\\SXampp\\htdocs\\Jacwan\\affiliate\\vendor\\swiftmailer\\swiftmailer\\lib\\classes\\Swift\\Transport\\EsmtpTransport.php(371): Swift_Transport_Esmtp_AuthHandler->afterEhlo(Object(Swift_SmtpTransport))
#1 C:\\SXampp\\htdocs\\Jacwan\\affiliate\\vendor\\swiftmailer\\swiftmailer\\lib\\classes\\Swift\\Transport\\AbstractSmtpTransport.php(148): Swift_Transport_EsmtpTransport->doHeloCommand()
#2 C:\\SXampp\\htdocs\\Jacwan\\affiliate\\vendor\\swiftmailer\\swiftmailer\\lib\\classes\\Swift\\Mailer.php(65): Swift_Transport_AbstractSmtpTransport->start()
#3 C:\\SXampp\\htdocs\\Jacwan\\affiliate\\vendor\\laravel\\framework\\src\\Illuminate\\Mail\\Mailer.php(521): Swift_Mailer->send(Object(Swift_Message), Array)
#4 C:\\SXampp\\htdocs\\Jacwan\\affiliate\\vendor\\laravel\\framework\\src\\Illuminate\\Mail\\Mailer.php(288): Illuminate\\Mail\\Mailer->sendSwiftMessage(Object(Swift_Message))
#5 C:\\SXampp\\htdocs\\Jacwan\\affiliate\\vendor\\laravel\\framework\\src\\Illuminate\\Mail\\MailManager.php(466): Illuminate\\Mail\\Mailer->send(NULL, Array, Object(Closure))
#6 C:\\SXampp\\htdocs\\Jacwan\\affiliate\\vendor\\laravel\\framework\\src\\Illuminate\\Support\\Facades\\Facade.php(261): Illuminate\\Mail\\MailManager->__call('send', Array)
#7 C:\\SXampp\\htdocs\\Jacwan\\affiliate\\app\\Http\\Controllers\\HomeController.php(1353): Illuminate\\Support\\Facades\\Facade::__callStatic('send', Array)
#8 C:\\SXampp\\htdocs\\Jacwan\\affiliate\\vendor\\laravel\\framework\\src\\Illuminate\\Routing\\Controller.php(54): App\\Http\\Controllers\\HomeController->email_check(Object(Illuminate\\Http\\Request))
#9 C:\\SXampp\\htdocs\\Jacwan\\affiliate\\vendor\\laravel\\framework\\src\\Illuminate\\Routing\\ControllerDispatcher.php(45): Illuminate\\Routing\\Controller->callAction('email_check', Array)
#10 C:\\SXampp\\htdocs\\Jacwan\\affiliate\\vendor\\laravel\\framework\\src\\Illuminate\\Routing\\Route.php(239): Illuminate\\Routing\\ControllerDispatcher->dispatch(Object(Illuminate\\Routing\\Route), Object(App\\Http\\Controllers\\HomeController), 'email_check')
#11 C:\\SXampp\\htdocs\\Jacwan\\affiliate\\vendor\\laravel\\framework\\src\\Illuminate\\Routing\\Route.php(196): Illuminate\\Routing\\Route->runController()
#12 C:\\SXampp\\htdocs\\Jacwan\\affiliate\\vendor\\laravel\\framework\\src\\Illuminate\\Routing\\Router.php(685): Illuminate\\Routing\\Route->run()
#13 C:\\SXampp\\htdocs\\Jacwan\\affiliate\\vendor\\laravel\\framework\\src\\Illuminate\\Pipeline\\Pipeline.php(128): Illuminate\\Routing\\Router->Illuminate\\Routing\\{closure}(Object(Illuminate\\Http\\Request))
#14 C:\\SXampp\\htdocs\\Jacwan\\affiliate\\vendor\\laravel\\framework\\src\\Illuminate\\Routing\\Middleware\\SubstituteBindings.php(41): Illuminate\\Pipeline\\Pipeline->Illuminate\\Pipeline\\{closure}(Object(Illuminate\\Http\\Request))
#15 C:\\SXampp\\htdocs\\Jacwan\\affiliate\\vendor\\laravel\\framework\\src\\Illuminate\\Pipeline\\Pipeline.php(167): Illuminate\\Routing\\Middleware\\SubstituteBindings->handle(Object(Illuminate\\Http\\Request), Object(Closure))
#16 C:\\SXampp\\htdocs\\Jacwan\\affiliate\\vendor\\laravel\\framework\\src\\Illuminate\\Foundation\\Http\\Middleware\\VerifyCsrfToken.php(78): Illuminate\\Pipeline\\Pipeline->Illuminate\\Pipeline\\{closure}(Object(Illuminate\\Http\\Request))
#17 C:\\SXampp\\htdocs\\Jacwan\\affiliate\\vendor\\laravel\\framework\\src\\Illuminate\\Pipeline\\Pipeline.php(167): Illuminate\\Foundation\\Http\\Middleware\\VerifyCsrfToken->handle(Object(Illuminate\\Http\\Request), Object(Closure))
#18 C:\\SXampp\\htdocs\\Jacwan\\affiliate\\vendor\\laravel\\framework\\src\\Illuminate\\View\\Middleware\\ShareErrorsFromSession.php(49): Illuminate\\Pipeline\\Pipeline->Illuminate\\Pipeline\\{closure}(Object(Illuminate\\Http\\Request))
#19 C:\\SXampp\\htdocs\\Jacwan\\affiliate\\vendor\\laravel\\framework\\src\\Illuminate\\Pipeline\\Pipeline.php(167): Illuminate\\View\\Middleware\\ShareErrorsFromSession->handle(Object(Illuminate\\Http\\Request), Object(Closure))
#20 C:\\SXampp\\htdocs\\Jacwan\\affiliate\\vendor\\laravel\\framework\\src\\Illuminate\\Session\\Middleware\\StartSession.php(116): Illuminate\\Pipeline\\Pipeline->Illuminate\\Pipeline\\{closure}(Object(Illuminate\\Http\\Request))
#21 C:\\SXampp\\htdocs\\Jacwan\\affiliate\\vendor\\laravel\\framework\\src\\Illuminate\\Session\\Middleware\\StartSession.php(62): Illuminate\\Session\\Middleware\\StartSession->handleStatefulRequest(Object(Illuminate\\Http\\Request), Object(Illuminate\\Session\\Store), Object(Closure))
#22 C:\\SXampp\\htdocs\\Jacwan\\affiliate\\vendor\\laravel\\framework\\src\\Illuminate\\Pipeline\\Pipeline.php(167): Illuminate\\Session\\Middleware\\StartSession->handle(Object(Illuminate\\Http\\Request), Object(Closure))
#23 C:\\SXampp\\htdocs\\Jacwan\\affiliate\\vendor\\laravel\\framework\\src\\Illuminate\\Cookie\\Middleware\\AddQueuedCookiesToResponse.php(37): Illuminate\\Pipeline\\Pipeline->Illuminate\\Pipeline\\{closure}(Object(Illuminate\\Http\\Request))
#24 C:\\SXampp\\htdocs\\Jacwan\\affiliate\\vendor\\laravel\\framework\\src\\Illuminate\\Pipeline\\Pipeline.php(167): Illuminate\\Cookie\\Middleware\\AddQueuedCookiesToResponse->handle(Object(Illuminate\\Http\\Request), Object(Closure))
#25 C:\\SXampp\\htdocs\\Jacwan\\affiliate\\vendor\\laravel\\framework\\src\\Illuminate\\Cookie\\Middleware\\EncryptCookies.php(67): Illuminate\\Pipeline\\Pipeline->Illuminate\\Pipeline\\{closure}(Object(Illuminate\\Http\\Request))
#26 C:\\SXampp\\htdocs\\Jacwan\\affiliate\\vendor\\laravel\\framework\\src\\Illuminate\\Pipeline\\Pipeline.php(167): Illuminate\\Cookie\\Middleware\\EncryptCookies->handle(Object(Illuminate\\Http\\Request), Object(Closure))
#27 C:\\SXampp\\htdocs\\Jacwan\\affiliate\\vendor\\laravel\\framework\\src\\Illuminate\\Pipeline\\Pipeline.php(103): Illuminate\\Pipeline\\Pipeline->Illuminate\\Pipeline\\{closure}(Object(Illuminate\\Http\\Request))
#28 C:\\SXampp\\htdocs\\Jacwan\\affiliate\\vendor\\laravel\\framework\\src\\Illuminate\\Routing\\Router.php(687): Illuminate\\Pipeline\\Pipeline->then(Object(Closure))
#29 C:\\SXampp\\htdocs\\Jacwan\\affiliate\\vendor\\laravel\\framework\\src\\Illuminate\\Routing\\Router.php(662): Illuminate\\Routing\\Router->runRouteWithinStack(Object(Illuminate\\Routing\\Route), Object(Illuminate\\Http\\Request))
#30 C:\\SXampp\\htdocs\\Jacwan\\affiliate\\vendor\\laravel\\framework\\src\\Illuminate\\Routing\\Router.php(628): Illuminate\\Routing\\Router->runRoute(Object(Illuminate\\Http\\Request), Object(Illuminate\\Routing\\Route))
#31 C:\\SXampp\\htdocs\\Jacwan\\affiliate\\vendor\\laravel\\framework\\src\\Illuminate\\Routing\\Router.php(617): Illuminate\\Routing\\Router->dispatchToRoute(Object(Illuminate\\Http\\Request))
#32 C:\\SXampp\\htdocs\\Jacwan\\affiliate\\vendor\\laravel\\framework\\src\\Illuminate\\Foundation\\Http\\Kernel.php(165): Illuminate\\Routing\\Router->dispatch(Object(Illuminate\\Http\\Request))
#33 C:\\SXampp\\htdocs\\Jacwan\\affiliate\\vendor\\laravel\\framework\\src\\Illuminate\\Pipeline\\Pipeline.php(128): Illuminate\\Foundation\\Http\\Kernel->Illuminate\\Foundation\\Http\\{closure}(Object(Illuminate\\Http\\Request))
#34 C:\\SXampp\\htdocs\\Jacwan\\affiliate\\vendor\\laravel\\framework\\src\\Illuminate\\Foundation\\Http\\Middleware\\TransformsRequest.php(21): Illuminate\\Pipeline\\Pipeline->Illuminate\\Pipeline\\{closure}(Object(Illuminate\\Http\\Request))
#35 C:\\SXampp\\htdocs\\Jacwan\\affiliate\\vendor\\laravel\\framework\\src\\Illuminate\\Pipeline\\Pipeline.php(167): Illuminate\\Foundation\\Http\\Middleware\\TransformsRequest->handle(Object(Illuminate\\Http\\Request), Object(Closure))
#36 C:\\SXampp\\htdocs\\Jacwan\\affiliate\\vendor\\laravel\\framework\\src\\Illuminate\\Foundation\\Http\\Middleware\\TransformsRequest.php(21): Illuminate\\Pipeline\\Pipeline->Illuminate\\Pipeline\\{closure}(Object(Illuminate\\Http\\Request))
#37 C:\\SXampp\\htdocs\\Jacwan\\affiliate\\vendor\\laravel\\framework\\src\\Illuminate\\Pipeline\\Pipeline.php(167): Illuminate\\Foundation\\Http\\Middleware\\TransformsRequest->handle(Object(Illuminate\\Http\\Request), Object(Closure))
#38 C:\\SXampp\\htdocs\\Jacwan\\affiliate\\vendor\\laravel\\framework\\src\\Illuminate\\Foundation\\Http\\Middleware\\ValidatePostSize.php(27): Illuminate\\Pipeline\\Pipeline->Illuminate\\Pipeline\\{closure}(Object(Illuminate\\Http\\Request))
#39 C:\\SXampp\\htdocs\\Jacwan\\affiliate\\vendor\\laravel\\framework\\src\\Illuminate\\Pipeline\\Pipeline.php(167): Illuminate\\Foundation\\Http\\Middleware\\ValidatePostSize->handle(Object(Illuminate\\Http\\Request), Object(Closure))
#40 C:\\SXampp\\htdocs\\Jacwan\\affiliate\\vendor\\laravel\\framework\\src\\Illuminate\\Foundation\\Http\\Middleware\\CheckForMaintenanceMode.php(63): Illuminate\\Pipeline\\Pipeline->Illuminate\\Pipeline\\{closure}(Object(Illuminate\\Http\\Request))
#41 C:\\SXampp\\htdocs\\Jacwan\\affiliate\\vendor\\laravel\\framework\\src\\Illuminate\\Pipeline\\Pipeline.php(167): Illuminate\\Foundation\\Http\\Middleware\\CheckForMaintenanceMode->handle(Object(Illuminate\\Http\\Request), Object(Closure))
#42 C:\\SXampp\\htdocs\\Jacwan\\affiliate\\vendor\\fruitcake\\laravel-cors\\src\\HandleCors.php(37): Illuminate\\Pipeline\\Pipeline->Illuminate\\Pipeline\\{closure}(Object(Illuminate\\Http\\Request))
#43 C:\\SXampp\\htdocs\\Jacwan\\affiliate\\vendor\\laravel\\framework\\src\\Illuminate\\Pipeline\\Pipeline.php(167): Fruitcake\\Cors\\HandleCors->handle(Object(Illuminate\\Http\\Request), Object(Closure))
#44 C:\\SXampp\\htdocs\\Jacwan\\affiliate\\vendor\\fideloper\\proxy\\src\\TrustProxies.php(57): Illuminate\\Pipeline\\Pipeline->Illuminate\\Pipeline\\{closure}(Object(Illuminate\\Http\\Request))
#45 C:\\SXampp\\htdocs\\Jacwan\\affiliate\\vendor\\laravel\\framework\\src\\Illuminate\\Pipeline\\Pipeline.php(167): Fideloper\\Proxy\\TrustProxies->handle(Object(Illuminate\\Http\\Request), Object(Closure))
#46 C:\\SXampp\\htdocs\\Jacwan\\affiliate\\vendor\\laravel\\framework\\src\\Illuminate\\Pipeline\\Pipeline.php(103): Illuminate\\Pipeline\\Pipeline->Illuminate\\Pipeline\\{closure}(Object(Illuminate\\Http\\Request))
#47 C:\\SXampp\\htdocs\\Jacwan\\affiliate\\vendor\\laravel\\framework\\src\\Illuminate\\Foundation\\Http\\Kernel.php(140): Illuminate\\Pipeline\\Pipeline->then(Object(Closure))
#48 C:\\SXampp\\htdocs\\Jacwan\\affiliate\\vendor\\laravel\\framework\\src\\Illuminate\\Foundation\\Http\\Kernel.php(109): Illuminate\\Foundation\\Http\\Kernel->sendRequestThroughRouter(Object(Illuminate\\Http\\Request))
#49 C:\\SXampp\\htdocs\\Jacwan\\affiliate\\index.php(55): Illuminate\\Foundation\\Http\\Kernel->handle(Object(Illuminate\\Http\\Request))
#50 {main}
"} 
[2022-05-11 19:04:02] local.ERROR: Failed to authenticate on SMTP server with username "support@sohojaffiliates.com" using 2 possible authenticators. Authenticator LOGIN returned Expected response code 235 but got code "535", with message "535 Incorrect authentication data
". Authenticator PLAIN returned Expected response code 235 but got code "535", with message "535 Incorrect authentication data
". {"exception":"[object] (Swift_TransportException(code: 0): Failed to authenticate on SMTP server with username \"support@sohojaffiliates.com\" using 2 possible authenticators. Authenticator LOGIN returned Expected response code 235 but got code \"535\", with message \"535 Incorrect authentication data
\". Authenticator PLAIN returned Expected response code 235 but got code \"535\", with message \"535 Incorrect authentication data
\". at C:\\SXampp\\htdocs\\Jacwan\\affiliate\\vendor\\swiftmailer\\swiftmailer\\lib\\classes\\Swift\\Transport\\Esmtp\\AuthHandler.php:191)
[stacktrace]
#0 C:\\SXampp\\htdocs\\Jacwan\\affiliate\\vendor\\swiftmailer\\swiftmailer\\lib\\classes\\Swift\\Transport\\EsmtpTransport.php(371): Swift_Transport_Esmtp_AuthHandler->afterEhlo(Object(Swift_SmtpTransport))
#1 C:\\SXampp\\htdocs\\Jacwan\\affiliate\\vendor\\swiftmailer\\swiftmailer\\lib\\classes\\Swift\\Transport\\AbstractSmtpTransport.php(148): Swift_Transport_EsmtpTransport->doHeloCommand()
#2 C:\\SXampp\\htdocs\\Jacwan\\affiliate\\vendor\\swiftmailer\\swiftmailer\\lib\\classes\\Swift\\Mailer.php(65): Swift_Transport_AbstractSmtpTransport->start()
#3 C:\\SXampp\\htdocs\\Jacwan\\affiliate\\vendor\\laravel\\framework\\src\\Illuminate\\Mail\\Mailer.php(521): Swift_Mailer->send(Object(Swift_Message), Array)
#4 C:\\SXampp\\htdocs\\Jacwan\\affiliate\\vendor\\laravel\\framework\\src\\Illuminate\\Mail\\Mailer.php(288): Illuminate\\Mail\\Mailer->sendSwiftMessage(Object(Swift_Message))
#5 C:\\SXampp\\htdocs\\Jacwan\\affiliate\\vendor\\laravel\\framework\\src\\Illuminate\\Mail\\MailManager.php(466): Illuminate\\Mail\\Mailer->send(NULL, Array, Object(Closure))
#6 C:\\SXampp\\htdocs\\Jacwan\\affiliate\\vendor\\laravel\\framework\\src\\Illuminate\\Support\\Facades\\Facade.php(261): Illuminate\\Mail\\MailManager->__call('send', Array)
#7 C:\\SXampp\\htdocs\\Jacwan\\affiliate\\app\\Http\\Controllers\\HomeController.php(1353): Illuminate\\Support\\Facades\\Facade::__callStatic('send', Array)
#8 C:\\SXampp\\htdocs\\Jacwan\\affiliate\\vendor\\laravel\\framework\\src\\Illuminate\\Routing\\Controller.php(54): App\\Http\\Controllers\\HomeController->email_check(Object(Illuminate\\Http\\Request))
#9 C:\\SXampp\\htdocs\\Jacwan\\affiliate\\vendor\\laravel\\framework\\src\\Illuminate\\Routing\\ControllerDispatcher.php(45): Illuminate\\Routing\\Controller->callAction('email_check', Array)
#10 C:\\SXampp\\htdocs\\Jacwan\\affiliate\\vendor\\laravel\\framework\\src\\Illuminate\\Routing\\Route.php(239): Illuminate\\Routing\\ControllerDispatcher->dispatch(Object(Illuminate\\Routing\\Route), Object(App\\Http\\Controllers\\HomeController), 'email_check')
#11 C:\\SXampp\\htdocs\\Jacwan\\affiliate\\vendor\\laravel\\framework\\src\\Illuminate\\Routing\\Route.php(196): Illuminate\\Routing\\Route->runController()
#12 C:\\SXampp\\htdocs\\Jacwan\\affiliate\\vendor\\laravel\\framework\\src\\Illuminate\\Routing\\Router.php(685): Illuminate\\Routing\\Route->run()
#13 C:\\SXampp\\htdocs\\Jacwan\\affiliate\\vendor\\laravel\\framework\\src\\Illuminate\\Pipeline\\Pipeline.php(128): Illuminate\\Routing\\Router->Illuminate\\Routing\\{closure}(Object(Illuminate\\Http\\Request))
#14 C:\\SXampp\\htdocs\\Jacwan\\affiliate\\vendor\\laravel\\framework\\src\\Illuminate\\Routing\\Middleware\\SubstituteBindings.php(41): Illuminate\\Pipeline\\Pipeline->Illuminate\\Pipeline\\{closure}(Object(Illuminate\\Http\\Request))
#15 C:\\SXampp\\htdocs\\Jacwan\\affiliate\\vendor\\laravel\\framework\\src\\Illuminate\\Pipeline\\Pipeline.php(167): Illuminate\\Routing\\Middleware\\SubstituteBindings->handle(Object(Illuminate\\Http\\Request), Object(Closure))
#16 C:\\SXampp\\htdocs\\Jacwan\\affiliate\\vendor\\laravel\\framework\\src\\Illuminate\\Foundation\\Http\\Middleware\\VerifyCsrfToken.php(78): Illuminate\\Pipeline\\Pipeline->Illuminate\\Pipeline\\{closure}(Object(Illuminate\\Http\\Request))
#17 C:\\SXampp\\htdocs\\Jacwan\\affiliate\\vendor\\laravel\\framework\\src\\Illuminate\\Pipeline\\Pipeline.php(167): Illuminate\\Foundation\\Http\\Middleware\\VerifyCsrfToken->handle(Object(Illuminate\\Http\\Request), Object(Closure))
#18 C:\\SXampp\\htdocs\\Jacwan\\affiliate\\vendor\\laravel\\framework\\src\\Illuminate\\View\\Middleware\\ShareErrorsFromSession.php(49): Illuminate\\Pipeline\\Pipeline->Illuminate\\Pipeline\\{closure}(Object(Illuminate\\Http\\Request))
#19 C:\\SXampp\\htdocs\\Jacwan\\affiliate\\vendor\\laravel\\framework\\src\\Illuminate\\Pipeline\\Pipeline.php(167): Illuminate\\View\\Middleware\\ShareErrorsFromSession->handle(Object(Illuminate\\Http\\Request), Object(Closure))
#20 C:\\SXampp\\htdocs\\Jacwan\\affiliate\\vendor\\laravel\\framework\\src\\Illuminate\\Session\\Middleware\\StartSession.php(116): Illuminate\\Pipeline\\Pipeline->Illuminate\\Pipeline\\{closure}(Object(Illuminate\\Http\\Request))
#21 C:\\SXampp\\htdocs\\Jacwan\\affiliate\\vendor\\laravel\\framework\\src\\Illuminate\\Session\\Middleware\\StartSession.php(62): Illuminate\\Session\\Middleware\\StartSession->handleStatefulRequest(Object(Illuminate\\Http\\Request), Object(Illuminate\\Session\\Store), Object(Closure))
#22 C:\\SXampp\\htdocs\\Jacwan\\affiliate\\vendor\\laravel\\framework\\src\\Illuminate\\Pipeline\\Pipeline.php(167): Illuminate\\Session\\Middleware\\StartSession->handle(Object(Illuminate\\Http\\Request), Object(Closure))
#23 C:\\SXampp\\htdocs\\Jacwan\\affiliate\\vendor\\laravel\\framework\\src\\Illuminate\\Cookie\\Middleware\\AddQueuedCookiesToResponse.php(37): Illuminate\\Pipeline\\Pipeline->Illuminate\\Pipeline\\{closure}(Object(Illuminate\\Http\\Request))
#24 C:\\SXampp\\htdocs\\Jacwan\\affiliate\\vendor\\laravel\\framework\\src\\Illuminate\\Pipeline\\Pipeline.php(167): Illuminate\\Cookie\\Middleware\\AddQueuedCookiesToResponse->handle(Object(Illuminate\\Http\\Request), Object(Closure))
#25 C:\\SXampp\\htdocs\\Jacwan\\affiliate\\vendor\\laravel\\framework\\src\\Illuminate\\Cookie\\Middleware\\EncryptCookies.php(67): Illuminate\\Pipeline\\Pipeline->Illuminate\\Pipeline\\{closure}(Object(Illuminate\\Http\\Request))
#26 C:\\SXampp\\htdocs\\Jacwan\\affiliate\\vendor\\laravel\\framework\\src\\Illuminate\\Pipeline\\Pipeline.php(167): Illuminate\\Cookie\\Middleware\\EncryptCookies->handle(Object(Illuminate\\Http\\Request), Object(Closure))
#27 C:\\SXampp\\htdocs\\Jacwan\\affiliate\\vendor\\laravel\\framework\\src\\Illuminate\\Pipeline\\Pipeline.php(103): Illuminate\\Pipeline\\Pipeline->Illuminate\\Pipeline\\{closure}(Object(Illuminate\\Http\\Request))
#28 C:\\SXampp\\htdocs\\Jacwan\\affiliate\\vendor\\laravel\\framework\\src\\Illuminate\\Routing\\Router.php(687): Illuminate\\Pipeline\\Pipeline->then(Object(Closure))
#29 C:\\SXampp\\htdocs\\Jacwan\\affiliate\\vendor\\laravel\\framework\\src\\Illuminate\\Routing\\Router.php(662): Illuminate\\Routing\\Router->runRouteWithinStack(Object(Illuminate\\Routing\\Route), Object(Illuminate\\Http\\Request))
#30 C:\\SXampp\\htdocs\\Jacwan\\affiliate\\vendor\\laravel\\framework\\src\\Illuminate\\Routing\\Router.php(628): Illuminate\\Routing\\Router->runRoute(Object(Illuminate\\Http\\Request), Object(Illuminate\\Routing\\Route))
#31 C:\\SXampp\\htdocs\\Jacwan\\affiliate\\vendor\\laravel\\framework\\src\\Illuminate\\Routing\\Router.php(617): Illuminate\\Routing\\Router->dispatchToRoute(Object(Illuminate\\Http\\Request))
#32 C:\\SXampp\\htdocs\\Jacwan\\affiliate\\vendor\\laravel\\framework\\src\\Illuminate\\Foundation\\Http\\Kernel.php(165): Illuminate\\Routing\\Router->dispatch(Object(Illuminate\\Http\\Request))
#33 C:\\SXampp\\htdocs\\Jacwan\\affiliate\\vendor\\laravel\\framework\\src\\Illuminate\\Pipeline\\Pipeline.php(128): Illuminate\\Foundation\\Http\\Kernel->Illuminate\\Foundation\\Http\\{closure}(Object(Illuminate\\Http\\Request))
#34 C:\\SXampp\\htdocs\\Jacwan\\affiliate\\vendor\\laravel\\framework\\src\\Illuminate\\Foundation\\Http\\Middleware\\TransformsRequest.php(21): Illuminate\\Pipeline\\Pipeline->Illuminate\\Pipeline\\{closure}(Object(Illuminate\\Http\\Request))
#35 C:\\SXampp\\htdocs\\Jacwan\\affiliate\\vendor\\laravel\\framework\\src\\Illuminate\\Pipeline\\Pipeline.php(167): Illuminate\\Foundation\\Http\\Middleware\\TransformsRequest->handle(Object(Illuminate\\Http\\Request), Object(Closure))
#36 C:\\SXampp\\htdocs\\Jacwan\\affiliate\\vendor\\laravel\\framework\\src\\Illuminate\\Foundation\\Http\\Middleware\\TransformsRequest.php(21): Illuminate\\Pipeline\\Pipeline->Illuminate\\Pipeline\\{closure}(Object(Illuminate\\Http\\Request))
#37 C:\\SXampp\\htdocs\\Jacwan\\affiliate\\vendor\\laravel\\framework\\src\\Illuminate\\Pipeline\\Pipeline.php(167): Illuminate\\Foundation\\Http\\Middleware\\TransformsRequest->handle(Object(Illuminate\\Http\\Request), Object(Closure))
#38 C:\\SXampp\\htdocs\\Jacwan\\affiliate\\vendor\\laravel\\framework\\src\\Illuminate\\Foundation\\Http\\Middleware\\ValidatePostSize.php(27): Illuminate\\Pipeline\\Pipeline->Illuminate\\Pipeline\\{closure}(Object(Illuminate\\Http\\Request))
#39 C:\\SXampp\\htdocs\\Jacwan\\affiliate\\vendor\\laravel\\framework\\src\\Illuminate\\Pipeline\\Pipeline.php(167): Illuminate\\Foundation\\Http\\Middleware\\ValidatePostSize->handle(Object(Illuminate\\Http\\Request), Object(Closure))
#40 C:\\SXampp\\htdocs\\Jacwan\\affiliate\\vendor\\laravel\\framework\\src\\Illuminate\\Foundation\\Http\\Middleware\\CheckForMaintenanceMode.php(63): Illuminate\\Pipeline\\Pipeline->Illuminate\\Pipeline\\{closure}(Object(Illuminate\\Http\\Request))
#41 C:\\SXampp\\htdocs\\Jacwan\\affiliate\\vendor\\laravel\\framework\\src\\Illuminate\\Pipeline\\Pipeline.php(167): Illuminate\\Foundation\\Http\\Middleware\\CheckForMaintenanceMode->handle(Object(Illuminate\\Http\\Request), Object(Closure))
#42 C:\\SXampp\\htdocs\\Jacwan\\affiliate\\vendor\\fruitcake\\laravel-cors\\src\\HandleCors.php(37): Illuminate\\Pipeline\\Pipeline->Illuminate\\Pipeline\\{closure}(Object(Illuminate\\Http\\Request))
#43 C:\\SXampp\\htdocs\\Jacwan\\affiliate\\vendor\\laravel\\framework\\src\\Illuminate\\Pipeline\\Pipeline.php(167): Fruitcake\\Cors\\HandleCors->handle(Object(Illuminate\\Http\\Request), Object(Closure))
#44 C:\\SXampp\\htdocs\\Jacwan\\affiliate\\vendor\\fideloper\\proxy\\src\\TrustProxies.php(57): Illuminate\\Pipeline\\Pipeline->Illuminate\\Pipeline\\{closure}(Object(Illuminate\\Http\\Request))
#45 C:\\SXampp\\htdocs\\Jacwan\\affiliate\\vendor\\laravel\\framework\\src\\Illuminate\\Pipeline\\Pipeline.php(167): Fideloper\\Proxy\\TrustProxies->handle(Object(Illuminate\\Http\\Request), Object(Closure))
#46 C:\\SXampp\\htdocs\\Jacwan\\affiliate\\vendor\\laravel\\framework\\src\\Illuminate\\Pipeline\\Pipeline.php(103): Illuminate\\Pipeline\\Pipeline->Illuminate\\Pipeline\\{closure}(Object(Illuminate\\Http\\Request))
#47 C:\\SXampp\\htdocs\\Jacwan\\affiliate\\vendor\\laravel\\framework\\src\\Illuminate\\Foundation\\Http\\Kernel.php(140): Illuminate\\Pipeline\\Pipeline->then(Object(Closure))
#48 C:\\SXampp\\htdocs\\Jacwan\\affiliate\\vendor\\laravel\\framework\\src\\Illuminate\\Foundation\\Http\\Kernel.php(109): Illuminate\\Foundation\\Http\\Kernel->sendRequestThroughRouter(Object(Illuminate\\Http\\Request))
#49 C:\\SXampp\\htdocs\\Jacwan\\affiliate\\index.php(55): Illuminate\\Foundation\\Http\\Kernel->handle(Object(Illuminate\\Http\\Request))
#50 {main}
"} 
[2022-05-11 19:04:03] local.ERROR: Failed to authenticate on SMTP server with username "support@sohojaffiliates.com" using 2 possible authenticators. Authenticator LOGIN returned Expected response code 235 but got code "535", with message "535 Incorrect authentication data
". Authenticator PLAIN returned Expected response code 235 but got code "535", with message "535 Incorrect authentication data
". {"exception":"[object] (Swift_TransportException(code: 0): Failed to authenticate on SMTP server with username \"support@sohojaffiliates.com\" using 2 possible authenticators. Authenticator LOGIN returned Expected response code 235 but got code \"535\", with message \"535 Incorrect authentication data
\". Authenticator PLAIN returned Expected response code 235 but got code \"535\", with message \"535 Incorrect authentication data
\". at C:\\SXampp\\htdocs\\Jacwan\\affiliate\\vendor\\swiftmailer\\swiftmailer\\lib\\classes\\Swift\\Transport\\Esmtp\\AuthHandler.php:191)
[stacktrace]
#0 C:\\SXampp\\htdocs\\Jacwan\\affiliate\\vendor\\swiftmailer\\swiftmailer\\lib\\classes\\Swift\\Transport\\EsmtpTransport.php(371): Swift_Transport_Esmtp_AuthHandler->afterEhlo(Object(Swift_SmtpTransport))
#1 C:\\SXampp\\htdocs\\Jacwan\\affiliate\\vendor\\swiftmailer\\swiftmailer\\lib\\classes\\Swift\\Transport\\AbstractSmtpTransport.php(148): Swift_Transport_EsmtpTransport->doHeloCommand()
#2 C:\\SXampp\\htdocs\\Jacwan\\affiliate\\vendor\\swiftmailer\\swiftmailer\\lib\\classes\\Swift\\Mailer.php(65): Swift_Transport_AbstractSmtpTransport->start()
#3 C:\\SXampp\\htdocs\\Jacwan\\affiliate\\vendor\\laravel\\framework\\src\\Illuminate\\Mail\\Mailer.php(521): Swift_Mailer->send(Object(Swift_Message), Array)
#4 C:\\SXampp\\htdocs\\Jacwan\\affiliate\\vendor\\laravel\\framework\\src\\Illuminate\\Mail\\Mailer.php(288): Illuminate\\Mail\\Mailer->sendSwiftMessage(Object(Swift_Message))
#5 C:\\SXampp\\htdocs\\Jacwan\\affiliate\\vendor\\laravel\\framework\\src\\Illuminate\\Mail\\MailManager.php(466): Illuminate\\Mail\\Mailer->send(NULL, Array, Object(Closure))
#6 C:\\SXampp\\htdocs\\Jacwan\\affiliate\\vendor\\laravel\\framework\\src\\Illuminate\\Support\\Facades\\Facade.php(261): Illuminate\\Mail\\MailManager->__call('send', Array)
#7 C:\\SXampp\\htdocs\\Jacwan\\affiliate\\app\\Http\\Controllers\\HomeController.php(1353): Illuminate\\Support\\Facades\\Facade::__callStatic('send', Array)
#8 C:\\SXampp\\htdocs\\Jacwan\\affiliate\\vendor\\laravel\\framework\\src\\Illuminate\\Routing\\Controller.php(54): App\\Http\\Controllers\\HomeController->email_check(Object(Illuminate\\Http\\Request))
#9 C:\\SXampp\\htdocs\\Jacwan\\affiliate\\vendor\\laravel\\framework\\src\\Illuminate\\Routing\\ControllerDispatcher.php(45): Illuminate\\Routing\\Controller->callAction('email_check', Array)
#10 C:\\SXampp\\htdocs\\Jacwan\\affiliate\\vendor\\laravel\\framework\\src\\Illuminate\\Routing\\Route.php(239): Illuminate\\Routing\\ControllerDispatcher->dispatch(Object(Illuminate\\Routing\\Route), Object(App\\Http\\Controllers\\HomeController), 'email_check')
#11 C:\\SXampp\\htdocs\\Jacwan\\affiliate\\vendor\\laravel\\framework\\src\\Illuminate\\Routing\\Route.php(196): Illuminate\\Routing\\Route->runController()
#12 C:\\SXampp\\htdocs\\Jacwan\\affiliate\\vendor\\laravel\\framework\\src\\Illuminate\\Routing\\Router.php(685): Illuminate\\Routing\\Route->run()
#13 C:\\SXampp\\htdocs\\Jacwan\\affiliate\\vendor\\laravel\\framework\\src\\Illuminate\\Pipeline\\Pipeline.php(128): Illuminate\\Routing\\Router->Illuminate\\Routing\\{closure}(Object(Illuminate\\Http\\Request))
#14 C:\\SXampp\\htdocs\\Jacwan\\affiliate\\vendor\\laravel\\framework\\src\\Illuminate\\Routing\\Middleware\\SubstituteBindings.php(41): Illuminate\\Pipeline\\Pipeline->Illuminate\\Pipeline\\{closure}(Object(Illuminate\\Http\\Request))
#15 C:\\SXampp\\htdocs\\Jacwan\\affiliate\\vendor\\laravel\\framework\\src\\Illuminate\\Pipeline\\Pipeline.php(167): Illuminate\\Routing\\Middleware\\SubstituteBindings->handle(Object(Illuminate\\Http\\Request), Object(Closure))
#16 C:\\SXampp\\htdocs\\Jacwan\\affiliate\\vendor\\laravel\\framework\\src\\Illuminate\\Foundation\\Http\\Middleware\\VerifyCsrfToken.php(78): Illuminate\\Pipeline\\Pipeline->Illuminate\\Pipeline\\{closure}(Object(Illuminate\\Http\\Request))
#17 C:\\SXampp\\htdocs\\Jacwan\\affiliate\\vendor\\laravel\\framework\\src\\Illuminate\\Pipeline\\Pipeline.php(167): Illuminate\\Foundation\\Http\\Middleware\\VerifyCsrfToken->handle(Object(Illuminate\\Http\\Request), Object(Closure))
#18 C:\\SXampp\\htdocs\\Jacwan\\affiliate\\vendor\\laravel\\framework\\src\\Illuminate\\View\\Middleware\\ShareErrorsFromSession.php(49): Illuminate\\Pipeline\\Pipeline->Illuminate\\Pipeline\\{closure}(Object(Illuminate\\Http\\Request))
#19 C:\\SXampp\\htdocs\\Jacwan\\affiliate\\vendor\\laravel\\framework\\src\\Illuminate\\Pipeline\\Pipeline.php(167): Illuminate\\View\\Middleware\\ShareErrorsFromSession->handle(Object(Illuminate\\Http\\Request), Object(Closure))
#20 C:\\SXampp\\htdocs\\Jacwan\\affiliate\\vendor\\laravel\\framework\\src\\Illuminate\\Session\\Middleware\\StartSession.php(116): Illuminate\\Pipeline\\Pipeline->Illuminate\\Pipeline\\{closure}(Object(Illuminate\\Http\\Request))
#21 C:\\SXampp\\htdocs\\Jacwan\\affiliate\\vendor\\laravel\\framework\\src\\Illuminate\\Session\\Middleware\\StartSession.php(62): Illuminate\\Session\\Middleware\\StartSession->handleStatefulRequest(Object(Illuminate\\Http\\Request), Object(Illuminate\\Session\\Store), Object(Closure))
#22 C:\\SXampp\\htdocs\\Jacwan\\affiliate\\vendor\\laravel\\framework\\src\\Illuminate\\Pipeline\\Pipeline.php(167): Illuminate\\Session\\Middleware\\StartSession->handle(Object(Illuminate\\Http\\Request), Object(Closure))
#23 C:\\SXampp\\htdocs\\Jacwan\\affiliate\\vendor\\laravel\\framework\\src\\Illuminate\\Cookie\\Middleware\\AddQueuedCookiesToResponse.php(37): Illuminate\\Pipeline\\Pipeline->Illuminate\\Pipeline\\{closure}(Object(Illuminate\\Http\\Request))
#24 C:\\SXampp\\htdocs\\Jacwan\\affiliate\\vendor\\laravel\\framework\\src\\Illuminate\\Pipeline\\Pipeline.php(167): Illuminate\\Cookie\\Middleware\\AddQueuedCookiesToResponse->handle(Object(Illuminate\\Http\\Request), Object(Closure))
#25 C:\\SXampp\\htdocs\\Jacwan\\affiliate\\vendor\\laravel\\framework\\src\\Illuminate\\Cookie\\Middleware\\EncryptCookies.php(67): Illuminate\\Pipeline\\Pipeline->Illuminate\\Pipeline\\{closure}(Object(Illuminate\\Http\\Request))
#26 C:\\SXampp\\htdocs\\Jacwan\\affiliate\\vendor\\laravel\\framework\\src\\Illuminate\\Pipeline\\Pipeline.php(167): Illuminate\\Cookie\\Middleware\\EncryptCookies->handle(Object(Illuminate\\Http\\Request), Object(Closure))
#27 C:\\SXampp\\htdocs\\Jacwan\\affiliate\\vendor\\laravel\\framework\\src\\Illuminate\\Pipeline\\Pipeline.php(103): Illuminate\\Pipeline\\Pipeline->Illuminate\\Pipeline\\{closure}(Object(Illuminate\\Http\\Request))
#28 C:\\SXampp\\htdocs\\Jacwan\\affiliate\\vendor\\laravel\\framework\\src\\Illuminate\\Routing\\Router.php(687): Illuminate\\Pipeline\\Pipeline->then(Object(Closure))
#29 C:\\SXampp\\htdocs\\Jacwan\\affiliate\\vendor\\laravel\\framework\\src\\Illuminate\\Routing\\Router.php(662): Illuminate\\Routing\\Router->runRouteWithinStack(Object(Illuminate\\Routing\\Route), Object(Illuminate\\Http\\Request))
#30 C:\\SXampp\\htdocs\\Jacwan\\affiliate\\vendor\\laravel\\framework\\src\\Illuminate\\Routing\\Router.php(628): Illuminate\\Routing\\Router->runRoute(Object(Illuminate\\Http\\Request), Object(Illuminate\\Routing\\Route))
#31 C:\\SXampp\\htdocs\\Jacwan\\affiliate\\vendor\\laravel\\framework\\src\\Illuminate\\Routing\\Router.php(617): Illuminate\\Routing\\Router->dispatchToRoute(Object(Illuminate\\Http\\Request))
#32 C:\\SXampp\\htdocs\\Jacwan\\affiliate\\vendor\\laravel\\framework\\src\\Illuminate\\Foundation\\Http\\Kernel.php(165): Illuminate\\Routing\\Router->dispatch(Object(Illuminate\\Http\\Request))
#33 C:\\SXampp\\htdocs\\Jacwan\\affiliate\\vendor\\laravel\\framework\\src\\Illuminate\\Pipeline\\Pipeline.php(128): Illuminate\\Foundation\\Http\\Kernel->Illuminate\\Foundation\\Http\\{closure}(Object(Illuminate\\Http\\Request))
#34 C:\\SXampp\\htdocs\\Jacwan\\affiliate\\vendor\\laravel\\framework\\src\\Illuminate\\Foundation\\Http\\Middleware\\TransformsRequest.php(21): Illuminate\\Pipeline\\Pipeline->Illuminate\\Pipeline\\{closure}(Object(Illuminate\\Http\\Request))
#35 C:\\SXampp\\htdocs\\Jacwan\\affiliate\\vendor\\laravel\\framework\\src\\Illuminate\\Pipeline\\Pipeline.php(167): Illuminate\\Foundation\\Http\\Middleware\\TransformsRequest->handle(Object(Illuminate\\Http\\Request), Object(Closure))
#36 C:\\SXampp\\htdocs\\Jacwan\\affiliate\\vendor\\laravel\\framework\\src\\Illuminate\\Foundation\\Http\\Middleware\\TransformsRequest.php(21): Illuminate\\Pipeline\\Pipeline->Illuminate\\Pipeline\\{closure}(Object(Illuminate\\Http\\Request))
#37 C:\\SXampp\\htdocs\\Jacwan\\affiliate\\vendor\\laravel\\framework\\src\\Illuminate\\Pipeline\\Pipeline.php(167): Illuminate\\Foundation\\Http\\Middleware\\TransformsRequest->handle(Object(Illuminate\\Http\\Request), Object(Closure))
#38 C:\\SXampp\\htdocs\\Jacwan\\affiliate\\vendor\\laravel\\framework\\src\\Illuminate\\Foundation\\Http\\Middleware\\ValidatePostSize.php(27): Illuminate\\Pipeline\\Pipeline->Illuminate\\Pipeline\\{closure}(Object(Illuminate\\Http\\Request))
#39 C:\\SXampp\\htdocs\\Jacwan\\affiliate\\vendor\\laravel\\framework\\src\\Illuminate\\Pipeline\\Pipeline.php(167): Illuminate\\Foundation\\Http\\Middleware\\ValidatePostSize->handle(Object(Illuminate\\Http\\Request), Object(Closure))
#40 C:\\SXampp\\htdocs\\Jacwan\\affiliate\\vendor\\laravel\\framework\\src\\Illuminate\\Foundation\\Http\\Middleware\\CheckForMaintenanceMode.php(63): Illuminate\\Pipeline\\Pipeline->Illuminate\\Pipeline\\{closure}(Object(Illuminate\\Http\\Request))
#41 C:\\SXampp\\htdocs\\Jacwan\\affiliate\\vendor\\laravel\\framework\\src\\Illuminate\\Pipeline\\Pipeline.php(167): Illuminate\\Foundation\\Http\\Middleware\\CheckForMaintenanceMode->handle(Object(Illuminate\\Http\\Request), Object(Closure))
#42 C:\\SXampp\\htdocs\\Jacwan\\affiliate\\vendor\\fruitcake\\laravel-cors\\src\\HandleCors.php(37): Illuminate\\Pipeline\\Pipeline->Illuminate\\Pipeline\\{closure}(Object(Illuminate\\Http\\Request))
#43 C:\\SXampp\\htdocs\\Jacwan\\affiliate\\vendor\\laravel\\framework\\src\\Illuminate\\Pipeline\\Pipeline.php(167): Fruitcake\\Cors\\HandleCors->handle(Object(Illuminate\\Http\\Request), Object(Closure))
#44 C:\\SXampp\\htdocs\\Jacwan\\affiliate\\vendor\\fideloper\\proxy\\src\\TrustProxies.php(57): Illuminate\\Pipeline\\Pipeline->Illuminate\\Pipeline\\{closure}(Object(Illuminate\\Http\\Request))
#45 C:\\SXampp\\htdocs\\Jacwan\\affiliate\\vendor\\laravel\\framework\\src\\Illuminate\\Pipeline\\Pipeline.php(167): Fideloper\\Proxy\\TrustProxies->handle(Object(Illuminate\\Http\\Request), Object(Closure))
#46 C:\\SXampp\\htdocs\\Jacwan\\affiliate\\vendor\\laravel\\framework\\src\\Illuminate\\Pipeline\\Pipeline.php(103): Illuminate\\Pipeline\\Pipeline->Illuminate\\Pipeline\\{closure}(Object(Illuminate\\Http\\Request))
#47 C:\\SXampp\\htdocs\\Jacwan\\affiliate\\vendor\\laravel\\framework\\src\\Illuminate\\Foundation\\Http\\Kernel.php(140): Illuminate\\Pipeline\\Pipeline->then(Object(Closure))
#48 C:\\SXampp\\htdocs\\Jacwan\\affiliate\\vendor\\laravel\\framework\\src\\Illuminate\\Foundation\\Http\\Kernel.php(109): Illuminate\\Foundation\\Http\\Kernel->sendRequestThroughRouter(Object(Illuminate\\Http\\Request))
#49 C:\\SXampp\\htdocs\\Jacwan\\affiliate\\index.php(55): Illuminate\\Foundation\\Http\\Kernel->handle(Object(Illuminate\\Http\\Request))
#50 {main}
"} 
[2022-05-11 19:04:03] local.ERROR: Failed to authenticate on SMTP server with username "support@sohojaffiliates.com" using 2 possible authenticators. Authenticator LOGIN returned Expected response code 235 but got code "535", with message "535 Incorrect authentication data
". Authenticator PLAIN returned Expected response code 235 but got code "535", with message "535 Incorrect authentication data
". {"exception":"[object] (Swift_TransportException(code: 0): Failed to authenticate on SMTP server with username \"support@sohojaffiliates.com\" using 2 possible authenticators. Authenticator LOGIN returned Expected response code 235 but got code \"535\", with message \"535 Incorrect authentication data
\". Authenticator PLAIN returned Expected response code 235 but got code \"535\", with message \"535 Incorrect authentication data
\". at C:\\SXampp\\htdocs\\Jacwan\\affiliate\\vendor\\swiftmailer\\swiftmailer\\lib\\classes\\Swift\\Transport\\Esmtp\\AuthHandler.php:191)
[stacktrace]
#0 C:\\SXampp\\htdocs\\Jacwan\\affiliate\\vendor\\swiftmailer\\swiftmailer\\lib\\classes\\Swift\\Transport\\EsmtpTransport.php(371): Swift_Transport_Esmtp_AuthHandler->afterEhlo(Object(Swift_SmtpTransport))
#1 C:\\SXampp\\htdocs\\Jacwan\\affiliate\\vendor\\swiftmailer\\swiftmailer\\lib\\classes\\Swift\\Transport\\AbstractSmtpTransport.php(148): Swift_Transport_EsmtpTransport->doHeloCommand()
#2 C:\\SXampp\\htdocs\\Jacwan\\affiliate\\vendor\\swiftmailer\\swiftmailer\\lib\\classes\\Swift\\Mailer.php(65): Swift_Transport_AbstractSmtpTransport->start()
#3 C:\\SXampp\\htdocs\\Jacwan\\affiliate\\vendor\\laravel\\framework\\src\\Illuminate\\Mail\\Mailer.php(521): Swift_Mailer->send(Object(Swift_Message), Array)
#4 C:\\SXampp\\htdocs\\Jacwan\\affiliate\\vendor\\laravel\\framework\\src\\Illuminate\\Mail\\Mailer.php(288): Illuminate\\Mail\\Mailer->sendSwiftMessage(Object(Swift_Message))
#5 C:\\SXampp\\htdocs\\Jacwan\\affiliate\\vendor\\laravel\\framework\\src\\Illuminate\\Mail\\MailManager.php(466): Illuminate\\Mail\\Mailer->send(NULL, Array, Object(Closure))
#6 C:\\SXampp\\htdocs\\Jacwan\\affiliate\\vendor\\laravel\\framework\\src\\Illuminate\\Support\\Facades\\Facade.php(261): Illuminate\\Mail\\MailManager->__call('send', Array)
#7 C:\\SXampp\\htdocs\\Jacwan\\affiliate\\app\\Http\\Controllers\\HomeController.php(1353): Illuminate\\Support\\Facades\\Facade::__callStatic('send', Array)
#8 C:\\SXampp\\htdocs\\Jacwan\\affiliate\\vendor\\laravel\\framework\\src\\Illuminate\\Routing\\Controller.php(54): App\\Http\\Controllers\\HomeController->email_check(Object(Illuminate\\Http\\Request))
#9 C:\\SXampp\\htdocs\\Jacwan\\affiliate\\vendor\\laravel\\framework\\src\\Illuminate\\Routing\\ControllerDispatcher.php(45): Illuminate\\Routing\\Controller->callAction('email_check', Array)
#10 C:\\SXampp\\htdocs\\Jacwan\\affiliate\\vendor\\laravel\\framework\\src\\Illuminate\\Routing\\Route.php(239): Illuminate\\Routing\\ControllerDispatcher->dispatch(Object(Illuminate\\Routing\\Route), Object(App\\Http\\Controllers\\HomeController), 'email_check')
#11 C:\\SXampp\\htdocs\\Jacwan\\affiliate\\vendor\\laravel\\framework\\src\\Illuminate\\Routing\\Route.php(196): Illuminate\\Routing\\Route->runController()
#12 C:\\SXampp\\htdocs\\Jacwan\\affiliate\\vendor\\laravel\\framework\\src\\Illuminate\\Routing\\Router.php(685): Illuminate\\Routing\\Route->run()
#13 C:\\SXampp\\htdocs\\Jacwan\\affiliate\\vendor\\laravel\\framework\\src\\Illuminate\\Pipeline\\Pipeline.php(128): Illuminate\\Routing\\Router->Illuminate\\Routing\\{closure}(Object(Illuminate\\Http\\Request))
#14 C:\\SXampp\\htdocs\\Jacwan\\affiliate\\vendor\\laravel\\framework\\src\\Illuminate\\Routing\\Middleware\\SubstituteBindings.php(41): Illuminate\\Pipeline\\Pipeline->Illuminate\\Pipeline\\{closure}(Object(Illuminate\\Http\\Request))
#15 C:\\SXampp\\htdocs\\Jacwan\\affiliate\\vendor\\laravel\\framework\\src\\Illuminate\\Pipeline\\Pipeline.php(167): Illuminate\\Routing\\Middleware\\SubstituteBindings->handle(Object(Illuminate\\Http\\Request), Object(Closure))
#16 C:\\SXampp\\htdocs\\Jacwan\\affiliate\\vendor\\laravel\\framework\\src\\Illuminate\\Foundation\\Http\\Middleware\\VerifyCsrfToken.php(78): Illuminate\\Pipeline\\Pipeline->Illuminate\\Pipeline\\{closure}(Object(Illuminate\\Http\\Request))
#17 C:\\SXampp\\htdocs\\Jacwan\\affiliate\\vendor\\laravel\\framework\\src\\Illuminate\\Pipeline\\Pipeline.php(167): Illuminate\\Foundation\\Http\\Middleware\\VerifyCsrfToken->handle(Object(Illuminate\\Http\\Request), Object(Closure))
#18 C:\\SXampp\\htdocs\\Jacwan\\affiliate\\vendor\\laravel\\framework\\src\\Illuminate\\View\\Middleware\\ShareErrorsFromSession.php(49): Illuminate\\Pipeline\\Pipeline->Illuminate\\Pipeline\\{closure}(Object(Illuminate\\Http\\Request))
#19 C:\\SXampp\\htdocs\\Jacwan\\affiliate\\vendor\\laravel\\framework\\src\\Illuminate\\Pipeline\\Pipeline.php(167): Illuminate\\View\\Middleware\\ShareErrorsFromSession->handle(Object(Illuminate\\Http\\Request), Object(Closure))
#20 C:\\SXampp\\htdocs\\Jacwan\\affiliate\\vendor\\laravel\\framework\\src\\Illuminate\\Session\\Middleware\\StartSession.php(116): Illuminate\\Pipeline\\Pipeline->Illuminate\\Pipeline\\{closure}(Object(Illuminate\\Http\\Request))
#21 C:\\SXampp\\htdocs\\Jacwan\\affiliate\\vendor\\laravel\\framework\\src\\Illuminate\\Session\\Middleware\\StartSession.php(62): Illuminate\\Session\\Middleware\\StartSession->handleStatefulRequest(Object(Illuminate\\Http\\Request), Object(Illuminate\\Session\\Store), Object(Closure))
#22 C:\\SXampp\\htdocs\\Jacwan\\affiliate\\vendor\\laravel\\framework\\src\\Illuminate\\Pipeline\\Pipeline.php(167): Illuminate\\Session\\Middleware\\StartSession->handle(Object(Illuminate\\Http\\Request), Object(Closure))
#23 C:\\SXampp\\htdocs\\Jacwan\\affiliate\\vendor\\laravel\\framework\\src\\Illuminate\\Cookie\\Middleware\\AddQueuedCookiesToResponse.php(37): Illuminate\\Pipeline\\Pipeline->Illuminate\\Pipeline\\{closure}(Object(Illuminate\\Http\\Request))
#24 C:\\SXampp\\htdocs\\Jacwan\\affiliate\\vendor\\laravel\\framework\\src\\Illuminate\\Pipeline\\Pipeline.php(167): Illuminate\\Cookie\\Middleware\\AddQueuedCookiesToResponse->handle(Object(Illuminate\\Http\\Request), Object(Closure))
#25 C:\\SXampp\\htdocs\\Jacwan\\affiliate\\vendor\\laravel\\framework\\src\\Illuminate\\Cookie\\Middleware\\EncryptCookies.php(67): Illuminate\\Pipeline\\Pipeline->Illuminate\\Pipeline\\{closure}(Object(Illuminate\\Http\\Request))
#26 C:\\SXampp\\htdocs\\Jacwan\\affiliate\\vendor\\laravel\\framework\\src\\Illuminate\\Pipeline\\Pipeline.php(167): Illuminate\\Cookie\\Middleware\\EncryptCookies->handle(Object(Illuminate\\Http\\Request), Object(Closure))
#27 C:\\SXampp\\htdocs\\Jacwan\\affiliate\\vendor\\laravel\\framework\\src\\Illuminate\\Pipeline\\Pipeline.php(103): Illuminate\\Pipeline\\Pipeline->Illuminate\\Pipeline\\{closure}(Object(Illuminate\\Http\\Request))
#28 C:\\SXampp\\htdocs\\Jacwan\\affiliate\\vendor\\laravel\\framework\\src\\Illuminate\\Routing\\Router.php(687): Illuminate\\Pipeline\\Pipeline->then(Object(Closure))
#29 C:\\SXampp\\htdocs\\Jacwan\\affiliate\\vendor\\laravel\\framework\\src\\Illuminate\\Routing\\Router.php(662): Illuminate\\Routing\\Router->runRouteWithinStack(Object(Illuminate\\Routing\\Route), Object(Illuminate\\Http\\Request))
#30 C:\\SXampp\\htdocs\\Jacwan\\affiliate\\vendor\\laravel\\framework\\src\\Illuminate\\Routing\\Router.php(628): Illuminate\\Routing\\Router->runRoute(Object(Illuminate\\Http\\Request), Object(Illuminate\\Routing\\Route))
#31 C:\\SXampp\\htdocs\\Jacwan\\affiliate\\vendor\\laravel\\framework\\src\\Illuminate\\Routing\\Router.php(617): Illuminate\\Routing\\Router->dispatchToRoute(Object(Illuminate\\Http\\Request))
#32 C:\\SXampp\\htdocs\\Jacwan\\affiliate\\vendor\\laravel\\framework\\src\\Illuminate\\Foundation\\Http\\Kernel.php(165): Illuminate\\Routing\\Router->dispatch(Object(Illuminate\\Http\\Request))
#33 C:\\SXampp\\htdocs\\Jacwan\\affiliate\\vendor\\laravel\\framework\\src\\Illuminate\\Pipeline\\Pipeline.php(128): Illuminate\\Foundation\\Http\\Kernel->Illuminate\\Foundation\\Http\\{closure}(Object(Illuminate\\Http\\Request))
#34 C:\\SXampp\\htdocs\\Jacwan\\affiliate\\vendor\\laravel\\framework\\src\\Illuminate\\Foundation\\Http\\Middleware\\TransformsRequest.php(21): Illuminate\\Pipeline\\Pipeline->Illuminate\\Pipeline\\{closure}(Object(Illuminate\\Http\\Request))
#35 C:\\SXampp\\htdocs\\Jacwan\\affiliate\\vendor\\laravel\\framework\\src\\Illuminate\\Pipeline\\Pipeline.php(167): Illuminate\\Foundation\\Http\\Middleware\\TransformsRequest->handle(Object(Illuminate\\Http\\Request), Object(Closure))
#36 C:\\SXampp\\htdocs\\Jacwan\\affiliate\\vendor\\laravel\\framework\\src\\Illuminate\\Foundation\\Http\\Middleware\\TransformsRequest.php(21): Illuminate\\Pipeline\\Pipeline->Illuminate\\Pipeline\\{closure}(Object(Illuminate\\Http\\Request))
#37 C:\\SXampp\\htdocs\\Jacwan\\affiliate\\vendor\\laravel\\framework\\src\\Illuminate\\Pipeline\\Pipeline.php(167): Illuminate\\Foundation\\Http\\Middleware\\TransformsRequest->handle(Object(Illuminate\\Http\\Request), Object(Closure))
#38 C:\\SXampp\\htdocs\\Jacwan\\affiliate\\vendor\\laravel\\framework\\src\\Illuminate\\Foundation\\Http\\Middleware\\ValidatePostSize.php(27): Illuminate\\Pipeline\\Pipeline->Illuminate\\Pipeline\\{closure}(Object(Illuminate\\Http\\Request))
#39 C:\\SXampp\\htdocs\\Jacwan\\affiliate\\vendor\\laravel\\framework\\src\\Illuminate\\Pipeline\\Pipeline.php(167): Illuminate\\Foundation\\Http\\Middleware\\ValidatePostSize->handle(Object(Illuminate\\Http\\Request), Object(Closure))
#40 C:\\SXampp\\htdocs\\Jacwan\\affiliate\\vendor\\laravel\\framework\\src\\Illuminate\\Foundation\\Http\\Middleware\\CheckForMaintenanceMode.php(63): Illuminate\\Pipeline\\Pipeline->Illuminate\\Pipeline\\{closure}(Object(Illuminate\\Http\\Request))
#41 C:\\SXampp\\htdocs\\Jacwan\\affiliate\\vendor\\laravel\\framework\\src\\Illuminate\\Pipeline\\Pipeline.php(167): Illuminate\\Foundation\\Http\\Middleware\\CheckForMaintenanceMode->handle(Object(Illuminate\\Http\\Request), Object(Closure))
#42 C:\\SXampp\\htdocs\\Jacwan\\affiliate\\vendor\\fruitcake\\laravel-cors\\src\\HandleCors.php(37): Illuminate\\Pipeline\\Pipeline->Illuminate\\Pipeline\\{closure}(Object(Illuminate\\Http\\Request))
#43 C:\\SXampp\\htdocs\\Jacwan\\affiliate\\vendor\\laravel\\framework\\src\\Illuminate\\Pipeline\\Pipeline.php(167): Fruitcake\\Cors\\HandleCors->handle(Object(Illuminate\\Http\\Request), Object(Closure))
#44 C:\\SXampp\\htdocs\\Jacwan\\affiliate\\vendor\\fideloper\\proxy\\src\\TrustProxies.php(57): Illuminate\\Pipeline\\Pipeline->Illuminate\\Pipeline\\{closure}(Object(Illuminate\\Http\\Request))
#45 C:\\SXampp\\htdocs\\Jacwan\\affiliate\\vendor\\laravel\\framework\\src\\Illuminate\\Pipeline\\Pipeline.php(167): Fideloper\\Proxy\\TrustProxies->handle(Object(Illuminate\\Http\\Request), Object(Closure))
#46 C:\\SXampp\\htdocs\\Jacwan\\affiliate\\vendor\\laravel\\framework\\src\\Illuminate\\Pipeline\\Pipeline.php(103): Illuminate\\Pipeline\\Pipeline->Illuminate\\Pipeline\\{closure}(Object(Illuminate\\Http\\Request))
#47 C:\\SXampp\\htdocs\\Jacwan\\affiliate\\vendor\\laravel\\framework\\src\\Illuminate\\Foundation\\Http\\Kernel.php(140): Illuminate\\Pipeline\\Pipeline->then(Object(Closure))
#48 C:\\SXampp\\htdocs\\Jacwan\\affiliate\\vendor\\laravel\\framework\\src\\Illuminate\\Foundation\\Http\\Kernel.php(109): Illuminate\\Foundation\\Http\\Kernel->sendRequestThroughRouter(Object(Illuminate\\Http\\Request))
#49 C:\\SXampp\\htdocs\\Jacwan\\affiliate\\index.php(55): Illuminate\\Foundation\\Http\\Kernel->handle(Object(Illuminate\\Http\\Request))
#50 {main}
"} 
[2022-05-11 19:04:03] local.ERROR: Failed to authenticate on SMTP server with username "support@sohojaffiliates.com" using 2 possible authenticators. Authenticator LOGIN returned Expected response code 235 but got code "535", with message "535 Incorrect authentication data
". Authenticator PLAIN returned Expected response code 235 but got code "535", with message "535 Incorrect authentication data
". {"exception":"[object] (Swift_TransportException(code: 0): Failed to authenticate on SMTP server with username \"support@sohojaffiliates.com\" using 2 possible authenticators. Authenticator LOGIN returned Expected response code 235 but got code \"535\", with message \"535 Incorrect authentication data
\". Authenticator PLAIN returned Expected response code 235 but got code \"535\", with message \"535 Incorrect authentication data
\". at C:\\SXampp\\htdocs\\Jacwan\\affiliate\\vendor\\swiftmailer\\swiftmailer\\lib\\classes\\Swift\\Transport\\Esmtp\\AuthHandler.php:191)
[stacktrace]
#0 C:\\SXampp\\htdocs\\Jacwan\\affiliate\\vendor\\swiftmailer\\swiftmailer\\lib\\classes\\Swift\\Transport\\EsmtpTransport.php(371): Swift_Transport_Esmtp_AuthHandler->afterEhlo(Object(Swift_SmtpTransport))
#1 C:\\SXampp\\htdocs\\Jacwan\\affiliate\\vendor\\swiftmailer\\swiftmailer\\lib\\classes\\Swift\\Transport\\AbstractSmtpTransport.php(148): Swift_Transport_EsmtpTransport->doHeloCommand()
#2 C:\\SXampp\\htdocs\\Jacwan\\affiliate\\vendor\\swiftmailer\\swiftmailer\\lib\\classes\\Swift\\Mailer.php(65): Swift_Transport_AbstractSmtpTransport->start()
#3 C:\\SXampp\\htdocs\\Jacwan\\affiliate\\vendor\\laravel\\framework\\src\\Illuminate\\Mail\\Mailer.php(521): Swift_Mailer->send(Object(Swift_Message), Array)
#4 C:\\SXampp\\htdocs\\Jacwan\\affiliate\\vendor\\laravel\\framework\\src\\Illuminate\\Mail\\Mailer.php(288): Illuminate\\Mail\\Mailer->sendSwiftMessage(Object(Swift_Message))
#5 C:\\SXampp\\htdocs\\Jacwan\\affiliate\\vendor\\laravel\\framework\\src\\Illuminate\\Mail\\MailManager.php(466): Illuminate\\Mail\\Mailer->send(NULL, Array, Object(Closure))
#6 C:\\SXampp\\htdocs\\Jacwan\\affiliate\\vendor\\laravel\\framework\\src\\Illuminate\\Support\\Facades\\Facade.php(261): Illuminate\\Mail\\MailManager->__call('send', Array)
#7 C:\\SXampp\\htdocs\\Jacwan\\affiliate\\app\\Http\\Controllers\\HomeController.php(1353): Illuminate\\Support\\Facades\\Facade::__callStatic('send', Array)
#8 C:\\SXampp\\htdocs\\Jacwan\\affiliate\\vendor\\laravel\\framework\\src\\Illuminate\\Routing\\Controller.php(54): App\\Http\\Controllers\\HomeController->email_check(Object(Illuminate\\Http\\Request))
#9 C:\\SXampp\\htdocs\\Jacwan\\affiliate\\vendor\\laravel\\framework\\src\\Illuminate\\Routing\\ControllerDispatcher.php(45): Illuminate\\Routing\\Controller->callAction('email_check', Array)
#10 C:\\SXampp\\htdocs\\Jacwan\\affiliate\\vendor\\laravel\\framework\\src\\Illuminate\\Routing\\Route.php(239): Illuminate\\Routing\\ControllerDispatcher->dispatch(Object(Illuminate\\Routing\\Route), Object(App\\Http\\Controllers\\HomeController), 'email_check')
#11 C:\\SXampp\\htdocs\\Jacwan\\affiliate\\vendor\\laravel\\framework\\src\\Illuminate\\Routing\\Route.php(196): Illuminate\\Routing\\Route->runController()
#12 C:\\SXampp\\htdocs\\Jacwan\\affiliate\\vendor\\laravel\\framework\\src\\Illuminate\\Routing\\Router.php(685): Illuminate\\Routing\\Route->run()
#13 C:\\SXampp\\htdocs\\Jacwan\\affiliate\\vendor\\laravel\\framework\\src\\Illuminate\\Pipeline\\Pipeline.php(128): Illuminate\\Routing\\Router->Illuminate\\Routing\\{closure}(Object(Illuminate\\Http\\Request))
#14 C:\\SXampp\\htdocs\\Jacwan\\affiliate\\vendor\\laravel\\framework\\src\\Illuminate\\Routing\\Middleware\\SubstituteBindings.php(41): Illuminate\\Pipeline\\Pipeline->Illuminate\\Pipeline\\{closure}(Object(Illuminate\\Http\\Request))
#15 C:\\SXampp\\htdocs\\Jacwan\\affiliate\\vendor\\laravel\\framework\\src\\Illuminate\\Pipeline\\Pipeline.php(167): Illuminate\\Routing\\Middleware\\SubstituteBindings->handle(Object(Illuminate\\Http\\Request), Object(Closure))
#16 C:\\SXampp\\htdocs\\Jacwan\\affiliate\\vendor\\laravel\\framework\\src\\Illuminate\\Foundation\\Http\\Middleware\\VerifyCsrfToken.php(78): Illuminate\\Pipeline\\Pipeline->Illuminate\\Pipeline\\{closure}(Object(Illuminate\\Http\\Request))
#17 C:\\SXampp\\htdocs\\Jacwan\\affiliate\\vendor\\laravel\\framework\\src\\Illuminate\\Pipeline\\Pipeline.php(167): Illuminate\\Foundation\\Http\\Middleware\\VerifyCsrfToken->handle(Object(Illuminate\\Http\\Request), Object(Closure))
#18 C:\\SXampp\\htdocs\\Jacwan\\affiliate\\vendor\\laravel\\framework\\src\\Illuminate\\View\\Middleware\\ShareErrorsFromSession.php(49): Illuminate\\Pipeline\\Pipeline->Illuminate\\Pipeline\\{closure}(Object(Illuminate\\Http\\Request))
#19 C:\\SXampp\\htdocs\\Jacwan\\affiliate\\vendor\\laravel\\framework\\src\\Illuminate\\Pipeline\\Pipeline.php(167): Illuminate\\View\\Middleware\\ShareErrorsFromSession->handle(Object(Illuminate\\Http\\Request), Object(Closure))
#20 C:\\SXampp\\htdocs\\Jacwan\\affiliate\\vendor\\laravel\\framework\\src\\Illuminate\\Session\\Middleware\\StartSession.php(116): Illuminate\\Pipeline\\Pipeline->Illuminate\\Pipeline\\{closure}(Object(Illuminate\\Http\\Request))
#21 C:\\SXampp\\htdocs\\Jacwan\\affiliate\\vendor\\laravel\\framework\\src\\Illuminate\\Session\\Middleware\\StartSession.php(62): Illuminate\\Session\\Middleware\\StartSession->handleStatefulRequest(Object(Illuminate\\Http\\Request), Object(Illuminate\\Session\\Store), Object(Closure))
#22 C:\\SXampp\\htdocs\\Jacwan\\affiliate\\vendor\\laravel\\framework\\src\\Illuminate\\Pipeline\\Pipeline.php(167): Illuminate\\Session\\Middleware\\StartSession->handle(Object(Illuminate\\Http\\Request), Object(Closure))
#23 C:\\SXampp\\htdocs\\Jacwan\\affiliate\\vendor\\laravel\\framework\\src\\Illuminate\\Cookie\\Middleware\\AddQueuedCookiesToResponse.php(37): Illuminate\\Pipeline\\Pipeline->Illuminate\\Pipeline\\{closure}(Object(Illuminate\\Http\\Request))
#24 C:\\SXampp\\htdocs\\Jacwan\\affiliate\\vendor\\laravel\\framework\\src\\Illuminate\\Pipeline\\Pipeline.php(167): Illuminate\\Cookie\\Middleware\\AddQueuedCookiesToResponse->handle(Object(Illuminate\\Http\\Request), Object(Closure))
#25 C:\\SXampp\\htdocs\\Jacwan\\affiliate\\vendor\\laravel\\framework\\src\\Illuminate\\Cookie\\Middleware\\EncryptCookies.php(67): Illuminate\\Pipeline\\Pipeline->Illuminate\\Pipeline\\{closure}(Object(Illuminate\\Http\\Request))
#26 C:\\SXampp\\htdocs\\Jacwan\\affiliate\\vendor\\laravel\\framework\\src\\Illuminate\\Pipeline\\Pipeline.php(167): Illuminate\\Cookie\\Middleware\\EncryptCookies->handle(Object(Illuminate\\Http\\Request), Object(Closure))
#27 C:\\SXampp\\htdocs\\Jacwan\\affiliate\\vendor\\laravel\\framework\\src\\Illuminate\\Pipeline\\Pipeline.php(103): Illuminate\\Pipeline\\Pipeline->Illuminate\\Pipeline\\{closure}(Object(Illuminate\\Http\\Request))
#28 C:\\SXampp\\htdocs\\Jacwan\\affiliate\\vendor\\laravel\\framework\\src\\Illuminate\\Routing\\Router.php(687): Illuminate\\Pipeline\\Pipeline->then(Object(Closure))
#29 C:\\SXampp\\htdocs\\Jacwan\\affiliate\\vendor\\laravel\\framework\\src\\Illuminate\\Routing\\Router.php(662): Illuminate\\Routing\\Router->runRouteWithinStack(Object(Illuminate\\Routing\\Route), Object(Illuminate\\Http\\Request))
#30 C:\\SXampp\\htdocs\\Jacwan\\affiliate\\vendor\\laravel\\framework\\src\\Illuminate\\Routing\\Router.php(628): Illuminate\\Routing\\Router->runRoute(Object(Illuminate\\Http\\Request), Object(Illuminate\\Routing\\Route))
#31 C:\\SXampp\\htdocs\\Jacwan\\affiliate\\vendor\\laravel\\framework\\src\\Illuminate\\Routing\\Router.php(617): Illuminate\\Routing\\Router->dispatchToRoute(Object(Illuminate\\Http\\Request))
#32 C:\\SXampp\\htdocs\\Jacwan\\affiliate\\vendor\\laravel\\framework\\src\\Illuminate\\Foundation\\Http\\Kernel.php(165): Illuminate\\Routing\\Router->dispatch(Object(Illuminate\\Http\\Request))
#33 C:\\SXampp\\htdocs\\Jacwan\\affiliate\\vendor\\laravel\\framework\\src\\Illuminate\\Pipeline\\Pipeline.php(128): Illuminate\\Foundation\\Http\\Kernel->Illuminate\\Foundation\\Http\\{closure}(Object(Illuminate\\Http\\Request))
#34 C:\\SXampp\\htdocs\\Jacwan\\affiliate\\vendor\\laravel\\framework\\src\\Illuminate\\Foundation\\Http\\Middleware\\TransformsRequest.php(21): Illuminate\\Pipeline\\Pipeline->Illuminate\\Pipeline\\{closure}(Object(Illuminate\\Http\\Request))
#35 C:\\SXampp\\htdocs\\Jacwan\\affiliate\\vendor\\laravel\\framework\\src\\Illuminate\\Pipeline\\Pipeline.php(167): Illuminate\\Foundation\\Http\\Middleware\\TransformsRequest->handle(Object(Illuminate\\Http\\Request), Object(Closure))
#36 C:\\SXampp\\htdocs\\Jacwan\\affiliate\\vendor\\laravel\\framework\\src\\Illuminate\\Foundation\\Http\\Middleware\\TransformsRequest.php(21): Illuminate\\Pipeline\\Pipeline->Illuminate\\Pipeline\\{closure}(Object(Illuminate\\Http\\Request))
#37 C:\\SXampp\\htdocs\\Jacwan\\affiliate\\vendor\\laravel\\framework\\src\\Illuminate\\Pipeline\\Pipeline.php(167): Illuminate\\Foundation\\Http\\Middleware\\TransformsRequest->handle(Object(Illuminate\\Http\\Request), Object(Closure))
#38 C:\\SXampp\\htdocs\\Jacwan\\affiliate\\vendor\\laravel\\framework\\src\\Illuminate\\Foundation\\Http\\Middleware\\ValidatePostSize.php(27): Illuminate\\Pipeline\\Pipeline->Illuminate\\Pipeline\\{closure}(Object(Illuminate\\Http\\Request))
#39 C:\\SXampp\\htdocs\\Jacwan\\affiliate\\vendor\\laravel\\framework\\src\\Illuminate\\Pipeline\\Pipeline.php(167): Illuminate\\Foundation\\Http\\Middleware\\ValidatePostSize->handle(Object(Illuminate\\Http\\Request), Object(Closure))
#40 C:\\SXampp\\htdocs\\Jacwan\\affiliate\\vendor\\laravel\\framework\\src\\Illuminate\\Foundation\\Http\\Middleware\\CheckForMaintenanceMode.php(63): Illuminate\\Pipeline\\Pipeline->Illuminate\\Pipeline\\{closure}(Object(Illuminate\\Http\\Request))
#41 C:\\SXampp\\htdocs\\Jacwan\\affiliate\\vendor\\laravel\\framework\\src\\Illuminate\\Pipeline\\Pipeline.php(167): Illuminate\\Foundation\\Http\\Middleware\\CheckForMaintenanceMode->handle(Object(Illuminate\\Http\\Request), Object(Closure))
#42 C:\\SXampp\\htdocs\\Jacwan\\affiliate\\vendor\\fruitcake\\laravel-cors\\src\\HandleCors.php(37): Illuminate\\Pipeline\\Pipeline->Illuminate\\Pipeline\\{closure}(Object(Illuminate\\Http\\Request))
#43 C:\\SXampp\\htdocs\\Jacwan\\affiliate\\vendor\\laravel\\framework\\src\\Illuminate\\Pipeline\\Pipeline.php(167): Fruitcake\\Cors\\HandleCors->handle(Object(Illuminate\\Http\\Request), Object(Closure))
#44 C:\\SXampp\\htdocs\\Jacwan\\affiliate\\vendor\\fideloper\\proxy\\src\\TrustProxies.php(57): Illuminate\\Pipeline\\Pipeline->Illuminate\\Pipeline\\{closure}(Object(Illuminate\\Http\\Request))
#45 C:\\SXampp\\htdocs\\Jacwan\\affiliate\\vendor\\laravel\\framework\\src\\Illuminate\\Pipeline\\Pipeline.php(167): Fideloper\\Proxy\\TrustProxies->handle(Object(Illuminate\\Http\\Request), Object(Closure))
#46 C:\\SXampp\\htdocs\\Jacwan\\affiliate\\vendor\\laravel\\framework\\src\\Illuminate\\Pipeline\\Pipeline.php(103): Illuminate\\Pipeline\\Pipeline->Illuminate\\Pipeline\\{closure}(Object(Illuminate\\Http\\Request))
#47 C:\\SXampp\\htdocs\\Jacwan\\affiliate\\vendor\\laravel\\framework\\src\\Illuminate\\Foundation\\Http\\Kernel.php(140): Illuminate\\Pipeline\\Pipeline->then(Object(Closure))
#48 C:\\SXampp\\htdocs\\Jacwan\\affiliate\\vendor\\laravel\\framework\\src\\Illuminate\\Foundation\\Http\\Kernel.php(109): Illuminate\\Foundation\\Http\\Kernel->sendRequestThroughRouter(Object(Illuminate\\Http\\Request))
#49 C:\\SXampp\\htdocs\\Jacwan\\affiliate\\index.php(55): Illuminate\\Foundation\\Http\\Kernel->handle(Object(Illuminate\\Http\\Request))
#50 {main}
"} 
[2022-05-11 19:04:03] local.ERROR: Failed to authenticate on SMTP server with username "support@sohojaffiliates.com" using 2 possible authenticators. Authenticator LOGIN returned Expected response code 235 but got code "535", with message "535 Incorrect authentication data
". Authenticator PLAIN returned Expected response code 235 but got code "535", with message "535 Incorrect authentication data
". {"exception":"[object] (Swift_TransportException(code: 0): Failed to authenticate on SMTP server with username \"support@sohojaffiliates.com\" using 2 possible authenticators. Authenticator LOGIN returned Expected response code 235 but got code \"535\", with message \"535 Incorrect authentication data
\". Authenticator PLAIN returned Expected response code 235 but got code \"535\", with message \"535 Incorrect authentication data
\". at C:\\SXampp\\htdocs\\Jacwan\\affiliate\\vendor\\swiftmailer\\swiftmailer\\lib\\classes\\Swift\\Transport\\Esmtp\\AuthHandler.php:191)
[stacktrace]
#0 C:\\SXampp\\htdocs\\Jacwan\\affiliate\\vendor\\swiftmailer\\swiftmailer\\lib\\classes\\Swift\\Transport\\EsmtpTransport.php(371): Swift_Transport_Esmtp_AuthHandler->afterEhlo(Object(Swift_SmtpTransport))
#1 C:\\SXampp\\htdocs\\Jacwan\\affiliate\\vendor\\swiftmailer\\swiftmailer\\lib\\classes\\Swift\\Transport\\AbstractSmtpTransport.php(148): Swift_Transport_EsmtpTransport->doHeloCommand()
#2 C:\\SXampp\\htdocs\\Jacwan\\affiliate\\vendor\\swiftmailer\\swiftmailer\\lib\\classes\\Swift\\Mailer.php(65): Swift_Transport_AbstractSmtpTransport->start()
#3 C:\\SXampp\\htdocs\\Jacwan\\affiliate\\vendor\\laravel\\framework\\src\\Illuminate\\Mail\\Mailer.php(521): Swift_Mailer->send(Object(Swift_Message), Array)
#4 C:\\SXampp\\htdocs\\Jacwan\\affiliate\\vendor\\laravel\\framework\\src\\Illuminate\\Mail\\Mailer.php(288): Illuminate\\Mail\\Mailer->sendSwiftMessage(Object(Swift_Message))
#5 C:\\SXampp\\htdocs\\Jacwan\\affiliate\\vendor\\laravel\\framework\\src\\Illuminate\\Mail\\MailManager.php(466): Illuminate\\Mail\\Mailer->send(NULL, Array, Object(Closure))
#6 C:\\SXampp\\htdocs\\Jacwan\\affiliate\\vendor\\laravel\\framework\\src\\Illuminate\\Support\\Facades\\Facade.php(261): Illuminate\\Mail\\MailManager->__call('send', Array)
#7 C:\\SXampp\\htdocs\\Jacwan\\affiliate\\app\\Http\\Controllers\\HomeController.php(1353): Illuminate\\Support\\Facades\\Facade::__callStatic('send', Array)
#8 C:\\SXampp\\htdocs\\Jacwan\\affiliate\\vendor\\laravel\\framework\\src\\Illuminate\\Routing\\Controller.php(54): App\\Http\\Controllers\\HomeController->email_check(Object(Illuminate\\Http\\Request))
#9 C:\\SXampp\\htdocs\\Jacwan\\affiliate\\vendor\\laravel\\framework\\src\\Illuminate\\Routing\\ControllerDispatcher.php(45): Illuminate\\Routing\\Controller->callAction('email_check', Array)
#10 C:\\SXampp\\htdocs\\Jacwan\\affiliate\\vendor\\laravel\\framework\\src\\Illuminate\\Routing\\Route.php(239): Illuminate\\Routing\\ControllerDispatcher->dispatch(Object(Illuminate\\Routing\\Route), Object(App\\Http\\Controllers\\HomeController), 'email_check')
#11 C:\\SXampp\\htdocs\\Jacwan\\affiliate\\vendor\\laravel\\framework\\src\\Illuminate\\Routing\\Route.php(196): Illuminate\\Routing\\Route->runController()
#12 C:\\SXampp\\htdocs\\Jacwan\\affiliate\\vendor\\laravel\\framework\\src\\Illuminate\\Routing\\Router.php(685): Illuminate\\Routing\\Route->run()
#13 C:\\SXampp\\htdocs\\Jacwan\\affiliate\\vendor\\laravel\\framework\\src\\Illuminate\\Pipeline\\Pipeline.php(128): Illuminate\\Routing\\Router->Illuminate\\Routing\\{closure}(Object(Illuminate\\Http\\Request))
#14 C:\\SXampp\\htdocs\\Jacwan\\affiliate\\vendor\\laravel\\framework\\src\\Illuminate\\Routing\\Middleware\\SubstituteBindings.php(41): Illuminate\\Pipeline\\Pipeline->Illuminate\\Pipeline\\{closure}(Object(Illuminate\\Http\\Request))
#15 C:\\SXampp\\htdocs\\Jacwan\\affiliate\\vendor\\laravel\\framework\\src\\Illuminate\\Pipeline\\Pipeline.php(167): Illuminate\\Routing\\Middleware\\SubstituteBindings->handle(Object(Illuminate\\Http\\Request), Object(Closure))
#16 C:\\SXampp\\htdocs\\Jacwan\\affiliate\\vendor\\laravel\\framework\\src\\Illuminate\\Foundation\\Http\\Middleware\\VerifyCsrfToken.php(78): Illuminate\\Pipeline\\Pipeline->Illuminate\\Pipeline\\{closure}(Object(Illuminate\\Http\\Request))
#17 C:\\SXampp\\htdocs\\Jacwan\\affiliate\\vendor\\laravel\\framework\\src\\Illuminate\\Pipeline\\Pipeline.php(167): Illuminate\\Foundation\\Http\\Middleware\\VerifyCsrfToken->handle(Object(Illuminate\\Http\\Request), Object(Closure))
#18 C:\\SXampp\\htdocs\\Jacwan\\affiliate\\vendor\\laravel\\framework\\src\\Illuminate\\View\\Middleware\\ShareErrorsFromSession.php(49): Illuminate\\Pipeline\\Pipeline->Illuminate\\Pipeline\\{closure}(Object(Illuminate\\Http\\Request))
#19 C:\\SXampp\\htdocs\\Jacwan\\affiliate\\vendor\\laravel\\framework\\src\\Illuminate\\Pipeline\\Pipeline.php(167): Illuminate\\View\\Middleware\\ShareErrorsFromSession->handle(Object(Illuminate\\Http\\Request), Object(Closure))
#20 C:\\SXampp\\htdocs\\Jacwan\\affiliate\\vendor\\laravel\\framework\\src\\Illuminate\\Session\\Middleware\\StartSession.php(116): Illuminate\\Pipeline\\Pipeline->Illuminate\\Pipeline\\{closure}(Object(Illuminate\\Http\\Request))
#21 C:\\SXampp\\htdocs\\Jacwan\\affiliate\\vendor\\laravel\\framework\\src\\Illuminate\\Session\\Middleware\\StartSession.php(62): Illuminate\\Session\\Middleware\\StartSession->handleStatefulRequest(Object(Illuminate\\Http\\Request), Object(Illuminate\\Session\\Store), Object(Closure))
#22 C:\\SXampp\\htdocs\\Jacwan\\affiliate\\vendor\\laravel\\framework\\src\\Illuminate\\Pipeline\\Pipeline.php(167): Illuminate\\Session\\Middleware\\StartSession->handle(Object(Illuminate\\Http\\Request), Object(Closure))
#23 C:\\SXampp\\htdocs\\Jacwan\\affiliate\\vendor\\laravel\\framework\\src\\Illuminate\\Cookie\\Middleware\\AddQueuedCookiesToResponse.php(37): Illuminate\\Pipeline\\Pipeline->Illuminate\\Pipeline\\{closure}(Object(Illuminate\\Http\\Request))
#24 C:\\SXampp\\htdocs\\Jacwan\\affiliate\\vendor\\laravel\\framework\\src\\Illuminate\\Pipeline\\Pipeline.php(167): Illuminate\\Cookie\\Middleware\\AddQueuedCookiesToResponse->handle(Object(Illuminate\\Http\\Request), Object(Closure))
#25 C:\\SXampp\\htdocs\\Jacwan\\affiliate\\vendor\\laravel\\framework\\src\\Illuminate\\Cookie\\Middleware\\EncryptCookies.php(67): Illuminate\\Pipeline\\Pipeline->Illuminate\\Pipeline\\{closure}(Object(Illuminate\\Http\\Request))
#26 C:\\SXampp\\htdocs\\Jacwan\\affiliate\\vendor\\laravel\\framework\\src\\Illuminate\\Pipeline\\Pipeline.php(167): Illuminate\\Cookie\\Middleware\\EncryptCookies->handle(Object(Illuminate\\Http\\Request), Object(Closure))
#27 C:\\SXampp\\htdocs\\Jacwan\\affiliate\\vendor\\laravel\\framework\\src\\Illuminate\\Pipeline\\Pipeline.php(103): Illuminate\\Pipeline\\Pipeline->Illuminate\\Pipeline\\{closure}(Object(Illuminate\\Http\\Request))
#28 C:\\SXampp\\htdocs\\Jacwan\\affiliate\\vendor\\laravel\\framework\\src\\Illuminate\\Routing\\Router.php(687): Illuminate\\Pipeline\\Pipeline->then(Object(Closure))
#29 C:\\SXampp\\htdocs\\Jacwan\\affiliate\\vendor\\laravel\\framework\\src\\Illuminate\\Routing\\Router.php(662): Illuminate\\Routing\\Router->runRouteWithinStack(Object(Illuminate\\Routing\\Route), Object(Illuminate\\Http\\Request))
#30 C:\\SXampp\\htdocs\\Jacwan\\affiliate\\vendor\\laravel\\framework\\src\\Illuminate\\Routing\\Router.php(628): Illuminate\\Routing\\Router->runRoute(Object(Illuminate\\Http\\Request), Object(Illuminate\\Routing\\Route))
#31 C:\\SXampp\\htdocs\\Jacwan\\affiliate\\vendor\\laravel\\framework\\src\\Illuminate\\Routing\\Router.php(617): Illuminate\\Routing\\Router->dispatchToRoute(Object(Illuminate\\Http\\Request))
#32 C:\\SXampp\\htdocs\\Jacwan\\affiliate\\vendor\\laravel\\framework\\src\\Illuminate\\Foundation\\Http\\Kernel.php(165): Illuminate\\Routing\\Router->dispatch(Object(Illuminate\\Http\\Request))
#33 C:\\SXampp\\htdocs\\Jacwan\\affiliate\\vendor\\laravel\\framework\\src\\Illuminate\\Pipeline\\Pipeline.php(128): Illuminate\\Foundation\\Http\\Kernel->Illuminate\\Foundation\\Http\\{closure}(Object(Illuminate\\Http\\Request))
#34 C:\\SXampp\\htdocs\\Jacwan\\affiliate\\vendor\\laravel\\framework\\src\\Illuminate\\Foundation\\Http\\Middleware\\TransformsRequest.php(21): Illuminate\\Pipeline\\Pipeline->Illuminate\\Pipeline\\{closure}(Object(Illuminate\\Http\\Request))
#35 C:\\SXampp\\htdocs\\Jacwan\\affiliate\\vendor\\laravel\\framework\\src\\Illuminate\\Pipeline\\Pipeline.php(167): Illuminate\\Foundation\\Http\\Middleware\\TransformsRequest->handle(Object(Illuminate\\Http\\Request), Object(Closure))
#36 C:\\SXampp\\htdocs\\Jacwan\\affiliate\\vendor\\laravel\\framework\\src\\Illuminate\\Foundation\\Http\\Middleware\\TransformsRequest.php(21): Illuminate\\Pipeline\\Pipeline->Illuminate\\Pipeline\\{closure}(Object(Illuminate\\Http\\Request))
#37 C:\\SXampp\\htdocs\\Jacwan\\affiliate\\vendor\\laravel\\framework\\src\\Illuminate\\Pipeline\\Pipeline.php(167): Illuminate\\Foundation\\Http\\Middleware\\TransformsRequest->handle(Object(Illuminate\\Http\\Request), Object(Closure))
#38 C:\\SXampp\\htdocs\\Jacwan\\affiliate\\vendor\\laravel\\framework\\src\\Illuminate\\Foundation\\Http\\Middleware\\ValidatePostSize.php(27): Illuminate\\Pipeline\\Pipeline->Illuminate\\Pipeline\\{closure}(Object(Illuminate\\Http\\Request))
#39 C:\\SXampp\\htdocs\\Jacwan\\affiliate\\vendor\\laravel\\framework\\src\\Illuminate\\Pipeline\\Pipeline.php(167): Illuminate\\Foundation\\Http\\Middleware\\ValidatePostSize->handle(Object(Illuminate\\Http\\Request), Object(Closure))
#40 C:\\SXampp\\htdocs\\Jacwan\\affiliate\\vendor\\laravel\\framework\\src\\Illuminate\\Foundation\\Http\\Middleware\\CheckForMaintenanceMode.php(63): Illuminate\\Pipeline\\Pipeline->Illuminate\\Pipeline\\{closure}(Object(Illuminate\\Http\\Request))
#41 C:\\SXampp\\htdocs\\Jacwan\\affiliate\\vendor\\laravel\\framework\\src\\Illuminate\\Pipeline\\Pipeline.php(167): Illuminate\\Foundation\\Http\\Middleware\\CheckForMaintenanceMode->handle(Object(Illuminate\\Http\\Request), Object(Closure))
#42 C:\\SXampp\\htdocs\\Jacwan\\affiliate\\vendor\\fruitcake\\laravel-cors\\src\\HandleCors.php(37): Illuminate\\Pipeline\\Pipeline->Illuminate\\Pipeline\\{closure}(Object(Illuminate\\Http\\Request))
#43 C:\\SXampp\\htdocs\\Jacwan\\affiliate\\vendor\\laravel\\framework\\src\\Illuminate\\Pipeline\\Pipeline.php(167): Fruitcake\\Cors\\HandleCors->handle(Object(Illuminate\\Http\\Request), Object(Closure))
#44 C:\\SXampp\\htdocs\\Jacwan\\affiliate\\vendor\\fideloper\\proxy\\src\\TrustProxies.php(57): Illuminate\\Pipeline\\Pipeline->Illuminate\\Pipeline\\{closure}(Object(Illuminate\\Http\\Request))
#45 C:\\SXampp\\htdocs\\Jacwan\\affiliate\\vendor\\laravel\\framework\\src\\Illuminate\\Pipeline\\Pipeline.php(167): Fideloper\\Proxy\\TrustProxies->handle(Object(Illuminate\\Http\\Request), Object(Closure))
#46 C:\\SXampp\\htdocs\\Jacwan\\affiliate\\vendor\\laravel\\framework\\src\\Illuminate\\Pipeline\\Pipeline.php(103): Illuminate\\Pipeline\\Pipeline->Illuminate\\Pipeline\\{closure}(Object(Illuminate\\Http\\Request))
#47 C:\\SXampp\\htdocs\\Jacwan\\affiliate\\vendor\\laravel\\framework\\src\\Illuminate\\Foundation\\Http\\Kernel.php(140): Illuminate\\Pipeline\\Pipeline->then(Object(Closure))
#48 C:\\SXampp\\htdocs\\Jacwan\\affiliate\\vendor\\laravel\\framework\\src\\Illuminate\\Foundation\\Http\\Kernel.php(109): Illuminate\\Foundation\\Http\\Kernel->sendRequestThroughRouter(Object(Illuminate\\Http\\Request))
#49 C:\\SXampp\\htdocs\\Jacwan\\affiliate\\index.php(55): Illuminate\\Foundation\\Http\\Kernel->handle(Object(Illuminate\\Http\\Request))
#50 {main}
"} 
[2022-05-11 19:04:08] local.ERROR: Failed to authenticate on SMTP server with username "support@sohojaffiliates.com" using 2 possible authenticators. Authenticator LOGIN returned Expected response code 235 but got code "535", with message "535 Incorrect authentication data
". Authenticator PLAIN returned Expected response code 235 but got code "535", with message "535 Incorrect authentication data
". {"exception":"[object] (Swift_TransportException(code: 0): Failed to authenticate on SMTP server with username \"support@sohojaffiliates.com\" using 2 possible authenticators. Authenticator LOGIN returned Expected response code 235 but got code \"535\", with message \"535 Incorrect authentication data
\". Authenticator PLAIN returned Expected response code 235 but got code \"535\", with message \"535 Incorrect authentication data
\". at C:\\SXampp\\htdocs\\Jacwan\\affiliate\\vendor\\swiftmailer\\swiftmailer\\lib\\classes\\Swift\\Transport\\Esmtp\\AuthHandler.php:191)
[stacktrace]
#0 C:\\SXampp\\htdocs\\Jacwan\\affiliate\\vendor\\swiftmailer\\swiftmailer\\lib\\classes\\Swift\\Transport\\EsmtpTransport.php(371): Swift_Transport_Esmtp_AuthHandler->afterEhlo(Object(Swift_SmtpTransport))
#1 C:\\SXampp\\htdocs\\Jacwan\\affiliate\\vendor\\swiftmailer\\swiftmailer\\lib\\classes\\Swift\\Transport\\AbstractSmtpTransport.php(148): Swift_Transport_EsmtpTransport->doHeloCommand()
#2 C:\\SXampp\\htdocs\\Jacwan\\affiliate\\vendor\\swiftmailer\\swiftmailer\\lib\\classes\\Swift\\Mailer.php(65): Swift_Transport_AbstractSmtpTransport->start()
#3 C:\\SXampp\\htdocs\\Jacwan\\affiliate\\vendor\\laravel\\framework\\src\\Illuminate\\Mail\\Mailer.php(521): Swift_Mailer->send(Object(Swift_Message), Array)
#4 C:\\SXampp\\htdocs\\Jacwan\\affiliate\\vendor\\laravel\\framework\\src\\Illuminate\\Mail\\Mailer.php(288): Illuminate\\Mail\\Mailer->sendSwiftMessage(Object(Swift_Message))
#5 C:\\SXampp\\htdocs\\Jacwan\\affiliate\\vendor\\laravel\\framework\\src\\Illuminate\\Mail\\MailManager.php(466): Illuminate\\Mail\\Mailer->send(NULL, Array, Object(Closure))
#6 C:\\SXampp\\htdocs\\Jacwan\\affiliate\\vendor\\laravel\\framework\\src\\Illuminate\\Support\\Facades\\Facade.php(261): Illuminate\\Mail\\MailManager->__call('send', Array)
#7 C:\\SXampp\\htdocs\\Jacwan\\affiliate\\app\\Http\\Controllers\\HomeController.php(1353): Illuminate\\Support\\Facades\\Facade::__callStatic('send', Array)
#8 C:\\SXampp\\htdocs\\Jacwan\\affiliate\\vendor\\laravel\\framework\\src\\Illuminate\\Routing\\Controller.php(54): App\\Http\\Controllers\\HomeController->email_check(Object(Illuminate\\Http\\Request))
#9 C:\\SXampp\\htdocs\\Jacwan\\affiliate\\vendor\\laravel\\framework\\src\\Illuminate\\Routing\\ControllerDispatcher.php(45): Illuminate\\Routing\\Controller->callAction('email_check', Array)
#10 C:\\SXampp\\htdocs\\Jacwan\\affiliate\\vendor\\laravel\\framework\\src\\Illuminate\\Routing\\Route.php(239): Illuminate\\Routing\\ControllerDispatcher->dispatch(Object(Illuminate\\Routing\\Route), Object(App\\Http\\Controllers\\HomeController), 'email_check')
#11 C:\\SXampp\\htdocs\\Jacwan\\affiliate\\vendor\\laravel\\framework\\src\\Illuminate\\Routing\\Route.php(196): Illuminate\\Routing\\Route->runController()
#12 C:\\SXampp\\htdocs\\Jacwan\\affiliate\\vendor\\laravel\\framework\\src\\Illuminate\\Routing\\Router.php(685): Illuminate\\Routing\\Route->run()
#13 C:\\SXampp\\htdocs\\Jacwan\\affiliate\\vendor\\laravel\\framework\\src\\Illuminate\\Pipeline\\Pipeline.php(128): Illuminate\\Routing\\Router->Illuminate\\Routing\\{closure}(Object(Illuminate\\Http\\Request))
#14 C:\\SXampp\\htdocs\\Jacwan\\affiliate\\vendor\\laravel\\framework\\src\\Illuminate\\Routing\\Middleware\\SubstituteBindings.php(41): Illuminate\\Pipeline\\Pipeline->Illuminate\\Pipeline\\{closure}(Object(Illuminate\\Http\\Request))
#15 C:\\SXampp\\htdocs\\Jacwan\\affiliate\\vendor\\laravel\\framework\\src\\Illuminate\\Pipeline\\Pipeline.php(167): Illuminate\\Routing\\Middleware\\SubstituteBindings->handle(Object(Illuminate\\Http\\Request), Object(Closure))
#16 C:\\SXampp\\htdocs\\Jacwan\\affiliate\\vendor\\laravel\\framework\\src\\Illuminate\\Foundation\\Http\\Middleware\\VerifyCsrfToken.php(78): Illuminate\\Pipeline\\Pipeline->Illuminate\\Pipeline\\{closure}(Object(Illuminate\\Http\\Request))
#17 C:\\SXampp\\htdocs\\Jacwan\\affiliate\\vendor\\laravel\\framework\\src\\Illuminate\\Pipeline\\Pipeline.php(167): Illuminate\\Foundation\\Http\\Middleware\\VerifyCsrfToken->handle(Object(Illuminate\\Http\\Request), Object(Closure))
#18 C:\\SXampp\\htdocs\\Jacwan\\affiliate\\vendor\\laravel\\framework\\src\\Illuminate\\View\\Middleware\\ShareErrorsFromSession.php(49): Illuminate\\Pipeline\\Pipeline->Illuminate\\Pipeline\\{closure}(Object(Illuminate\\Http\\Request))
#19 C:\\SXampp\\htdocs\\Jacwan\\affiliate\\vendor\\laravel\\framework\\src\\Illuminate\\Pipeline\\Pipeline.php(167): Illuminate\\View\\Middleware\\ShareErrorsFromSession->handle(Object(Illuminate\\Http\\Request), Object(Closure))
#20 C:\\SXampp\\htdocs\\Jacwan\\affiliate\\vendor\\laravel\\framework\\src\\Illuminate\\Session\\Middleware\\StartSession.php(116): Illuminate\\Pipeline\\Pipeline->Illuminate\\Pipeline\\{closure}(Object(Illuminate\\Http\\Request))
#21 C:\\SXampp\\htdocs\\Jacwan\\affiliate\\vendor\\laravel\\framework\\src\\Illuminate\\Session\\Middleware\\StartSession.php(62): Illuminate\\Session\\Middleware\\StartSession->handleStatefulRequest(Object(Illuminate\\Http\\Request), Object(Illuminate\\Session\\Store), Object(Closure))
#22 C:\\SXampp\\htdocs\\Jacwan\\affiliate\\vendor\\laravel\\framework\\src\\Illuminate\\Pipeline\\Pipeline.php(167): Illuminate\\Session\\Middleware\\StartSession->handle(Object(Illuminate\\Http\\Request), Object(Closure))
#23 C:\\SXampp\\htdocs\\Jacwan\\affiliate\\vendor\\laravel\\framework\\src\\Illuminate\\Cookie\\Middleware\\AddQueuedCookiesToResponse.php(37): Illuminate\\Pipeline\\Pipeline->Illuminate\\Pipeline\\{closure}(Object(Illuminate\\Http\\Request))
#24 C:\\SXampp\\htdocs\\Jacwan\\affiliate\\vendor\\laravel\\framework\\src\\Illuminate\\Pipeline\\Pipeline.php(167): Illuminate\\Cookie\\Middleware\\AddQueuedCookiesToResponse->handle(Object(Illuminate\\Http\\Request), Object(Closure))
#25 C:\\SXampp\\htdocs\\Jacwan\\affiliate\\vendor\\laravel\\framework\\src\\Illuminate\\Cookie\\Middleware\\EncryptCookies.php(67): Illuminate\\Pipeline\\Pipeline->Illuminate\\Pipeline\\{closure}(Object(Illuminate\\Http\\Request))
#26 C:\\SXampp\\htdocs\\Jacwan\\affiliate\\vendor\\laravel\\framework\\src\\Illuminate\\Pipeline\\Pipeline.php(167): Illuminate\\Cookie\\Middleware\\EncryptCookies->handle(Object(Illuminate\\Http\\Request), Object(Closure))
#27 C:\\SXampp\\htdocs\\Jacwan\\affiliate\\vendor\\laravel\\framework\\src\\Illuminate\\Pipeline\\Pipeline.php(103): Illuminate\\Pipeline\\Pipeline->Illuminate\\Pipeline\\{closure}(Object(Illuminate\\Http\\Request))
#28 C:\\SXampp\\htdocs\\Jacwan\\affiliate\\vendor\\laravel\\framework\\src\\Illuminate\\Routing\\Router.php(687): Illuminate\\Pipeline\\Pipeline->then(Object(Closure))
#29 C:\\SXampp\\htdocs\\Jacwan\\affiliate\\vendor\\laravel\\framework\\src\\Illuminate\\Routing\\Router.php(662): Illuminate\\Routing\\Router->runRouteWithinStack(Object(Illuminate\\Routing\\Route), Object(Illuminate\\Http\\Request))
#30 C:\\SXampp\\htdocs\\Jacwan\\affiliate\\vendor\\laravel\\framework\\src\\Illuminate\\Routing\\Router.php(628): Illuminate\\Routing\\Router->runRoute(Object(Illuminate\\Http\\Request), Object(Illuminate\\Routing\\Route))
#31 C:\\SXampp\\htdocs\\Jacwan\\affiliate\\vendor\\laravel\\framework\\src\\Illuminate\\Routing\\Router.php(617): Illuminate\\Routing\\Router->dispatchToRoute(Object(Illuminate\\Http\\Request))
#32 C:\\SXampp\\htdocs\\Jacwan\\affiliate\\vendor\\laravel\\framework\\src\\Illuminate\\Foundation\\Http\\Kernel.php(165): Illuminate\\Routing\\Router->dispatch(Object(Illuminate\\Http\\Request))
#33 C:\\SXampp\\htdocs\\Jacwan\\affiliate\\vendor\\laravel\\framework\\src\\Illuminate\\Pipeline\\Pipeline.php(128): Illuminate\\Foundation\\Http\\Kernel->Illuminate\\Foundation\\Http\\{closure}(Object(Illuminate\\Http\\Request))
#34 C:\\SXampp\\htdocs\\Jacwan\\affiliate\\vendor\\laravel\\framework\\src\\Illuminate\\Foundation\\Http\\Middleware\\TransformsRequest.php(21): Illuminate\\Pipeline\\Pipeline->Illuminate\\Pipeline\\{closure}(Object(Illuminate\\Http\\Request))
#35 C:\\SXampp\\htdocs\\Jacwan\\affiliate\\vendor\\laravel\\framework\\src\\Illuminate\\Pipeline\\Pipeline.php(167): Illuminate\\Foundation\\Http\\Middleware\\TransformsRequest->handle(Object(Illuminate\\Http\\Request), Object(Closure))
#36 C:\\SXampp\\htdocs\\Jacwan\\affiliate\\vendor\\laravel\\framework\\src\\Illuminate\\Foundation\\Http\\Middleware\\TransformsRequest.php(21): Illuminate\\Pipeline\\Pipeline->Illuminate\\Pipeline\\{closure}(Object(Illuminate\\Http\\Request))
#37 C:\\SXampp\\htdocs\\Jacwan\\affiliate\\vendor\\laravel\\framework\\src\\Illuminate\\Pipeline\\Pipeline.php(167): Illuminate\\Foundation\\Http\\Middleware\\TransformsRequest->handle(Object(Illuminate\\Http\\Request), Object(Closure))
#38 C:\\SXampp\\htdocs\\Jacwan\\affiliate\\vendor\\laravel\\framework\\src\\Illuminate\\Foundation\\Http\\Middleware\\ValidatePostSize.php(27): Illuminate\\Pipeline\\Pipeline->Illuminate\\Pipeline\\{closure}(Object(Illuminate\\Http\\Request))
#39 C:\\SXampp\\htdocs\\Jacwan\\affiliate\\vendor\\laravel\\framework\\src\\Illuminate\\Pipeline\\Pipeline.php(167): Illuminate\\Foundation\\Http\\Middleware\\ValidatePostSize->handle(Object(Illuminate\\Http\\Request), Object(Closure))
#40 C:\\SXampp\\htdocs\\Jacwan\\affiliate\\vendor\\laravel\\framework\\src\\Illuminate\\Foundation\\Http\\Middleware\\CheckForMaintenanceMode.php(63): Illuminate\\Pipeline\\Pipeline->Illuminate\\Pipeline\\{closure}(Object(Illuminate\\Http\\Request))
#41 C:\\SXampp\\htdocs\\Jacwan\\affiliate\\vendor\\laravel\\framework\\src\\Illuminate\\Pipeline\\Pipeline.php(167): Illuminate\\Foundation\\Http\\Middleware\\CheckForMaintenanceMode->handle(Object(Illuminate\\Http\\Request), Object(Closure))
#42 C:\\SXampp\\htdocs\\Jacwan\\affiliate\\vendor\\fruitcake\\laravel-cors\\src\\HandleCors.php(37): Illuminate\\Pipeline\\Pipeline->Illuminate\\Pipeline\\{closure}(Object(Illuminate\\Http\\Request))
#43 C:\\SXampp\\htdocs\\Jacwan\\affiliate\\vendor\\laravel\\framework\\src\\Illuminate\\Pipeline\\Pipeline.php(167): Fruitcake\\Cors\\HandleCors->handle(Object(Illuminate\\Http\\Request), Object(Closure))
#44 C:\\SXampp\\htdocs\\Jacwan\\affiliate\\vendor\\fideloper\\proxy\\src\\TrustProxies.php(57): Illuminate\\Pipeline\\Pipeline->Illuminate\\Pipeline\\{closure}(Object(Illuminate\\Http\\Request))
#45 C:\\SXampp\\htdocs\\Jacwan\\affiliate\\vendor\\laravel\\framework\\src\\Illuminate\\Pipeline\\Pipeline.php(167): Fideloper\\Proxy\\TrustProxies->handle(Object(Illuminate\\Http\\Request), Object(Closure))
#46 C:\\SXampp\\htdocs\\Jacwan\\affiliate\\vendor\\laravel\\framework\\src\\Illuminate\\Pipeline\\Pipeline.php(103): Illuminate\\Pipeline\\Pipeline->Illuminate\\Pipeline\\{closure}(Object(Illuminate\\Http\\Request))
#47 C:\\SXampp\\htdocs\\Jacwan\\affiliate\\vendor\\laravel\\framework\\src\\Illuminate\\Foundation\\Http\\Kernel.php(140): Illuminate\\Pipeline\\Pipeline->then(Object(Closure))
#48 C:\\SXampp\\htdocs\\Jacwan\\affiliate\\vendor\\laravel\\framework\\src\\Illuminate\\Foundation\\Http\\Kernel.php(109): Illuminate\\Foundation\\Http\\Kernel->sendRequestThroughRouter(Object(Illuminate\\Http\\Request))
#49 C:\\SXampp\\htdocs\\Jacwan\\affiliate\\index.php(55): Illuminate\\Foundation\\Http\\Kernel->handle(Object(Illuminate\\Http\\Request))
#50 {main}
"} 
[2022-05-11 13:04:43] local.ERROR: There are no commands defined in the "catch" namespace. {"exception":"[object] (Symfony\\Component\\Console\\Exception\\NamespaceNotFoundException(code: 0): There are no commands defined in the \"catch\" namespace. at C:\\SXampp\\htdocs\\Jacwan\\affiliate\\vendor\\symfony\\console\\Application.php:605)
[stacktrace]
#0 C:\\SXampp\\htdocs\\Jacwan\\affiliate\\vendor\\symfony\\console\\Application.php(656): Symfony\\Component\\Console\\Application->findNamespace('catch')
#1 C:\\SXampp\\htdocs\\Jacwan\\affiliate\\vendor\\symfony\\console\\Application.php(254): Symfony\\Component\\Console\\Application->find('catch:clear')
#2 C:\\SXampp\\htdocs\\Jacwan\\affiliate\\vendor\\symfony\\console\\Application.php(166): Symfony\\Component\\Console\\Application->doRun(Object(Symfony\\Component\\Console\\Input\\ArgvInput), Object(Symfony\\Component\\Console\\Output\\ConsoleOutput))
#3 C:\\SXampp\\htdocs\\Jacwan\\affiliate\\vendor\\laravel\\framework\\src\\Illuminate\\Console\\Application.php(93): Symfony\\Component\\Console\\Application->run(Object(Symfony\\Component\\Console\\Input\\ArgvInput), Object(Symfony\\Component\\Console\\Output\\ConsoleOutput))
#4 C:\\SXampp\\htdocs\\Jacwan\\affiliate\\vendor\\laravel\\framework\\src\\Illuminate\\Foundation\\Console\\Kernel.php(129): Illuminate\\Console\\Application->run(Object(Symfony\\Component\\Console\\Input\\ArgvInput), Object(Symfony\\Component\\Console\\Output\\ConsoleOutput))
#5 C:\\SXampp\\htdocs\\Jacwan\\affiliate\\artisan(37): Illuminate\\Foundation\\Console\\Kernel->handle(Object(Symfony\\Component\\Console\\Input\\ArgvInput), Object(Symfony\\Component\\Console\\Output\\ConsoleOutput))
#6 {main}
"} 
[2022-05-11 13:04:51] local.ERROR: There are no commands defined in the "catch" namespace. {"exception":"[object] (Symfony\\Component\\Console\\Exception\\NamespaceNotFoundException(code: 0): There are no commands defined in the \"catch\" namespace. at C:\\SXampp\\htdocs\\Jacwan\\affiliate\\vendor\\symfony\\console\\Application.php:605)
[stacktrace]
#0 C:\\SXampp\\htdocs\\Jacwan\\affiliate\\vendor\\symfony\\console\\Application.php(656): Symfony\\Component\\Console\\Application->findNamespace('catch')
#1 C:\\SXampp\\htdocs\\Jacwan\\affiliate\\vendor\\symfony\\console\\Application.php(254): Symfony\\Component\\Console\\Application->find('catch:clean')
#2 C:\\SXampp\\htdocs\\Jacwan\\affiliate\\vendor\\symfony\\console\\Application.php(166): Symfony\\Component\\Console\\Application->doRun(Object(Symfony\\Component\\Console\\Input\\ArgvInput), Object(Symfony\\Component\\Console\\Output\\ConsoleOutput))
#3 C:\\SXampp\\htdocs\\Jacwan\\affiliate\\vendor\\laravel\\framework\\src\\Illuminate\\Console\\Application.php(93): Symfony\\Component\\Console\\Application->run(Object(Symfony\\Component\\Console\\Input\\ArgvInput), Object(Symfony\\Component\\Console\\Output\\ConsoleOutput))
#4 C:\\SXampp\\htdocs\\Jacwan\\affiliate\\vendor\\laravel\\framework\\src\\Illuminate\\Foundation\\Console\\Kernel.php(129): Illuminate\\Console\\Application->run(Object(Symfony\\Component\\Console\\Input\\ArgvInput), Object(Symfony\\Component\\Console\\Output\\ConsoleOutput))
#5 C:\\SXampp\\htdocs\\Jacwan\\affiliate\\artisan(37): Illuminate\\Foundation\\Console\\Kernel->handle(Object(Symfony\\Component\\Console\\Input\\ArgvInput), Object(Symfony\\Component\\Console\\Output\\ConsoleOutput))
#6 {main}
"} 
[2022-05-11 13:05:04] local.ERROR: Command "view:clean" is not defined.

Did you mean one of these?
    cache:clear
    config:clear
    event:clear
    optimize:clear
    route:clear
    view:cache
    view:clear {"exception":"[object] (Symfony\\Component\\Console\\Exception\\CommandNotFoundException(code: 0): Command \"view:clean\" is not defined.

Did you mean one of these?
    cache:clear
    config:clear
    event:clear
    optimize:clear
    route:clear
    view:cache
    view:clear at C:\\SXampp\\htdocs\\Jacwan\\affiliate\\vendor\\symfony\\console\\Application.php:675)
[stacktrace]
#0 C:\\SXampp\\htdocs\\Jacwan\\affiliate\\vendor\\symfony\\console\\Application.php(254): Symfony\\Component\\Console\\Application->find('view:clean')
#1 C:\\SXampp\\htdocs\\Jacwan\\affiliate\\vendor\\symfony\\console\\Application.php(166): Symfony\\Component\\Console\\Application->doRun(Object(Symfony\\Component\\Console\\Input\\ArgvInput), Object(Symfony\\Component\\Console\\Output\\ConsoleOutput))
#2 C:\\SXampp\\htdocs\\Jacwan\\affiliate\\vendor\\laravel\\framework\\src\\Illuminate\\Console\\Application.php(93): Symfony\\Component\\Console\\Application->run(Object(Symfony\\Component\\Console\\Input\\ArgvInput), Object(Symfony\\Component\\Console\\Output\\ConsoleOutput))
#3 C:\\SXampp\\htdocs\\Jacwan\\affiliate\\vendor\\laravel\\framework\\src\\Illuminate\\Foundation\\Console\\Kernel.php(129): Illuminate\\Console\\Application->run(Object(Symfony\\Component\\Console\\Input\\ArgvInput), Object(Symfony\\Component\\Console\\Output\\ConsoleOutput))
#4 C:\\SXampp\\htdocs\\Jacwan\\affiliate\\artisan(37): Illuminate\\Foundation\\Console\\Kernel->handle(Object(Symfony\\Component\\Console\\Input\\ArgvInput), Object(Symfony\\Component\\Console\\Output\\ConsoleOutput))
#5 {main}
"} 
[2022-05-11 19:07:52] local.ERROR: Failed to authenticate on SMTP server with username "support@sohojaffiliates.com" using 2 possible authenticators. Authenticator LOGIN returned Expected response code 235 but got code "535", with message "535 Incorrect authentication data
". Authenticator PLAIN returned Expected response code 235 but got code "535", with message "535 Incorrect authentication data
". {"exception":"[object] (Swift_TransportException(code: 0): Failed to authenticate on SMTP server with username \"support@sohojaffiliates.com\" using 2 possible authenticators. Authenticator LOGIN returned Expected response code 235 but got code \"535\", with message \"535 Incorrect authentication data
\". Authenticator PLAIN returned Expected response code 235 but got code \"535\", with message \"535 Incorrect authentication data
\". at C:\\SXampp\\htdocs\\Jacwan\\affiliate\\vendor\\swiftmailer\\swiftmailer\\lib\\classes\\Swift\\Transport\\Esmtp\\AuthHandler.php:191)
[stacktrace]
#0 C:\\SXampp\\htdocs\\Jacwan\\affiliate\\vendor\\swiftmailer\\swiftmailer\\lib\\classes\\Swift\\Transport\\EsmtpTransport.php(371): Swift_Transport_Esmtp_AuthHandler->afterEhlo(Object(Swift_SmtpTransport))
#1 C:\\SXampp\\htdocs\\Jacwan\\affiliate\\vendor\\swiftmailer\\swiftmailer\\lib\\classes\\Swift\\Transport\\AbstractSmtpTransport.php(148): Swift_Transport_EsmtpTransport->doHeloCommand()
#2 C:\\SXampp\\htdocs\\Jacwan\\affiliate\\vendor\\swiftmailer\\swiftmailer\\lib\\classes\\Swift\\Mailer.php(65): Swift_Transport_AbstractSmtpTransport->start()
#3 C:\\SXampp\\htdocs\\Jacwan\\affiliate\\vendor\\laravel\\framework\\src\\Illuminate\\Mail\\Mailer.php(521): Swift_Mailer->send(Object(Swift_Message), Array)
#4 C:\\SXampp\\htdocs\\Jacwan\\affiliate\\vendor\\laravel\\framework\\src\\Illuminate\\Mail\\Mailer.php(288): Illuminate\\Mail\\Mailer->sendSwiftMessage(Object(Swift_Message))
#5 C:\\SXampp\\htdocs\\Jacwan\\affiliate\\vendor\\laravel\\framework\\src\\Illuminate\\Mail\\MailManager.php(466): Illuminate\\Mail\\Mailer->send(NULL, Array, Object(Closure))
#6 C:\\SXampp\\htdocs\\Jacwan\\affiliate\\vendor\\laravel\\framework\\src\\Illuminate\\Support\\Facades\\Facade.php(261): Illuminate\\Mail\\MailManager->__call('send', Array)
#7 C:\\SXampp\\htdocs\\Jacwan\\affiliate\\app\\Http\\Controllers\\HomeController.php(1353): Illuminate\\Support\\Facades\\Facade::__callStatic('send', Array)
#8 C:\\SXampp\\htdocs\\Jacwan\\affiliate\\vendor\\laravel\\framework\\src\\Illuminate\\Routing\\Controller.php(54): App\\Http\\Controllers\\HomeController->email_check(Object(Illuminate\\Http\\Request))
#9 C:\\SXampp\\htdocs\\Jacwan\\affiliate\\vendor\\laravel\\framework\\src\\Illuminate\\Routing\\ControllerDispatcher.php(45): Illuminate\\Routing\\Controller->callAction('email_check', Array)
#10 C:\\SXampp\\htdocs\\Jacwan\\affiliate\\vendor\\laravel\\framework\\src\\Illuminate\\Routing\\Route.php(239): Illuminate\\Routing\\ControllerDispatcher->dispatch(Object(Illuminate\\Routing\\Route), Object(App\\Http\\Controllers\\HomeController), 'email_check')
#11 C:\\SXampp\\htdocs\\Jacwan\\affiliate\\vendor\\laravel\\framework\\src\\Illuminate\\Routing\\Route.php(196): Illuminate\\Routing\\Route->runController()
#12 C:\\SXampp\\htdocs\\Jacwan\\affiliate\\vendor\\laravel\\framework\\src\\Illuminate\\Routing\\Router.php(685): Illuminate\\Routing\\Route->run()
#13 C:\\SXampp\\htdocs\\Jacwan\\affiliate\\vendor\\laravel\\framework\\src\\Illuminate\\Pipeline\\Pipeline.php(128): Illuminate\\Routing\\Router->Illuminate\\Routing\\{closure}(Object(Illuminate\\Http\\Request))
#14 C:\\SXampp\\htdocs\\Jacwan\\affiliate\\vendor\\laravel\\framework\\src\\Illuminate\\Routing\\Middleware\\SubstituteBindings.php(41): Illuminate\\Pipeline\\Pipeline->Illuminate\\Pipeline\\{closure}(Object(Illuminate\\Http\\Request))
#15 C:\\SXampp\\htdocs\\Jacwan\\affiliate\\vendor\\laravel\\framework\\src\\Illuminate\\Pipeline\\Pipeline.php(167): Illuminate\\Routing\\Middleware\\SubstituteBindings->handle(Object(Illuminate\\Http\\Request), Object(Closure))
#16 C:\\SXampp\\htdocs\\Jacwan\\affiliate\\vendor\\laravel\\framework\\src\\Illuminate\\Foundation\\Http\\Middleware\\VerifyCsrfToken.php(78): Illuminate\\Pipeline\\Pipeline->Illuminate\\Pipeline\\{closure}(Object(Illuminate\\Http\\Request))
#17 C:\\SXampp\\htdocs\\Jacwan\\affiliate\\vendor\\laravel\\framework\\src\\Illuminate\\Pipeline\\Pipeline.php(167): Illuminate\\Foundation\\Http\\Middleware\\VerifyCsrfToken->handle(Object(Illuminate\\Http\\Request), Object(Closure))
#18 C:\\SXampp\\htdocs\\Jacwan\\affiliate\\vendor\\laravel\\framework\\src\\Illuminate\\View\\Middleware\\ShareErrorsFromSession.php(49): Illuminate\\Pipeline\\Pipeline->Illuminate\\Pipeline\\{closure}(Object(Illuminate\\Http\\Request))
#19 C:\\SXampp\\htdocs\\Jacwan\\affiliate\\vendor\\laravel\\framework\\src\\Illuminate\\Pipeline\\Pipeline.php(167): Illuminate\\View\\Middleware\\ShareErrorsFromSession->handle(Object(Illuminate\\Http\\Request), Object(Closure))
#20 C:\\SXampp\\htdocs\\Jacwan\\affiliate\\vendor\\laravel\\framework\\src\\Illuminate\\Session\\Middleware\\StartSession.php(116): Illuminate\\Pipeline\\Pipeline->Illuminate\\Pipeline\\{closure}(Object(Illuminate\\Http\\Request))
#21 C:\\SXampp\\htdocs\\Jacwan\\affiliate\\vendor\\laravel\\framework\\src\\Illuminate\\Session\\Middleware\\StartSession.php(62): Illuminate\\Session\\Middleware\\StartSession->handleStatefulRequest(Object(Illuminate\\Http\\Request), Object(Illuminate\\Session\\Store), Object(Closure))
#22 C:\\SXampp\\htdocs\\Jacwan\\affiliate\\vendor\\laravel\\framework\\src\\Illuminate\\Pipeline\\Pipeline.php(167): Illuminate\\Session\\Middleware\\StartSession->handle(Object(Illuminate\\Http\\Request), Object(Closure))
#23 C:\\SXampp\\htdocs\\Jacwan\\affiliate\\vendor\\laravel\\framework\\src\\Illuminate\\Cookie\\Middleware\\AddQueuedCookiesToResponse.php(37): Illuminate\\Pipeline\\Pipeline->Illuminate\\Pipeline\\{closure}(Object(Illuminate\\Http\\Request))
#24 C:\\SXampp\\htdocs\\Jacwan\\affiliate\\vendor\\laravel\\framework\\src\\Illuminate\\Pipeline\\Pipeline.php(167): Illuminate\\Cookie\\Middleware\\AddQueuedCookiesToResponse->handle(Object(Illuminate\\Http\\Request), Object(Closure))
#25 C:\\SXampp\\htdocs\\Jacwan\\affiliate\\vendor\\laravel\\framework\\src\\Illuminate\\Cookie\\Middleware\\EncryptCookies.php(67): Illuminate\\Pipeline\\Pipeline->Illuminate\\Pipeline\\{closure}(Object(Illuminate\\Http\\Request))
#26 C:\\SXampp\\htdocs\\Jacwan\\affiliate\\vendor\\laravel\\framework\\src\\Illuminate\\Pipeline\\Pipeline.php(167): Illuminate\\Cookie\\Middleware\\EncryptCookies->handle(Object(Illuminate\\Http\\Request), Object(Closure))
#27 C:\\SXampp\\htdocs\\Jacwan\\affiliate\\vendor\\laravel\\framework\\src\\Illuminate\\Pipeline\\Pipeline.php(103): Illuminate\\Pipeline\\Pipeline->Illuminate\\Pipeline\\{closure}(Object(Illuminate\\Http\\Request))
#28 C:\\SXampp\\htdocs\\Jacwan\\affiliate\\vendor\\laravel\\framework\\src\\Illuminate\\Routing\\Router.php(687): Illuminate\\Pipeline\\Pipeline->then(Object(Closure))
#29 C:\\SXampp\\htdocs\\Jacwan\\affiliate\\vendor\\laravel\\framework\\src\\Illuminate\\Routing\\Router.php(662): Illuminate\\Routing\\Router->runRouteWithinStack(Object(Illuminate\\Routing\\Route), Object(Illuminate\\Http\\Request))
#30 C:\\SXampp\\htdocs\\Jacwan\\affiliate\\vendor\\laravel\\framework\\src\\Illuminate\\Routing\\Router.php(628): Illuminate\\Routing\\Router->runRoute(Object(Illuminate\\Http\\Request), Object(Illuminate\\Routing\\Route))
#31 C:\\SXampp\\htdocs\\Jacwan\\affiliate\\vendor\\laravel\\framework\\src\\Illuminate\\Routing\\Router.php(617): Illuminate\\Routing\\Router->dispatchToRoute(Object(Illuminate\\Http\\Request))
#32 C:\\SXampp\\htdocs\\Jacwan\\affiliate\\vendor\\laravel\\framework\\src\\Illuminate\\Foundation\\Http\\Kernel.php(165): Illuminate\\Routing\\Router->dispatch(Object(Illuminate\\Http\\Request))
#33 C:\\SXampp\\htdocs\\Jacwan\\affiliate\\vendor\\laravel\\framework\\src\\Illuminate\\Pipeline\\Pipeline.php(128): Illuminate\\Foundation\\Http\\Kernel->Illuminate\\Foundation\\Http\\{closure}(Object(Illuminate\\Http\\Request))
#34 C:\\SXampp\\htdocs\\Jacwan\\affiliate\\vendor\\laravel\\framework\\src\\Illuminate\\Foundation\\Http\\Middleware\\TransformsRequest.php(21): Illuminate\\Pipeline\\Pipeline->Illuminate\\Pipeline\\{closure}(Object(Illuminate\\Http\\Request))
#35 C:\\SXampp\\htdocs\\Jacwan\\affiliate\\vendor\\laravel\\framework\\src\\Illuminate\\Pipeline\\Pipeline.php(167): Illuminate\\Foundation\\Http\\Middleware\\TransformsRequest->handle(Object(Illuminate\\Http\\Request), Object(Closure))
#36 C:\\SXampp\\htdocs\\Jacwan\\affiliate\\vendor\\laravel\\framework\\src\\Illuminate\\Foundation\\Http\\Middleware\\TransformsRequest.php(21): Illuminate\\Pipeline\\Pipeline->Illuminate\\Pipeline\\{closure}(Object(Illuminate\\Http\\Request))
#37 C:\\SXampp\\htdocs\\Jacwan\\affiliate\\vendor\\laravel\\framework\\src\\Illuminate\\Pipeline\\Pipeline.php(167): Illuminate\\Foundation\\Http\\Middleware\\TransformsRequest->handle(Object(Illuminate\\Http\\Request), Object(Closure))
#38 C:\\SXampp\\htdocs\\Jacwan\\affiliate\\vendor\\laravel\\framework\\src\\Illuminate\\Foundation\\Http\\Middleware\\ValidatePostSize.php(27): Illuminate\\Pipeline\\Pipeline->Illuminate\\Pipeline\\{closure}(Object(Illuminate\\Http\\Request))
#39 C:\\SXampp\\htdocs\\Jacwan\\affiliate\\vendor\\laravel\\framework\\src\\Illuminate\\Pipeline\\Pipeline.php(167): Illuminate\\Foundation\\Http\\Middleware\\ValidatePostSize->handle(Object(Illuminate\\Http\\Request), Object(Closure))
#40 C:\\SXampp\\htdocs\\Jacwan\\affiliate\\vendor\\laravel\\framework\\src\\Illuminate\\Foundation\\Http\\Middleware\\CheckForMaintenanceMode.php(63): Illuminate\\Pipeline\\Pipeline->Illuminate\\Pipeline\\{closure}(Object(Illuminate\\Http\\Request))
#41 C:\\SXampp\\htdocs\\Jacwan\\affiliate\\vendor\\laravel\\framework\\src\\Illuminate\\Pipeline\\Pipeline.php(167): Illuminate\\Foundation\\Http\\Middleware\\CheckForMaintenanceMode->handle(Object(Illuminate\\Http\\Request), Object(Closure))
#42 C:\\SXampp\\htdocs\\Jacwan\\affiliate\\vendor\\fruitcake\\laravel-cors\\src\\HandleCors.php(37): Illuminate\\Pipeline\\Pipeline->Illuminate\\Pipeline\\{closure}(Object(Illuminate\\Http\\Request))
#43 C:\\SXampp\\htdocs\\Jacwan\\affiliate\\vendor\\laravel\\framework\\src\\Illuminate\\Pipeline\\Pipeline.php(167): Fruitcake\\Cors\\HandleCors->handle(Object(Illuminate\\Http\\Request), Object(Closure))
#44 C:\\SXampp\\htdocs\\Jacwan\\affiliate\\vendor\\fideloper\\proxy\\src\\TrustProxies.php(57): Illuminate\\Pipeline\\Pipeline->Illuminate\\Pipeline\\{closure}(Object(Illuminate\\Http\\Request))
#45 C:\\SXampp\\htdocs\\Jacwan\\affiliate\\vendor\\laravel\\framework\\src\\Illuminate\\Pipeline\\Pipeline.php(167): Fideloper\\Proxy\\TrustProxies->handle(Object(Illuminate\\Http\\Request), Object(Closure))
#46 C:\\SXampp\\htdocs\\Jacwan\\affiliate\\vendor\\laravel\\framework\\src\\Illuminate\\Pipeline\\Pipeline.php(103): Illuminate\\Pipeline\\Pipeline->Illuminate\\Pipeline\\{closure}(Object(Illuminate\\Http\\Request))
#47 C:\\SXampp\\htdocs\\Jacwan\\affiliate\\vendor\\laravel\\framework\\src\\Illuminate\\Foundation\\Http\\Kernel.php(140): Illuminate\\Pipeline\\Pipeline->then(Object(Closure))
#48 C:\\SXampp\\htdocs\\Jacwan\\affiliate\\vendor\\laravel\\framework\\src\\Illuminate\\Foundation\\Http\\Kernel.php(109): Illuminate\\Foundation\\Http\\Kernel->sendRequestThroughRouter(Object(Illuminate\\Http\\Request))
#49 C:\\SXampp\\htdocs\\Jacwan\\affiliate\\index.php(55): Illuminate\\Foundation\\Http\\Kernel->handle(Object(Illuminate\\Http\\Request))
#50 {main}
"} 
[2022-05-11 19:10:37] local.ERROR: Failed to authenticate on SMTP server with username "support@sohojaffiliates.com" using 2 possible authenticators. Authenticator LOGIN returned Expected response code 235 but got code "535", with message "535 Incorrect authentication data
". Authenticator PLAIN returned Expected response code 235 but got code "535", with message "535 Incorrect authentication data
". {"exception":"[object] (Swift_TransportException(code: 0): Failed to authenticate on SMTP server with username \"support@sohojaffiliates.com\" using 2 possible authenticators. Authenticator LOGIN returned Expected response code 235 but got code \"535\", with message \"535 Incorrect authentication data
\". Authenticator PLAIN returned Expected response code 235 but got code \"535\", with message \"535 Incorrect authentication data
\". at C:\\SXampp\\htdocs\\Jacwan\\affiliate\\vendor\\swiftmailer\\swiftmailer\\lib\\classes\\Swift\\Transport\\Esmtp\\AuthHandler.php:191)
[stacktrace]
#0 C:\\SXampp\\htdocs\\Jacwan\\affiliate\\vendor\\swiftmailer\\swiftmailer\\lib\\classes\\Swift\\Transport\\EsmtpTransport.php(371): Swift_Transport_Esmtp_AuthHandler->afterEhlo(Object(Swift_SmtpTransport))
#1 C:\\SXampp\\htdocs\\Jacwan\\affiliate\\vendor\\swiftmailer\\swiftmailer\\lib\\classes\\Swift\\Transport\\AbstractSmtpTransport.php(148): Swift_Transport_EsmtpTransport->doHeloCommand()
#2 C:\\SXampp\\htdocs\\Jacwan\\affiliate\\vendor\\swiftmailer\\swiftmailer\\lib\\classes\\Swift\\Mailer.php(65): Swift_Transport_AbstractSmtpTransport->start()
#3 C:\\SXampp\\htdocs\\Jacwan\\affiliate\\vendor\\laravel\\framework\\src\\Illuminate\\Mail\\Mailer.php(521): Swift_Mailer->send(Object(Swift_Message), Array)
#4 C:\\SXampp\\htdocs\\Jacwan\\affiliate\\vendor\\laravel\\framework\\src\\Illuminate\\Mail\\Mailer.php(288): Illuminate\\Mail\\Mailer->sendSwiftMessage(Object(Swift_Message))
#5 C:\\SXampp\\htdocs\\Jacwan\\affiliate\\vendor\\laravel\\framework\\src\\Illuminate\\Mail\\MailManager.php(466): Illuminate\\Mail\\Mailer->send(NULL, Array, Object(Closure))
#6 C:\\SXampp\\htdocs\\Jacwan\\affiliate\\vendor\\laravel\\framework\\src\\Illuminate\\Support\\Facades\\Facade.php(261): Illuminate\\Mail\\MailManager->__call('send', Array)
#7 C:\\SXampp\\htdocs\\Jacwan\\affiliate\\app\\Http\\Controllers\\HomeController.php(1353): Illuminate\\Support\\Facades\\Facade::__callStatic('send', Array)
#8 C:\\SXampp\\htdocs\\Jacwan\\affiliate\\vendor\\laravel\\framework\\src\\Illuminate\\Routing\\Controller.php(54): App\\Http\\Controllers\\HomeController->email_check(Object(Illuminate\\Http\\Request))
#9 C:\\SXampp\\htdocs\\Jacwan\\affiliate\\vendor\\laravel\\framework\\src\\Illuminate\\Routing\\ControllerDispatcher.php(45): Illuminate\\Routing\\Controller->callAction('email_check', Array)
#10 C:\\SXampp\\htdocs\\Jacwan\\affiliate\\vendor\\laravel\\framework\\src\\Illuminate\\Routing\\Route.php(239): Illuminate\\Routing\\ControllerDispatcher->dispatch(Object(Illuminate\\Routing\\Route), Object(App\\Http\\Controllers\\HomeController), 'email_check')
#11 C:\\SXampp\\htdocs\\Jacwan\\affiliate\\vendor\\laravel\\framework\\src\\Illuminate\\Routing\\Route.php(196): Illuminate\\Routing\\Route->runController()
#12 C:\\SXampp\\htdocs\\Jacwan\\affiliate\\vendor\\laravel\\framework\\src\\Illuminate\\Routing\\Router.php(685): Illuminate\\Routing\\Route->run()
#13 C:\\SXampp\\htdocs\\Jacwan\\affiliate\\vendor\\laravel\\framework\\src\\Illuminate\\Pipeline\\Pipeline.php(128): Illuminate\\Routing\\Router->Illuminate\\Routing\\{closure}(Object(Illuminate\\Http\\Request))
#14 C:\\SXampp\\htdocs\\Jacwan\\affiliate\\vendor\\laravel\\framework\\src\\Illuminate\\Routing\\Middleware\\SubstituteBindings.php(41): Illuminate\\Pipeline\\Pipeline->Illuminate\\Pipeline\\{closure}(Object(Illuminate\\Http\\Request))
#15 C:\\SXampp\\htdocs\\Jacwan\\affiliate\\vendor\\laravel\\framework\\src\\Illuminate\\Pipeline\\Pipeline.php(167): Illuminate\\Routing\\Middleware\\SubstituteBindings->handle(Object(Illuminate\\Http\\Request), Object(Closure))
#16 C:\\SXampp\\htdocs\\Jacwan\\affiliate\\vendor\\laravel\\framework\\src\\Illuminate\\Foundation\\Http\\Middleware\\VerifyCsrfToken.php(78): Illuminate\\Pipeline\\Pipeline->Illuminate\\Pipeline\\{closure}(Object(Illuminate\\Http\\Request))
#17 C:\\SXampp\\htdocs\\Jacwan\\affiliate\\vendor\\laravel\\framework\\src\\Illuminate\\Pipeline\\Pipeline.php(167): Illuminate\\Foundation\\Http\\Middleware\\VerifyCsrfToken->handle(Object(Illuminate\\Http\\Request), Object(Closure))
#18 C:\\SXampp\\htdocs\\Jacwan\\affiliate\\vendor\\laravel\\framework\\src\\Illuminate\\View\\Middleware\\ShareErrorsFromSession.php(49): Illuminate\\Pipeline\\Pipeline->Illuminate\\Pipeline\\{closure}(Object(Illuminate\\Http\\Request))
#19 C:\\SXampp\\htdocs\\Jacwan\\affiliate\\vendor\\laravel\\framework\\src\\Illuminate\\Pipeline\\Pipeline.php(167): Illuminate\\View\\Middleware\\ShareErrorsFromSession->handle(Object(Illuminate\\Http\\Request), Object(Closure))
#20 C:\\SXampp\\htdocs\\Jacwan\\affiliate\\vendor\\laravel\\framework\\src\\Illuminate\\Session\\Middleware\\StartSession.php(116): Illuminate\\Pipeline\\Pipeline->Illuminate\\Pipeline\\{closure}(Object(Illuminate\\Http\\Request))
#21 C:\\SXampp\\htdocs\\Jacwan\\affiliate\\vendor\\laravel\\framework\\src\\Illuminate\\Session\\Middleware\\StartSession.php(62): Illuminate\\Session\\Middleware\\StartSession->handleStatefulRequest(Object(Illuminate\\Http\\Request), Object(Illuminate\\Session\\Store), Object(Closure))
#22 C:\\SXampp\\htdocs\\Jacwan\\affiliate\\vendor\\laravel\\framework\\src\\Illuminate\\Pipeline\\Pipeline.php(167): Illuminate\\Session\\Middleware\\StartSession->handle(Object(Illuminate\\Http\\Request), Object(Closure))
#23 C:\\SXampp\\htdocs\\Jacwan\\affiliate\\vendor\\laravel\\framework\\src\\Illuminate\\Cookie\\Middleware\\AddQueuedCookiesToResponse.php(37): Illuminate\\Pipeline\\Pipeline->Illuminate\\Pipeline\\{closure}(Object(Illuminate\\Http\\Request))
#24 C:\\SXampp\\htdocs\\Jacwan\\affiliate\\vendor\\laravel\\framework\\src\\Illuminate\\Pipeline\\Pipeline.php(167): Illuminate\\Cookie\\Middleware\\AddQueuedCookiesToResponse->handle(Object(Illuminate\\Http\\Request), Object(Closure))
#25 C:\\SXampp\\htdocs\\Jacwan\\affiliate\\vendor\\laravel\\framework\\src\\Illuminate\\Cookie\\Middleware\\EncryptCookies.php(67): Illuminate\\Pipeline\\Pipeline->Illuminate\\Pipeline\\{closure}(Object(Illuminate\\Http\\Request))
#26 C:\\SXampp\\htdocs\\Jacwan\\affiliate\\vendor\\laravel\\framework\\src\\Illuminate\\Pipeline\\Pipeline.php(167): Illuminate\\Cookie\\Middleware\\EncryptCookies->handle(Object(Illuminate\\Http\\Request), Object(Closure))
#27 C:\\SXampp\\htdocs\\Jacwan\\affiliate\\vendor\\laravel\\framework\\src\\Illuminate\\Pipeline\\Pipeline.php(103): Illuminate\\Pipeline\\Pipeline->Illuminate\\Pipeline\\{closure}(Object(Illuminate\\Http\\Request))
#28 C:\\SXampp\\htdocs\\Jacwan\\affiliate\\vendor\\laravel\\framework\\src\\Illuminate\\Routing\\Router.php(687): Illuminate\\Pipeline\\Pipeline->then(Object(Closure))
#29 C:\\SXampp\\htdocs\\Jacwan\\affiliate\\vendor\\laravel\\framework\\src\\Illuminate\\Routing\\Router.php(662): Illuminate\\Routing\\Router->runRouteWithinStack(Object(Illuminate\\Routing\\Route), Object(Illuminate\\Http\\Request))
#30 C:\\SXampp\\htdocs\\Jacwan\\affiliate\\vendor\\laravel\\framework\\src\\Illuminate\\Routing\\Router.php(628): Illuminate\\Routing\\Router->runRoute(Object(Illuminate\\Http\\Request), Object(Illuminate\\Routing\\Route))
#31 C:\\SXampp\\htdocs\\Jacwan\\affiliate\\vendor\\laravel\\framework\\src\\Illuminate\\Routing\\Router.php(617): Illuminate\\Routing\\Router->dispatchToRoute(Object(Illuminate\\Http\\Request))
#32 C:\\SXampp\\htdocs\\Jacwan\\affiliate\\vendor\\laravel\\framework\\src\\Illuminate\\Foundation\\Http\\Kernel.php(165): Illuminate\\Routing\\Router->dispatch(Object(Illuminate\\Http\\Request))
#33 C:\\SXampp\\htdocs\\Jacwan\\affiliate\\vendor\\laravel\\framework\\src\\Illuminate\\Pipeline\\Pipeline.php(128): Illuminate\\Foundation\\Http\\Kernel->Illuminate\\Foundation\\Http\\{closure}(Object(Illuminate\\Http\\Request))
#34 C:\\SXampp\\htdocs\\Jacwan\\affiliate\\vendor\\laravel\\framework\\src\\Illuminate\\Foundation\\Http\\Middleware\\TransformsRequest.php(21): Illuminate\\Pipeline\\Pipeline->Illuminate\\Pipeline\\{closure}(Object(Illuminate\\Http\\Request))
#35 C:\\SXampp\\htdocs\\Jacwan\\affiliate\\vendor\\laravel\\framework\\src\\Illuminate\\Pipeline\\Pipeline.php(167): Illuminate\\Foundation\\Http\\Middleware\\TransformsRequest->handle(Object(Illuminate\\Http\\Request), Object(Closure))
#36 C:\\SXampp\\htdocs\\Jacwan\\affiliate\\vendor\\laravel\\framework\\src\\Illuminate\\Foundation\\Http\\Middleware\\TransformsRequest.php(21): Illuminate\\Pipeline\\Pipeline->Illuminate\\Pipeline\\{closure}(Object(Illuminate\\Http\\Request))
#37 C:\\SXampp\\htdocs\\Jacwan\\affiliate\\vendor\\laravel\\framework\\src\\Illuminate\\Pipeline\\Pipeline.php(167): Illuminate\\Foundation\\Http\\Middleware\\TransformsRequest->handle(Object(Illuminate\\Http\\Request), Object(Closure))
#38 C:\\SXampp\\htdocs\\Jacwan\\affiliate\\vendor\\laravel\\framework\\src\\Illuminate\\Foundation\\Http\\Middleware\\ValidatePostSize.php(27): Illuminate\\Pipeline\\Pipeline->Illuminate\\Pipeline\\{closure}(Object(Illuminate\\Http\\Request))
#39 C:\\SXampp\\htdocs\\Jacwan\\affiliate\\vendor\\laravel\\framework\\src\\Illuminate\\Pipeline\\Pipeline.php(167): Illuminate\\Foundation\\Http\\Middleware\\ValidatePostSize->handle(Object(Illuminate\\Http\\Request), Object(Closure))
#40 C:\\SXampp\\htdocs\\Jacwan\\affiliate\\vendor\\laravel\\framework\\src\\Illuminate\\Foundation\\Http\\Middleware\\CheckForMaintenanceMode.php(63): Illuminate\\Pipeline\\Pipeline->Illuminate\\Pipeline\\{closure}(Object(Illuminate\\Http\\Request))
#41 C:\\SXampp\\htdocs\\Jacwan\\affiliate\\vendor\\laravel\\framework\\src\\Illuminate\\Pipeline\\Pipeline.php(167): Illuminate\\Foundation\\Http\\Middleware\\CheckForMaintenanceMode->handle(Object(Illuminate\\Http\\Request), Object(Closure))
#42 C:\\SXampp\\htdocs\\Jacwan\\affiliate\\vendor\\fruitcake\\laravel-cors\\src\\HandleCors.php(37): Illuminate\\Pipeline\\Pipeline->Illuminate\\Pipeline\\{closure}(Object(Illuminate\\Http\\Request))
#43 C:\\SXampp\\htdocs\\Jacwan\\affiliate\\vendor\\laravel\\framework\\src\\Illuminate\\Pipeline\\Pipeline.php(167): Fruitcake\\Cors\\HandleCors->handle(Object(Illuminate\\Http\\Request), Object(Closure))
#44 C:\\SXampp\\htdocs\\Jacwan\\affiliate\\vendor\\fideloper\\proxy\\src\\TrustProxies.php(57): Illuminate\\Pipeline\\Pipeline->Illuminate\\Pipeline\\{closure}(Object(Illuminate\\Http\\Request))
#45 C:\\SXampp\\htdocs\\Jacwan\\affiliate\\vendor\\laravel\\framework\\src\\Illuminate\\Pipeline\\Pipeline.php(167): Fideloper\\Proxy\\TrustProxies->handle(Object(Illuminate\\Http\\Request), Object(Closure))
#46 C:\\SXampp\\htdocs\\Jacwan\\affiliate\\vendor\\laravel\\framework\\src\\Illuminate\\Pipeline\\Pipeline.php(103): Illuminate\\Pipeline\\Pipeline->Illuminate\\Pipeline\\{closure}(Object(Illuminate\\Http\\Request))
#47 C:\\SXampp\\htdocs\\Jacwan\\affiliate\\vendor\\laravel\\framework\\src\\Illuminate\\Foundation\\Http\\Kernel.php(140): Illuminate\\Pipeline\\Pipeline->then(Object(Closure))
#48 C:\\SXampp\\htdocs\\Jacwan\\affiliate\\vendor\\laravel\\framework\\src\\Illuminate\\Foundation\\Http\\Kernel.php(109): Illuminate\\Foundation\\Http\\Kernel->sendRequestThroughRouter(Object(Illuminate\\Http\\Request))
#49 C:\\SXampp\\htdocs\\Jacwan\\affiliate\\index.php(55): Illuminate\\Foundation\\Http\\Kernel->handle(Object(Illuminate\\Http\\Request))
#50 {main}
"} 
[2022-05-11 13:18:35] local.ERROR: Unable to prepare route [clear-cache] for serialization. Uses Closure. {"exception":"[object] (LogicException(code: 0): Unable to prepare route [clear-cache] for serialization. Uses Closure. at C:\\SXampp\\htdocs\\Jacwan\\affiliate\\vendor\\laravel\\framework\\src\\Illuminate\\Routing\\Route.php:1150)
[stacktrace]
#0 C:\\SXampp\\htdocs\\Jacwan\\affiliate\\vendor\\laravel\\framework\\src\\Illuminate\\Foundation\\Console\\RouteCacheCommand.php(62): Illuminate\\Routing\\Route->prepareForSerialization()
#1 C:\\SXampp\\htdocs\\Jacwan\\affiliate\\vendor\\laravel\\framework\\src\\Illuminate\\Container\\BoundMethod.php(36): Illuminate\\Foundation\\Console\\RouteCacheCommand->handle()
#2 C:\\SXampp\\htdocs\\Jacwan\\affiliate\\vendor\\laravel\\framework\\src\\Illuminate\\Container\\Util.php(37): Illuminate\\Container\\BoundMethod::Illuminate\\Container\\{closure}()
#3 C:\\SXampp\\htdocs\\Jacwan\\affiliate\\vendor\\laravel\\framework\\src\\Illuminate\\Container\\BoundMethod.php(93): Illuminate\\Container\\Util::unwrapIfClosure(Object(Closure))
#4 C:\\SXampp\\htdocs\\Jacwan\\affiliate\\vendor\\laravel\\framework\\src\\Illuminate\\Container\\BoundMethod.php(37): Illuminate\\Container\\BoundMethod::callBoundMethod(Object(Illuminate\\Foundation\\Application), Array, Object(Closure))
#5 C:\\SXampp\\htdocs\\Jacwan\\affiliate\\vendor\\laravel\\framework\\src\\Illuminate\\Container\\Container.php(596): Illuminate\\Container\\BoundMethod::call(Object(Illuminate\\Foundation\\Application), Array, Array, NULL)
#6 C:\\SXampp\\htdocs\\Jacwan\\affiliate\\vendor\\laravel\\framework\\src\\Illuminate\\Console\\Command.php(134): Illuminate\\Container\\Container->call(Array)
#7 C:\\SXampp\\htdocs\\Jacwan\\affiliate\\vendor\\symfony\\console\\Command\\Command.php(256): Illuminate\\Console\\Command->execute(Object(Symfony\\Component\\Console\\Input\\ArgvInput), Object(Illuminate\\Console\\OutputStyle))
#8 C:\\SXampp\\htdocs\\Jacwan\\affiliate\\vendor\\laravel\\framework\\src\\Illuminate\\Console\\Command.php(121): Symfony\\Component\\Console\\Command\\Command->run(Object(Symfony\\Component\\Console\\Input\\ArgvInput), Object(Illuminate\\Console\\OutputStyle))
#9 C:\\SXampp\\htdocs\\Jacwan\\affiliate\\vendor\\symfony\\console\\Application.php(971): Illuminate\\Console\\Command->run(Object(Symfony\\Component\\Console\\Input\\ArgvInput), Object(Symfony\\Component\\Console\\Output\\ConsoleOutput))
#10 C:\\SXampp\\htdocs\\Jacwan\\affiliate\\vendor\\symfony\\console\\Application.php(290): Symfony\\Component\\Console\\Application->doRunCommand(Object(Illuminate\\Foundation\\Console\\RouteCacheCommand), Object(Symfony\\Component\\Console\\Input\\ArgvInput), Object(Symfony\\Component\\Console\\Output\\ConsoleOutput))
#11 C:\\SXampp\\htdocs\\Jacwan\\affiliate\\vendor\\symfony\\console\\Application.php(166): Symfony\\Component\\Console\\Application->doRun(Object(Symfony\\Component\\Console\\Input\\ArgvInput), Object(Symfony\\Component\\Console\\Output\\ConsoleOutput))
#12 C:\\SXampp\\htdocs\\Jacwan\\affiliate\\vendor\\laravel\\framework\\src\\Illuminate\\Console\\Application.php(93): Symfony\\Component\\Console\\Application->run(Object(Symfony\\Component\\Console\\Input\\ArgvInput), Object(Symfony\\Component\\Console\\Output\\ConsoleOutput))
#13 C:\\SXampp\\htdocs\\Jacwan\\affiliate\\vendor\\laravel\\framework\\src\\Illuminate\\Foundation\\Console\\Kernel.php(129): Illuminate\\Console\\Application->run(Object(Symfony\\Component\\Console\\Input\\ArgvInput), Object(Symfony\\Component\\Console\\Output\\ConsoleOutput))
#14 C:\\SXampp\\htdocs\\Jacwan\\affiliate\\artisan(37): Illuminate\\Foundation\\Console\\Kernel->handle(Object(Symfony\\Component\\Console\\Input\\ArgvInput), Object(Symfony\\Component\\Console\\Output\\ConsoleOutput))
#15 {main}
"} 
[2022-05-11 13:36:17] local.ERROR: Unable to prepare route [clear-cache] for serialization. Uses Closure. {"exception":"[object] (LogicException(code: 0): Unable to prepare route [clear-cache] for serialization. Uses Closure. at C:\\SXampp\\htdocs\\Jacwan\\affiliate\\vendor\\laravel\\framework\\src\\Illuminate\\Routing\\Route.php:1150)
[stacktrace]
#0 C:\\SXampp\\htdocs\\Jacwan\\affiliate\\vendor\\laravel\\framework\\src\\Illuminate\\Foundation\\Console\\RouteCacheCommand.php(62): Illuminate\\Routing\\Route->prepareForSerialization()
#1 C:\\SXampp\\htdocs\\Jacwan\\affiliate\\vendor\\laravel\\framework\\src\\Illuminate\\Container\\BoundMethod.php(36): Illuminate\\Foundation\\Console\\RouteCacheCommand->handle()
#2 C:\\SXampp\\htdocs\\Jacwan\\affiliate\\vendor\\laravel\\framework\\src\\Illuminate\\Container\\Util.php(37): Illuminate\\Container\\BoundMethod::Illuminate\\Container\\{closure}()
#3 C:\\SXampp\\htdocs\\Jacwan\\affiliate\\vendor\\laravel\\framework\\src\\Illuminate\\Container\\BoundMethod.php(93): Illuminate\\Container\\Util::unwrapIfClosure(Object(Closure))
#4 C:\\SXampp\\htdocs\\Jacwan\\affiliate\\vendor\\laravel\\framework\\src\\Illuminate\\Container\\BoundMethod.php(37): Illuminate\\Container\\BoundMethod::callBoundMethod(Object(Illuminate\\Foundation\\Application), Array, Object(Closure))
#5 C:\\SXampp\\htdocs\\Jacwan\\affiliate\\vendor\\laravel\\framework\\src\\Illuminate\\Container\\Container.php(596): Illuminate\\Container\\BoundMethod::call(Object(Illuminate\\Foundation\\Application), Array, Array, NULL)
#6 C:\\SXampp\\htdocs\\Jacwan\\affiliate\\vendor\\laravel\\framework\\src\\Illuminate\\Console\\Command.php(134): Illuminate\\Container\\Container->call(Array)
#7 C:\\SXampp\\htdocs\\Jacwan\\affiliate\\vendor\\symfony\\console\\Command\\Command.php(256): Illuminate\\Console\\Command->execute(Object(Symfony\\Component\\Console\\Input\\ArrayInput), Object(Illuminate\\Console\\OutputStyle))
#8 C:\\SXampp\\htdocs\\Jacwan\\affiliate\\vendor\\laravel\\framework\\src\\Illuminate\\Console\\Command.php(121): Symfony\\Component\\Console\\Command\\Command->run(Object(Symfony\\Component\\Console\\Input\\ArrayInput), Object(Illuminate\\Console\\OutputStyle))
#9 C:\\SXampp\\htdocs\\Jacwan\\affiliate\\vendor\\laravel\\framework\\src\\Illuminate\\Console\\Concerns\\CallsCommands.php(56): Illuminate\\Console\\Command->run(Object(Symfony\\Component\\Console\\Input\\ArrayInput), Object(Illuminate\\Console\\OutputStyle))
#10 C:\\SXampp\\htdocs\\Jacwan\\affiliate\\vendor\\laravel\\framework\\src\\Illuminate\\Console\\Concerns\\CallsCommands.php(28): Illuminate\\Console\\Command->runCommand('route:cache', Array, Object(Illuminate\\Console\\OutputStyle))
#11 C:\\SXampp\\htdocs\\Jacwan\\affiliate\\vendor\\laravel\\framework\\src\\Illuminate\\Foundation\\Console\\OptimizeCommand.php(31): Illuminate\\Console\\Command->call('route:cache')
#12 C:\\SXampp\\htdocs\\Jacwan\\affiliate\\vendor\\laravel\\framework\\src\\Illuminate\\Container\\BoundMethod.php(36): Illuminate\\Foundation\\Console\\OptimizeCommand->handle()
#13 C:\\SXampp\\htdocs\\Jacwan\\affiliate\\vendor\\laravel\\framework\\src\\Illuminate\\Container\\Util.php(37): Illuminate\\Container\\BoundMethod::Illuminate\\Container\\{closure}()
#14 C:\\SXampp\\htdocs\\Jacwan\\affiliate\\vendor\\laravel\\framework\\src\\Illuminate\\Container\\BoundMethod.php(93): Illuminate\\Container\\Util::unwrapIfClosure(Object(Closure))
#15 C:\\SXampp\\htdocs\\Jacwan\\affiliate\\vendor\\laravel\\framework\\src\\Illuminate\\Container\\BoundMethod.php(37): Illuminate\\Container\\BoundMethod::callBoundMethod(Object(Illuminate\\Foundation\\Application), Array, Object(Closure))
#16 C:\\SXampp\\htdocs\\Jacwan\\affiliate\\vendor\\laravel\\framework\\src\\Illuminate\\Container\\Container.php(596): Illuminate\\Container\\BoundMethod::call(Object(Illuminate\\Foundation\\Application), Array, Array, NULL)
#17 C:\\SXampp\\htdocs\\Jacwan\\affiliate\\vendor\\laravel\\framework\\src\\Illuminate\\Console\\Command.php(134): Illuminate\\Container\\Container->call(Array)
#18 C:\\SXampp\\htdocs\\Jacwan\\affiliate\\vendor\\symfony\\console\\Command\\Command.php(256): Illuminate\\Console\\Command->execute(Object(Symfony\\Component\\Console\\Input\\ArgvInput), Object(Illuminate\\Console\\OutputStyle))
#19 C:\\SXampp\\htdocs\\Jacwan\\affiliate\\vendor\\laravel\\framework\\src\\Illuminate\\Console\\Command.php(121): Symfony\\Component\\Console\\Command\\Command->run(Object(Symfony\\Component\\Console\\Input\\ArgvInput), Object(Illuminate\\Console\\OutputStyle))
#20 C:\\SXampp\\htdocs\\Jacwan\\affiliate\\vendor\\symfony\\console\\Application.php(971): Illuminate\\Console\\Command->run(Object(Symfony\\Component\\Console\\Input\\ArgvInput), Object(Symfony\\Component\\Console\\Output\\ConsoleOutput))
#21 C:\\SXampp\\htdocs\\Jacwan\\affiliate\\vendor\\symfony\\console\\Application.php(290): Symfony\\Component\\Console\\Application->doRunCommand(Object(Illuminate\\Foundation\\Console\\OptimizeCommand), Object(Symfony\\Component\\Console\\Input\\ArgvInput), Object(Symfony\\Component\\Console\\Output\\ConsoleOutput))
#22 C:\\SXampp\\htdocs\\Jacwan\\affiliate\\vendor\\symfony\\console\\Application.php(166): Symfony\\Component\\Console\\Application->doRun(Object(Symfony\\Component\\Console\\Input\\ArgvInput), Object(Symfony\\Component\\Console\\Output\\ConsoleOutput))
#23 C:\\SXampp\\htdocs\\Jacwan\\affiliate\\vendor\\laravel\\framework\\src\\Illuminate\\Console\\Application.php(93): Symfony\\Component\\Console\\Application->run(Object(Symfony\\Component\\Console\\Input\\ArgvInput), Object(Symfony\\Component\\Console\\Output\\ConsoleOutput))
#24 C:\\SXampp\\htdocs\\Jacwan\\affiliate\\vendor\\laravel\\framework\\src\\Illuminate\\Foundation\\Console\\Kernel.php(129): Illuminate\\Console\\Application->run(Object(Symfony\\Component\\Console\\Input\\ArgvInput), Object(Symfony\\Component\\Console\\Output\\ConsoleOutput))
#25 C:\\SXampp\\htdocs\\Jacwan\\affiliate\\artisan(37): Illuminate\\Foundation\\Console\\Kernel->handle(Object(Symfony\\Component\\Console\\Input\\ArgvInput), Object(Symfony\\Component\\Console\\Output\\ConsoleOutput))
#26 {main}
"} 
[2022-05-21 13:35:41] local.ERROR: Undefined variable: earning_history (View: C:\SXampp\htdocs\Jacwan\affiliate\resources\views\admin\affilate\earnings_pagination.blade.php) {"exception":"[object] (Facade\\Ignition\\Exceptions\\ViewException(code: 0): Undefined variable: earning_history (View: C:\\SXampp\\htdocs\\Jacwan\\affiliate\esources\\views\\admin\\affilate\\earnings_pagination.blade.php) at C:\\SXampp\\htdocs\\Jacwan\\affiliate\esources\\views/admin/affilate/earnings_pagination.blade.php:2)
[stacktrace]
#0 C:\\SXampp\\htdocs\\Jacwan\\affiliate\esources\\views/admin/affilate/earnings_pagination.blade.php(2): Illuminate\\Foundation\\Bootstrap\\HandleExceptions->handleError(8, 'Undefined varia...', 'C:\\\\SXampp\\\\htdoc...', 2, Array)
#1 C:\\SXampp\\htdocs\\Jacwan\\affiliate\\vendor\\laravel\\framework\\src\\Illuminate\\View\\Engines\\PhpEngine.php(41): include('C:\\\\SXampp\\\\htdoc...')
#2 C:\\SXampp\\htdocs\\Jacwan\\affiliate\\vendor\\laravel\\framework\\src\\Illuminate\\View\\Engines\\CompilerEngine.php(57): Illuminate\\View\\Engines\\PhpEngine->evaluatePath('C:\\\\SXampp\\\\htdoc...', Array)
#3 C:\\SXampp\\htdocs\\Jacwan\\affiliate\\vendor\\facade\\ignition\\src\\Views\\Engines\\CompilerEngine.php(37): Illuminate\\View\\Engines\\CompilerEngine->get('C:\\\\SXampp\\\\htdoc...', Array)
#4 C:\\SXampp\\htdocs\\Jacwan\\affiliate\\vendor\\laravel\\framework\\src\\Illuminate\\View\\View.php(139): Facade\\Ignition\\Views\\Engines\\CompilerEngine->get('C:\\\\SXampp\\\\htdoc...', Array)
#5 C:\\SXampp\\htdocs\\Jacwan\\affiliate\\vendor\\laravel\\framework\\src\\Illuminate\\View\\View.php(122): Illuminate\\View\\View->getContents()
#6 C:\\SXampp\\htdocs\\Jacwan\\affiliate\\vendor\\laravel\\framework\\src\\Illuminate\\View\\View.php(91): Illuminate\\View\\View->renderContents()
#7 C:\\SXampp\\htdocs\\Jacwan\\affiliate\esources\\views/admin/affilate/getCharge.blade.php(24): Illuminate\\View\\View->render()
#8 C:\\SXampp\\htdocs\\Jacwan\\affiliate\\vendor\\laravel\\framework\\src\\Illuminate\\View\\Engines\\PhpEngine.php(41): include('C:\\\\SXampp\\\\htdoc...')
#9 C:\\SXampp\\htdocs\\Jacwan\\affiliate\\vendor\\laravel\\framework\\src\\Illuminate\\View\\Engines\\CompilerEngine.php(57): Illuminate\\View\\Engines\\PhpEngine->evaluatePath('C:\\\\SXampp\\\\htdoc...', Array)
#10 C:\\SXampp\\htdocs\\Jacwan\\affiliate\\vendor\\facade\\ignition\\src\\Views\\Engines\\CompilerEngine.php(37): Illuminate\\View\\Engines\\CompilerEngine->get('C:\\\\SXampp\\\\htdoc...', Array)
#11 C:\\SXampp\\htdocs\\Jacwan\\affiliate\\vendor\\laravel\\framework\\src\\Illuminate\\View\\View.php(139): Facade\\Ignition\\Views\\Engines\\CompilerEngine->get('C:\\\\SXampp\\\\htdoc...', Array)
#12 C:\\SXampp\\htdocs\\Jacwan\\affiliate\\vendor\\laravel\\framework\\src\\Illuminate\\View\\View.php(122): Illuminate\\View\\View->getContents()
#13 C:\\SXampp\\htdocs\\Jacwan\\affiliate\\vendor\\laravel\\framework\\src\\Illuminate\\View\\View.php(91): Illuminate\\View\\View->renderContents()
#14 C:\\SXampp\\htdocs\\Jacwan\\affiliate\\vendor\\laravel\\framework\\src\\Illuminate\\Http\\Response.php(62): Illuminate\\View\\View->render()
#15 C:\\SXampp\\htdocs\\Jacwan\\affiliate\\vendor\\laravel\\framework\\src\\Illuminate\\Http\\Response.php(34): Illuminate\\Http\\Response->setContent(Object(Illuminate\\View\\View))
#16 C:\\SXampp\\htdocs\\Jacwan\\affiliate\\vendor\\laravel\\framework\\src\\Illuminate\\Routing\\Router.php(759): Illuminate\\Http\\Response->__construct(Object(Illuminate\\View\\View), 200, Array)
#17 C:\\SXampp\\htdocs\\Jacwan\\affiliate\\vendor\\laravel\\framework\\src\\Illuminate\\Routing\\Router.php(731): Illuminate\\Routing\\Router::toResponse(Object(Illuminate\\Http\\Request), Object(Illuminate\\View\\View))
#18 C:\\SXampp\\htdocs\\Jacwan\\affiliate\\vendor\\laravel\\framework\\src\\Illuminate\\Routing\\Router.php(685): Illuminate\\Routing\\Router->prepareResponse(Object(Illuminate\\Http\\Request), Object(Illuminate\\View\\View))
#19 C:\\SXampp\\htdocs\\Jacwan\\affiliate\\vendor\\laravel\\framework\\src\\Illuminate\\Pipeline\\Pipeline.php(128): Illuminate\\Routing\\Router->Illuminate\\Routing\\{closure}(Object(Illuminate\\Http\\Request))
#20 C:\\SXampp\\htdocs\\Jacwan\\affiliate\\app\\Http\\Middleware\\AdminMiddleware.php(25): Illuminate\\Pipeline\\Pipeline->Illuminate\\Pipeline\\{closure}(Object(Illuminate\\Http\\Request))
#21 C:\\SXampp\\htdocs\\Jacwan\\affiliate\\vendor\\laravel\\framework\\src\\Illuminate\\Pipeline\\Pipeline.php(167): App\\Http\\Middleware\\AdminMiddleware->handle(Object(Illuminate\\Http\\Request), Object(Closure))
#22 C:\\SXampp\\htdocs\\Jacwan\\affiliate\\vendor\\laravel\\framework\\src\\Illuminate\\Routing\\Middleware\\SubstituteBindings.php(41): Illuminate\\Pipeline\\Pipeline->Illuminate\\Pipeline\\{closure}(Object(Illuminate\\Http\\Request))
#23 C:\\SXampp\\htdocs\\Jacwan\\affiliate\\vendor\\laravel\\framework\\src\\Illuminate\\Pipeline\\Pipeline.php(167): Illuminate\\Routing\\Middleware\\SubstituteBindings->handle(Object(Illuminate\\Http\\Request), Object(Closure))
#24 C:\\SXampp\\htdocs\\Jacwan\\affiliate\\vendor\\laravel\\framework\\src\\Illuminate\\Foundation\\Http\\Middleware\\VerifyCsrfToken.php(78): Illuminate\\Pipeline\\Pipeline->Illuminate\\Pipeline\\{closure}(Object(Illuminate\\Http\\Request))
#25 C:\\SXampp\\htdocs\\Jacwan\\affiliate\\vendor\\laravel\\framework\\src\\Illuminate\\Pipeline\\Pipeline.php(167): Illuminate\\Foundation\\Http\\Middleware\\VerifyCsrfToken->handle(Object(Illuminate\\Http\\Request), Object(Closure))
#26 C:\\SXampp\\htdocs\\Jacwan\\affiliate\\vendor\\laravel\\framework\\src\\Illuminate\\View\\Middleware\\ShareErrorsFromSession.php(49): Illuminate\\Pipeline\\Pipeline->Illuminate\\Pipeline\\{closure}(Object(Illuminate\\Http\\Request))
#27 C:\\SXampp\\htdocs\\Jacwan\\affiliate\\vendor\\laravel\\framework\\src\\Illuminate\\Pipeline\\Pipeline.php(167): Illuminate\\View\\Middleware\\ShareErrorsFromSession->handle(Object(Illuminate\\Http\\Request), Object(Closure))
#28 C:\\SXampp\\htdocs\\Jacwan\\affiliate\\vendor\\laravel\\framework\\src\\Illuminate\\Session\\Middleware\\StartSession.php(116): Illuminate\\Pipeline\\Pipeline->Illuminate\\Pipeline\\{closure}(Object(Illuminate\\Http\\Request))
#29 C:\\SXampp\\htdocs\\Jacwan\\affiliate\\vendor\\laravel\\framework\\src\\Illuminate\\Session\\Middleware\\StartSession.php(62): Illuminate\\Session\\Middleware\\StartSession->handleStatefulRequest(Object(Illuminate\\Http\\Request), Object(Illuminate\\Session\\Store), Object(Closure))
#30 C:\\SXampp\\htdocs\\Jacwan\\affiliate\\vendor\\laravel\\framework\\src\\Illuminate\\Pipeline\\Pipeline.php(167): Illuminate\\Session\\Middleware\\StartSession->handle(Object(Illuminate\\Http\\Request), Object(Closure))
#31 C:\\SXampp\\htdocs\\Jacwan\\affiliate\\vendor\\laravel\\framework\\src\\Illuminate\\Cookie\\Middleware\\AddQueuedCookiesToResponse.php(37): Illuminate\\Pipeline\\Pipeline->Illuminate\\Pipeline\\{closure}(Object(Illuminate\\Http\\Request))
#32 C:\\SXampp\\htdocs\\Jacwan\\affiliate\\vendor\\laravel\\framework\\src\\Illuminate\\Pipeline\\Pipeline.php(167): Illuminate\\Cookie\\Middleware\\AddQueuedCookiesToResponse->handle(Object(Illuminate\\Http\\Request), Object(Closure))
#33 C:\\SXampp\\htdocs\\Jacwan\\affiliate\\vendor\\laravel\\framework\\src\\Illuminate\\Cookie\\Middleware\\EncryptCookies.php(67): Illuminate\\Pipeline\\Pipeline->Illuminate\\Pipeline\\{closure}(Object(Illuminate\\Http\\Request))
#34 C:\\SXampp\\htdocs\\Jacwan\\affiliate\\vendor\\laravel\\framework\\src\\Illuminate\\Pipeline\\Pipeline.php(167): Illuminate\\Cookie\\Middleware\\EncryptCookies->handle(Object(Illuminate\\Http\\Request), Object(Closure))
#35 C:\\SXampp\\htdocs\\Jacwan\\affiliate\\vendor\\laravel\\framework\\src\\Illuminate\\Pipeline\\Pipeline.php(103): Illuminate\\Pipeline\\Pipeline->Illuminate\\Pipeline\\{closure}(Object(Illuminate\\Http\\Request))
#36 C:\\SXampp\\htdocs\\Jacwan\\affiliate\\vendor\\laravel\\framework\\src\\Illuminate\\Routing\\Router.php(687): Illuminate\\Pipeline\\Pipeline->then(Object(Closure))
#37 C:\\SXampp\\htdocs\\Jacwan\\affiliate\\vendor\\laravel\\framework\\src\\Illuminate\\Routing\\Router.php(662): Illuminate\\Routing\\Router->runRouteWithinStack(Object(Illuminate\\Routing\\Route), Object(Illuminate\\Http\\Request))
#38 C:\\SXampp\\htdocs\\Jacwan\\affiliate\\vendor\\laravel\\framework\\src\\Illuminate\\Routing\\Router.php(628): Illuminate\\Routing\\Router->runRoute(Object(Illuminate\\Http\\Request), Object(Illuminate\\Routing\\Route))
#39 C:\\SXampp\\htdocs\\Jacwan\\affiliate\\vendor\\laravel\\framework\\src\\Illuminate\\Routing\\Router.php(617): Illuminate\\Routing\\Router->dispatchToRoute(Object(Illuminate\\Http\\Request))
#40 C:\\SXampp\\htdocs\\Jacwan\\affiliate\\vendor\\laravel\\framework\\src\\Illuminate\\Foundation\\Http\\Kernel.php(165): Illuminate\\Routing\\Router->dispatch(Object(Illuminate\\Http\\Request))
#41 C:\\SXampp\\htdocs\\Jacwan\\affiliate\\vendor\\laravel\\framework\\src\\Illuminate\\Pipeline\\Pipeline.php(128): Illuminate\\Foundation\\Http\\Kernel->Illuminate\\Foundation\\Http\\{closure}(Object(Illuminate\\Http\\Request))
#42 C:\\SXampp\\htdocs\\Jacwan\\affiliate\\vendor\\laravel\\framework\\src\\Illuminate\\Foundation\\Http\\Middleware\\TransformsRequest.php(21): Illuminate\\Pipeline\\Pipeline->Illuminate\\Pipeline\\{closure}(Object(Illuminate\\Http\\Request))
#43 C:\\SXampp\\htdocs\\Jacwan\\affiliate\\vendor\\laravel\\framework\\src\\Illuminate\\Pipeline\\Pipeline.php(167): Illuminate\\Foundation\\Http\\Middleware\\TransformsRequest->handle(Object(Illuminate\\Http\\Request), Object(Closure))
#44 C:\\SXampp\\htdocs\\Jacwan\\affiliate\\vendor\\laravel\\framework\\src\\Illuminate\\Foundation\\Http\\Middleware\\TransformsRequest.php(21): Illuminate\\Pipeline\\Pipeline->Illuminate\\Pipeline\\{closure}(Object(Illuminate\\Http\\Request))
#45 C:\\SXampp\\htdocs\\Jacwan\\affiliate\\vendor\\laravel\\framework\\src\\Illuminate\\Pipeline\\Pipeline.php(167): Illuminate\\Foundation\\Http\\Middleware\\TransformsRequest->handle(Object(Illuminate\\Http\\Request), Object(Closure))
#46 C:\\SXampp\\htdocs\\Jacwan\\affiliate\\vendor\\laravel\\framework\\src\\Illuminate\\Foundation\\Http\\Middleware\\ValidatePostSize.php(27): Illuminate\\Pipeline\\Pipeline->Illuminate\\Pipeline\\{closure}(Object(Illuminate\\Http\\Request))
#47 C:\\SXampp\\htdocs\\Jacwan\\affiliate\\vendor\\laravel\\framework\\src\\Illuminate\\Pipeline\\Pipeline.php(167): Illuminate\\Foundation\\Http\\Middleware\\ValidatePostSize->handle(Object(Illuminate\\Http\\Request), Object(Closure))
#48 C:\\SXampp\\htdocs\\Jacwan\\affiliate\\vendor\\laravel\\framework\\src\\Illuminate\\Foundation\\Http\\Middleware\\CheckForMaintenanceMode.php(63): Illuminate\\Pipeline\\Pipeline->Illuminate\\Pipeline\\{closure}(Object(Illuminate\\Http\\Request))
#49 C:\\SXampp\\htdocs\\Jacwan\\affiliate\\vendor\\laravel\\framework\\src\\Illuminate\\Pipeline\\Pipeline.php(167): Illuminate\\Foundation\\Http\\Middleware\\CheckForMaintenanceMode->handle(Object(Illuminate\\Http\\Request), Object(Closure))
#50 C:\\SXampp\\htdocs\\Jacwan\\affiliate\\vendor\\fruitcake\\laravel-cors\\src\\HandleCors.php(37): Illuminate\\Pipeline\\Pipeline->Illuminate\\Pipeline\\{closure}(Object(Illuminate\\Http\\Request))
#51 C:\\SXampp\\htdocs\\Jacwan\\affiliate\\vendor\\laravel\\framework\\src\\Illuminate\\Pipeline\\Pipeline.php(167): Fruitcake\\Cors\\HandleCors->handle(Object(Illuminate\\Http\\Request), Object(Closure))
#52 C:\\SXampp\\htdocs\\Jacwan\\affiliate\\vendor\\fideloper\\proxy\\src\\TrustProxies.php(57): Illuminate\\Pipeline\\Pipeline->Illuminate\\Pipeline\\{closure}(Object(Illuminate\\Http\\Request))
#53 C:\\SXampp\\htdocs\\Jacwan\\affiliate\\vendor\\laravel\\framework\\src\\Illuminate\\Pipeline\\Pipeline.php(167): Fideloper\\Proxy\\TrustProxies->handle(Object(Illuminate\\Http\\Request), Object(Closure))
#54 C:\\SXampp\\htdocs\\Jacwan\\affiliate\\vendor\\laravel\\framework\\src\\Illuminate\\Pipeline\\Pipeline.php(103): Illuminate\\Pipeline\\Pipeline->Illuminate\\Pipeline\\{closure}(Object(Illuminate\\Http\\Request))
#55 C:\\SXampp\\htdocs\\Jacwan\\affiliate\\vendor\\laravel\\framework\\src\\Illuminate\\Foundation\\Http\\Kernel.php(140): Illuminate\\Pipeline\\Pipeline->then(Object(Closure))
#56 C:\\SXampp\\htdocs\\Jacwan\\affiliate\\vendor\\laravel\\framework\\src\\Illuminate\\Foundation\\Http\\Kernel.php(109): Illuminate\\Foundation\\Http\\Kernel->sendRequestThroughRouter(Object(Illuminate\\Http\\Request))
#57 C:\\SXampp\\htdocs\\Jacwan\\affiliate\\index.php(55): Illuminate\\Foundation\\Http\\Kernel->handle(Object(Illuminate\\Http\\Request))
#58 {main}

[previous exception] [object] (ErrorException(code: 0): Undefined variable: earning_history at C:\\SXampp\\htdocs\\Jacwan\\affiliate\\storage\\framework\\views\\70c70aa4cb624d6a58fcf2aa8b9941af81785fea.php:2)
[stacktrace]
#0 C:\\SXampp\\htdocs\\Jacwan\\affiliate\\storage\\framework\\views\\70c70aa4cb624d6a58fcf2aa8b9941af81785fea.php(2): Illuminate\\Foundation\\Bootstrap\\HandleExceptions->handleError(8, 'Undefined varia...', 'C:\\\\SXampp\\\\htdoc...', 2, Array)
#1 C:\\SXampp\\htdocs\\Jacwan\\affiliate\\vendor\\laravel\\framework\\src\\Illuminate\\View\\Engines\\PhpEngine.php(41): include('C:\\\\SXampp\\\\htdoc...')
#2 C:\\SXampp\\htdocs\\Jacwan\\affiliate\\vendor\\laravel\\framework\\src\\Illuminate\\View\\Engines\\CompilerEngine.php(57): Illuminate\\View\\Engines\\PhpEngine->evaluatePath('C:\\\\SXampp\\\\htdoc...', Array)
#3 C:\\SXampp\\htdocs\\Jacwan\\affiliate\\vendor\\facade\\ignition\\src\\Views\\Engines\\CompilerEngine.php(37): Illuminate\\View\\Engines\\CompilerEngine->get('C:\\\\SXampp\\\\htdoc...', Array)
#4 C:\\SXampp\\htdocs\\Jacwan\\affiliate\\vendor\\laravel\\framework\\src\\Illuminate\\View\\View.php(139): Facade\\Ignition\\Views\\Engines\\CompilerEngine->get('C:\\\\SXampp\\\\htdoc...', Array)
#5 C:\\SXampp\\htdocs\\Jacwan\\affiliate\\vendor\\laravel\\framework\\src\\Illuminate\\View\\View.php(122): Illuminate\\View\\View->getContents()
#6 C:\\SXampp\\htdocs\\Jacwan\\affiliate\\vendor\\laravel\\framework\\src\\Illuminate\\View\\View.php(91): Illuminate\\View\\View->renderContents()
#7 C:\\SXampp\\htdocs\\Jacwan\\affiliate\\storage\\framework\\views\\4f76d3dc3594c3324a47a9c60228fe83f5f2921a.php(24): Illuminate\\View\\View->render()
#8 C:\\SXampp\\htdocs\\Jacwan\\affiliate\\vendor\\laravel\\framework\\src\\Illuminate\\View\\Engines\\PhpEngine.php(41): include('C:\\\\SXampp\\\\htdoc...')
#9 C:\\SXampp\\htdocs\\Jacwan\\affiliate\\vendor\\laravel\\framework\\src\\Illuminate\\View\\Engines\\CompilerEngine.php(57): Illuminate\\View\\Engines\\PhpEngine->evaluatePath('C:\\\\SXampp\\\\htdoc...', Array)
#10 C:\\SXampp\\htdocs\\Jacwan\\affiliate\\vendor\\facade\\ignition\\src\\Views\\Engines\\CompilerEngine.php(37): Illuminate\\View\\Engines\\CompilerEngine->get('C:\\\\SXampp\\\\htdoc...', Array)
#11 C:\\SXampp\\htdocs\\Jacwan\\affiliate\\vendor\\laravel\\framework\\src\\Illuminate\\View\\View.php(139): Facade\\Ignition\\Views\\Engines\\CompilerEngine->get('C:\\\\SXampp\\\\htdoc...', Array)
#12 C:\\SXampp\\htdocs\\Jacwan\\affiliate\\vendor\\laravel\\framework\\src\\Illuminate\\View\\View.php(122): Illuminate\\View\\View->getContents()
#13 C:\\SXampp\\htdocs\\Jacwan\\affiliate\\vendor\\laravel\\framework\\src\\Illuminate\\View\\View.php(91): Illuminate\\View\\View->renderContents()
#14 C:\\SXampp\\htdocs\\Jacwan\\affiliate\\vendor\\laravel\\framework\\src\\Illuminate\\Http\\Response.php(62): Illuminate\\View\\View->render()
#15 C:\\SXampp\\htdocs\\Jacwan\\affiliate\\vendor\\laravel\\framework\\src\\Illuminate\\Http\\Response.php(34): Illuminate\\Http\\Response->setContent(Object(Illuminate\\View\\View))
#16 C:\\SXampp\\htdocs\\Jacwan\\affiliate\\vendor\\laravel\\framework\\src\\Illuminate\\Routing\\Router.php(759): Illuminate\\Http\\Response->__construct(Object(Illuminate\\View\\View), 200, Array)
#17 C:\\SXampp\\htdocs\\Jacwan\\affiliate\\vendor\\laravel\\framework\\src\\Illuminate\\Routing\\Router.php(731): Illuminate\\Routing\\Router::toResponse(Object(Illuminate\\Http\\Request), Object(Illuminate\\View\\View))
#18 C:\\SXampp\\htdocs\\Jacwan\\affiliate\\vendor\\laravel\\framework\\src\\Illuminate\\Routing\\Router.php(685): Illuminate\\Routing\\Router->prepareResponse(Object(Illuminate\\Http\\Request), Object(Illuminate\\View\\View))
#19 C:\\SXampp\\htdocs\\Jacwan\\affiliate\\vendor\\laravel\\framework\\src\\Illuminate\\Pipeline\\Pipeline.php(128): Illuminate\\Routing\\Router->Illuminate\\Routing\\{closure}(Object(Illuminate\\Http\\Request))
#20 C:\\SXampp\\htdocs\\Jacwan\\affiliate\\app\\Http\\Middleware\\AdminMiddleware.php(25): Illuminate\\Pipeline\\Pipeline->Illuminate\\Pipeline\\{closure}(Object(Illuminate\\Http\\Request))
#21 C:\\SXampp\\htdocs\\Jacwan\\affiliate\\vendor\\laravel\\framework\\src\\Illuminate\\Pipeline\\Pipeline.php(167): App\\Http\\Middleware\\AdminMiddleware->handle(Object(Illuminate\\Http\\Request), Object(Closure))
#22 C:\\SXampp\\htdocs\\Jacwan\\affiliate\\vendor\\laravel\\framework\\src\\Illuminate\\Routing\\Middleware\\SubstituteBindings.php(41): Illuminate\\Pipeline\\Pipeline->Illuminate\\Pipeline\\{closure}(Object(Illuminate\\Http\\Request))
#23 C:\\SXampp\\htdocs\\Jacwan\\affiliate\\vendor\\laravel\\framework\\src\\Illuminate\\Pipeline\\Pipeline.php(167): Illuminate\\Routing\\Middleware\\SubstituteBindings->handle(Object(Illuminate\\Http\\Request), Object(Closure))
#24 C:\\SXampp\\htdocs\\Jacwan\\affiliate\\vendor\\laravel\\framework\\src\\Illuminate\\Foundation\\Http\\Middleware\\VerifyCsrfToken.php(78): Illuminate\\Pipeline\\Pipeline->Illuminate\\Pipeline\\{closure}(Object(Illuminate\\Http\\Request))
#25 C:\\SXampp\\htdocs\\Jacwan\\affiliate\\vendor\\laravel\\framework\\src\\Illuminate\\Pipeline\\Pipeline.php(167): Illuminate\\Foundation\\Http\\Middleware\\VerifyCsrfToken->handle(Object(Illuminate\\Http\\Request), Object(Closure))
#26 C:\\SXampp\\htdocs\\Jacwan\\affiliate\\vendor\\laravel\\framework\\src\\Illuminate\\View\\Middleware\\ShareErrorsFromSession.php(49): Illuminate\\Pipeline\\Pipeline->Illuminate\\Pipeline\\{closure}(Object(Illuminate\\Http\\Request))
#27 C:\\SXampp\\htdocs\\Jacwan\\affiliate\\vendor\\laravel\\framework\\src\\Illuminate\\Pipeline\\Pipeline.php(167): Illuminate\\View\\Middleware\\ShareErrorsFromSession->handle(Object(Illuminate\\Http\\Request), Object(Closure))
#28 C:\\SXampp\\htdocs\\Jacwan\\affiliate\\vendor\\laravel\\framework\\src\\Illuminate\\Session\\Middleware\\StartSession.php(116): Illuminate\\Pipeline\\Pipeline->Illuminate\\Pipeline\\{closure}(Object(Illuminate\\Http\\Request))
#29 C:\\SXampp\\htdocs\\Jacwan\\affiliate\\vendor\\laravel\\framework\\src\\Illuminate\\Session\\Middleware\\StartSession.php(62): Illuminate\\Session\\Middleware\\StartSession->handleStatefulRequest(Object(Illuminate\\Http\\Request), Object(Illuminate\\Session\\Store), Object(Closure))
#30 C:\\SXampp\\htdocs\\Jacwan\\affiliate\\vendor\\laravel\\framework\\src\\Illuminate\\Pipeline\\Pipeline.php(167): Illuminate\\Session\\Middleware\\StartSession->handle(Object(Illuminate\\Http\\Request), Object(Closure))
#31 C:\\SXampp\\htdocs\\Jacwan\\affiliate\\vendor\\laravel\\framework\\src\\Illuminate\\Cookie\\Middleware\\AddQueuedCookiesToResponse.php(37): Illuminate\\Pipeline\\Pipeline->Illuminate\\Pipeline\\{closure}(Object(Illuminate\\Http\\Request))
#32 C:\\SXampp\\htdocs\\Jacwan\\affiliate\\vendor\\laravel\\framework\\src\\Illuminate\\Pipeline\\Pipeline.php(167): Illuminate\\Cookie\\Middleware\\AddQueuedCookiesToResponse->handle(Object(Illuminate\\Http\\Request), Object(Closure))
#33 C:\\SXampp\\htdocs\\Jacwan\\affiliate\\vendor\\laravel\\framework\\src\\Illuminate\\Cookie\\Middleware\\EncryptCookies.php(67): Illuminate\\Pipeline\\Pipeline->Illuminate\\Pipeline\\{closure}(Object(Illuminate\\Http\\Request))
#34 C:\\SXampp\\htdocs\\Jacwan\\affiliate\\vendor\\laravel\\framework\\src\\Illuminate\\Pipeline\\Pipeline.php(167): Illuminate\\Cookie\\Middleware\\EncryptCookies->handle(Object(Illuminate\\Http\\Request), Object(Closure))
#35 C:\\SXampp\\htdocs\\Jacwan\\affiliate\\vendor\\laravel\\framework\\src\\Illuminate\\Pipeline\\Pipeline.php(103): Illuminate\\Pipeline\\Pipeline->Illuminate\\Pipeline\\{closure}(Object(Illuminate\\Http\\Request))
#36 C:\\SXampp\\htdocs\\Jacwan\\affiliate\\vendor\\laravel\\framework\\src\\Illuminate\\Routing\\Router.php(687): Illuminate\\Pipeline\\Pipeline->then(Object(Closure))
#37 C:\\SXampp\\htdocs\\Jacwan\\affiliate\\vendor\\laravel\\framework\\src\\Illuminate\\Routing\\Router.php(662): Illuminate\\Routing\\Router->runRouteWithinStack(Object(Illuminate\\Routing\\Route), Object(Illuminate\\Http\\Request))
#38 C:\\SXampp\\htdocs\\Jacwan\\affiliate\\vendor\\laravel\\framework\\src\\Illuminate\\Routing\\Router.php(628): Illuminate\\Routing\\Router->runRoute(Object(Illuminate\\Http\\Request), Object(Illuminate\\Routing\\Route))
#39 C:\\SXampp\\htdocs\\Jacwan\\affiliate\\vendor\\laravel\\framework\\src\\Illuminate\\Routing\\Router.php(617): Illuminate\\Routing\\Router->dispatchToRoute(Object(Illuminate\\Http\\Request))
#40 C:\\SXampp\\htdocs\\Jacwan\\affiliate\\vendor\\laravel\\framework\\src\\Illuminate\\Foundation\\Http\\Kernel.php(165): Illuminate\\Routing\\Router->dispatch(Object(Illuminate\\Http\\Request))
#41 C:\\SXampp\\htdocs\\Jacwan\\affiliate\\vendor\\laravel\\framework\\src\\Illuminate\\Pipeline\\Pipeline.php(128): Illuminate\\Foundation\\Http\\Kernel->Illuminate\\Foundation\\Http\\{closure}(Object(Illuminate\\Http\\Request))
#42 C:\\SXampp\\htdocs\\Jacwan\\affiliate\\vendor\\laravel\\framework\\src\\Illuminate\\Foundation\\Http\\Middleware\\TransformsRequest.php(21): Illuminate\\Pipeline\\Pipeline->Illuminate\\Pipeline\\{closure}(Object(Illuminate\\Http\\Request))
#43 C:\\SXampp\\htdocs\\Jacwan\\affiliate\\vendor\\laravel\\framework\\src\\Illuminate\\Pipeline\\Pipeline.php(167): Illuminate\\Foundation\\Http\\Middleware\\TransformsRequest->handle(Object(Illuminate\\Http\\Request), Object(Closure))
#44 C:\\SXampp\\htdocs\\Jacwan\\affiliate\\vendor\\laravel\\framework\\src\\Illuminate\\Foundation\\Http\\Middleware\\TransformsRequest.php(21): Illuminate\\Pipeline\\Pipeline->Illuminate\\Pipeline\\{closure}(Object(Illuminate\\Http\\Request))
#45 C:\\SXampp\\htdocs\\Jacwan\\affiliate\\vendor\\laravel\\framework\\src\\Illuminate\\Pipeline\\Pipeline.php(167): Illuminate\\Foundation\\Http\\Middleware\\TransformsRequest->handle(Object(Illuminate\\Http\\Request), Object(Closure))
#46 C:\\SXampp\\htdocs\\Jacwan\\affiliate\\vendor\\laravel\\framework\\src\\Illuminate\\Foundation\\Http\\Middleware\\ValidatePostSize.php(27): Illuminate\\Pipeline\\Pipeline->Illuminate\\Pipeline\\{closure}(Object(Illuminate\\Http\\Request))
#47 C:\\SXampp\\htdocs\\Jacwan\\affiliate\\vendor\\laravel\\framework\\src\\Illuminate\\Pipeline\\Pipeline.php(167): Illuminate\\Foundation\\Http\\Middleware\\ValidatePostSize->handle(Object(Illuminate\\Http\\Request), Object(Closure))
#48 C:\\SXampp\\htdocs\\Jacwan\\affiliate\\vendor\\laravel\\framework\\src\\Illuminate\\Foundation\\Http\\Middleware\\CheckForMaintenanceMode.php(63): Illuminate\\Pipeline\\Pipeline->Illuminate\\Pipeline\\{closure}(Object(Illuminate\\Http\\Request))
#49 C:\\SXampp\\htdocs\\Jacwan\\affiliate\\vendor\\laravel\\framework\\src\\Illuminate\\Pipeline\\Pipeline.php(167): Illuminate\\Foundation\\Http\\Middleware\\CheckForMaintenanceMode->handle(Object(Illuminate\\Http\\Request), Object(Closure))
#50 C:\\SXampp\\htdocs\\Jacwan\\affiliate\\vendor\\fruitcake\\laravel-cors\\src\\HandleCors.php(37): Illuminate\\Pipeline\\Pipeline->Illuminate\\Pipeline\\{closure}(Object(Illuminate\\Http\\Request))
#51 C:\\SXampp\\htdocs\\Jacwan\\affiliate\\vendor\\laravel\\framework\\src\\Illuminate\\Pipeline\\Pipeline.php(167): Fruitcake\\Cors\\HandleCors->handle(Object(Illuminate\\Http\\Request), Object(Closure))
#52 C:\\SXampp\\htdocs\\Jacwan\\affiliate\\vendor\\fideloper\\proxy\\src\\TrustProxies.php(57): Illuminate\\Pipeline\\Pipeline->Illuminate\\Pipeline\\{closure}(Object(Illuminate\\Http\\Request))
#53 C:\\SXampp\\htdocs\\Jacwan\\affiliate\\vendor\\laravel\\framework\\src\\Illuminate\\Pipeline\\Pipeline.php(167): Fideloper\\Proxy\\TrustProxies->handle(Object(Illuminate\\Http\\Request), Object(Closure))
#54 C:\\SXampp\\htdocs\\Jacwan\\affiliate\\vendor\\laravel\\framework\\src\\Illuminate\\Pipeline\\Pipeline.php(103): Illuminate\\Pipeline\\Pipeline->Illuminate\\Pipeline\\{closure}(Object(Illuminate\\Http\\Request))
#55 C:\\SXampp\\htdocs\\Jacwan\\affiliate\\vendor\\laravel\\framework\\src\\Illuminate\\Foundation\\Http\\Kernel.php(140): Illuminate\\Pipeline\\Pipeline->then(Object(Closure))
#56 C:\\SXampp\\htdocs\\Jacwan\\affiliate\\vendor\\laravel\\framework\\src\\Illuminate\\Foundation\\Http\\Kernel.php(109): Illuminate\\Foundation\\Http\\Kernel->sendRequestThroughRouter(Object(Illuminate\\Http\\Request))
#57 C:\\SXampp\\htdocs\\Jacwan\\affiliate\\index.php(55): Illuminate\\Foundation\\Http\\Kernel->handle(Object(Illuminate\\Http\\Request))
#58 {main}
"} 
[2022-05-21 13:43:02] local.ERROR: SQLSTATE[23000]: Integrity constraint violation: 1052 Column 'id' in order clause is ambiguous (SQL: select * from `service_charge_history` inner join `users_public` on `service_charge_history`.`user_id` = `users_public`.`id` order by `id` desc) {"exception":"[object] (Illuminate\\Database\\QueryException(code: 23000): SQLSTATE[23000]: Integrity constraint violation: 1052 Column 'id' in order clause is ambiguous (SQL: select * from `service_charge_history` inner join `users_public` on `service_charge_history`.`user_id` = `users_public`.`id` order by `id` desc) at C:\\SXampp\\htdocs\\Jacwan\\affiliate\\vendor\\laravel\\framework\\src\\Illuminate\\Database\\Connection.php:671)
[stacktrace]
#0 C:\\SXampp\\htdocs\\Jacwan\\affiliate\\vendor\\laravel\\framework\\src\\Illuminate\\Database\\Connection.php(631): Illuminate\\Database\\Connection->runQueryCallback('select * from `...', Array, Object(Closure))
#1 C:\\SXampp\\htdocs\\Jacwan\\affiliate\\vendor\\laravel\\framework\\src\\Illuminate\\Database\\Connection.php(339): Illuminate\\Database\\Connection->run('select * from `...', Array, Object(Closure))
#2 C:\\SXampp\\htdocs\\Jacwan\\affiliate\\vendor\\laravel\\framework\\src\\Illuminate\\Database\\Query\\Builder.php(2270): Illuminate\\Database\\Connection->select('select * from `...', Array, true)
#3 C:\\SXampp\\htdocs\\Jacwan\\affiliate\\vendor\\laravel\\framework\\src\\Illuminate\\Database\\Query\\Builder.php(2258): Illuminate\\Database\\Query\\Builder->runSelect()
#4 C:\\SXampp\\htdocs\\Jacwan\\affiliate\\vendor\\laravel\\framework\\src\\Illuminate\\Database\\Query\\Builder.php(2753): Illuminate\\Database\\Query\\Builder->Illuminate\\Database\\Query\\{closure}()
#5 C:\\SXampp\\htdocs\\Jacwan\\affiliate\\vendor\\laravel\\framework\\src\\Illuminate\\Database\\Query\\Builder.php(2259): Illuminate\\Database\\Query\\Builder->onceWithColumns(Array, Object(Closure))
#6 C:\\SXampp\\htdocs\\Jacwan\\affiliate\\app\\Http\\Controllers\\admin\\AdminAffiliteController.php(2223): Illuminate\\Database\\Query\\Builder->get()
#7 C:\\SXampp\\htdocs\\Jacwan\\affiliate\\vendor\\laravel\\framework\\src\\Illuminate\\Routing\\Controller.php(54): App\\Http\\Controllers\\admin\\AdminAffiliteController->getCharge()
#8 C:\\SXampp\\htdocs\\Jacwan\\affiliate\\vendor\\laravel\\framework\\src\\Illuminate\\Routing\\ControllerDispatcher.php(45): Illuminate\\Routing\\Controller->callAction('getCharge', Array)
#9 C:\\SXampp\\htdocs\\Jacwan\\affiliate\\vendor\\laravel\\framework\\src\\Illuminate\\Routing\\Route.php(239): Illuminate\\Routing\\ControllerDispatcher->dispatch(Object(Illuminate\\Routing\\Route), Object(App\\Http\\Controllers\\admin\\AdminAffiliteController), 'getCharge')
#10 C:\\SXampp\\htdocs\\Jacwan\\affiliate\\vendor\\laravel\\framework\\src\\Illuminate\\Routing\\Route.php(196): Illuminate\\Routing\\Route->runController()
#11 C:\\SXampp\\htdocs\\Jacwan\\affiliate\\vendor\\laravel\\framework\\src\\Illuminate\\Routing\\Router.php(685): Illuminate\\Routing\\Route->run()
#12 C:\\SXampp\\htdocs\\Jacwan\\affiliate\\vendor\\laravel\\framework\\src\\Illuminate\\Pipeline\\Pipeline.php(128): Illuminate\\Routing\\Router->Illuminate\\Routing\\{closure}(Object(Illuminate\\Http\\Request))
#13 C:\\SXampp\\htdocs\\Jacwan\\affiliate\\app\\Http\\Middleware\\AdminMiddleware.php(25): Illuminate\\Pipeline\\Pipeline->Illuminate\\Pipeline\\{closure}(Object(Illuminate\\Http\\Request))
#14 C:\\SXampp\\htdocs\\Jacwan\\affiliate\\vendor\\laravel\\framework\\src\\Illuminate\\Pipeline\\Pipeline.php(167): App\\Http\\Middleware\\AdminMiddleware->handle(Object(Illuminate\\Http\\Request), Object(Closure))
#15 C:\\SXampp\\htdocs\\Jacwan\\affiliate\\vendor\\laravel\\framework\\src\\Illuminate\\Routing\\Middleware\\SubstituteBindings.php(41): Illuminate\\Pipeline\\Pipeline->Illuminate\\Pipeline\\{closure}(Object(Illuminate\\Http\\Request))
#16 C:\\SXampp\\htdocs\\Jacwan\\affiliate\\vendor\\laravel\\framework\\src\\Illuminate\\Pipeline\\Pipeline.php(167): Illuminate\\Routing\\Middleware\\SubstituteBindings->handle(Object(Illuminate\\Http\\Request), Object(Closure))
#17 C:\\SXampp\\htdocs\\Jacwan\\affiliate\\vendor\\laravel\\framework\\src\\Illuminate\\Foundation\\Http\\Middleware\\VerifyCsrfToken.php(78): Illuminate\\Pipeline\\Pipeline->Illuminate\\Pipeline\\{closure}(Object(Illuminate\\Http\\Request))
#18 C:\\SXampp\\htdocs\\Jacwan\\affiliate\\vendor\\laravel\\framework\\src\\Illuminate\\Pipeline\\Pipeline.php(167): Illuminate\\Foundation\\Http\\Middleware\\VerifyCsrfToken->handle(Object(Illuminate\\Http\\Request), Object(Closure))
#19 C:\\SXampp\\htdocs\\Jacwan\\affiliate\\vendor\\laravel\\framework\\src\\Illuminate\\View\\Middleware\\ShareErrorsFromSession.php(49): Illuminate\\Pipeline\\Pipeline->Illuminate\\Pipeline\\{closure}(Object(Illuminate\\Http\\Request))
#20 C:\\SXampp\\htdocs\\Jacwan\\affiliate\\vendor\\laravel\\framework\\src\\Illuminate\\Pipeline\\Pipeline.php(167): Illuminate\\View\\Middleware\\ShareErrorsFromSession->handle(Object(Illuminate\\Http\\Request), Object(Closure))
#21 C:\\SXampp\\htdocs\\Jacwan\\affiliate\\vendor\\laravel\\framework\\src\\Illuminate\\Session\\Middleware\\StartSession.php(116): Illuminate\\Pipeline\\Pipeline->Illuminate\\Pipeline\\{closure}(Object(Illuminate\\Http\\Request))
#22 C:\\SXampp\\htdocs\\Jacwan\\affiliate\\vendor\\laravel\\framework\\src\\Illuminate\\Session\\Middleware\\StartSession.php(62): Illuminate\\Session\\Middleware\\StartSession->handleStatefulRequest(Object(Illuminate\\Http\\Request), Object(Illuminate\\Session\\Store), Object(Closure))
#23 C:\\SXampp\\htdocs\\Jacwan\\affiliate\\vendor\\laravel\\framework\\src\\Illuminate\\Pipeline\\Pipeline.php(167): Illuminate\\Session\\Middleware\\StartSession->handle(Object(Illuminate\\Http\\Request), Object(Closure))
#24 C:\\SXampp\\htdocs\\Jacwan\\affiliate\\vendor\\laravel\\framework\\src\\Illuminate\\Cookie\\Middleware\\AddQueuedCookiesToResponse.php(37): Illuminate\\Pipeline\\Pipeline->Illuminate\\Pipeline\\{closure}(Object(Illuminate\\Http\\Request))
#25 C:\\SXampp\\htdocs\\Jacwan\\affiliate\\vendor\\laravel\\framework\\src\\Illuminate\\Pipeline\\Pipeline.php(167): Illuminate\\Cookie\\Middleware\\AddQueuedCookiesToResponse->handle(Object(Illuminate\\Http\\Request), Object(Closure))
#26 C:\\SXampp\\htdocs\\Jacwan\\affiliate\\vendor\\laravel\\framework\\src\\Illuminate\\Cookie\\Middleware\\EncryptCookies.php(67): Illuminate\\Pipeline\\Pipeline->Illuminate\\Pipeline\\{closure}(Object(Illuminate\\Http\\Request))
#27 C:\\SXampp\\htdocs\\Jacwan\\affiliate\\vendor\\laravel\\framework\\src\\Illuminate\\Pipeline\\Pipeline.php(167): Illuminate\\Cookie\\Middleware\\EncryptCookies->handle(Object(Illuminate\\Http\\Request), Object(Closure))
#28 C:\\SXampp\\htdocs\\Jacwan\\affiliate\\vendor\\laravel\\framework\\src\\Illuminate\\Pipeline\\Pipeline.php(103): Illuminate\\Pipeline\\Pipeline->Illuminate\\Pipeline\\{closure}(Object(Illuminate\\Http\\Request))
#29 C:\\SXampp\\htdocs\\Jacwan\\affiliate\\vendor\\laravel\\framework\\src\\Illuminate\\Routing\\Router.php(687): Illuminate\\Pipeline\\Pipeline->then(Object(Closure))
#30 C:\\SXampp\\htdocs\\Jacwan\\affiliate\\vendor\\laravel\\framework\\src\\Illuminate\\Routing\\Router.php(662): Illuminate\\Routing\\Router->runRouteWithinStack(Object(Illuminate\\Routing\\Route), Object(Illuminate\\Http\\Request))
#31 C:\\SXampp\\htdocs\\Jacwan\\affiliate\\vendor\\laravel\\framework\\src\\Illuminate\\Routing\\Router.php(628): Illuminate\\Routing\\Router->runRoute(Object(Illuminate\\Http\\Request), Object(Illuminate\\Routing\\Route))
#32 C:\\SXampp\\htdocs\\Jacwan\\affiliate\\vendor\\laravel\\framework\\src\\Illuminate\\Routing\\Router.php(617): Illuminate\\Routing\\Router->dispatchToRoute(Object(Illuminate\\Http\\Request))
#33 C:\\SXampp\\htdocs\\Jacwan\\affiliate\\vendor\\laravel\\framework\\src\\Illuminate\\Foundation\\Http\\Kernel.php(165): Illuminate\\Routing\\Router->dispatch(Object(Illuminate\\Http\\Request))
#34 C:\\SXampp\\htdocs\\Jacwan\\affiliate\\vendor\\laravel\\framework\\src\\Illuminate\\Pipeline\\Pipeline.php(128): Illuminate\\Foundation\\Http\\Kernel->Illuminate\\Foundation\\Http\\{closure}(Object(Illuminate\\Http\\Request))
#35 C:\\SXampp\\htdocs\\Jacwan\\affiliate\\vendor\\laravel\\framework\\src\\Illuminate\\Foundation\\Http\\Middleware\\TransformsRequest.php(21): Illuminate\\Pipeline\\Pipeline->Illuminate\\Pipeline\\{closure}(Object(Illuminate\\Http\\Request))
#36 C:\\SXampp\\htdocs\\Jacwan\\affiliate\\vendor\\laravel\\framework\\src\\Illuminate\\Pipeline\\Pipeline.php(167): Illuminate\\Foundation\\Http\\Middleware\\TransformsRequest->handle(Object(Illuminate\\Http\\Request), Object(Closure))
#37 C:\\SXampp\\htdocs\\Jacwan\\affiliate\\vendor\\laravel\\framework\\src\\Illuminate\\Foundation\\Http\\Middleware\\TransformsRequest.php(21): Illuminate\\Pipeline\\Pipeline->Illuminate\\Pipeline\\{closure}(Object(Illuminate\\Http\\Request))
#38 C:\\SXampp\\htdocs\\Jacwan\\affiliate\\vendor\\laravel\\framework\\src\\Illuminate\\Pipeline\\Pipeline.php(167): Illuminate\\Foundation\\Http\\Middleware\\TransformsRequest->handle(Object(Illuminate\\Http\\Request), Object(Closure))
#39 C:\\SXampp\\htdocs\\Jacwan\\affiliate\\vendor\\laravel\\framework\\src\\Illuminate\\Foundation\\Http\\Middleware\\ValidatePostSize.php(27): Illuminate\\Pipeline\\Pipeline->Illuminate\\Pipeline\\{closure}(Object(Illuminate\\Http\\Request))
#40 C:\\SXampp\\htdocs\\Jacwan\\affiliate\\vendor\\laravel\\framework\\src\\Illuminate\\Pipeline\\Pipeline.php(167): Illuminate\\Foundation\\Http\\Middleware\\ValidatePostSize->handle(Object(Illuminate\\Http\\Request), Object(Closure))
#41 C:\\SXampp\\htdocs\\Jacwan\\affiliate\\vendor\\laravel\\framework\\src\\Illuminate\\Foundation\\Http\\Middleware\\CheckForMaintenanceMode.php(63): Illuminate\\Pipeline\\Pipeline->Illuminate\\Pipeline\\{closure}(Object(Illuminate\\Http\\Request))
#42 C:\\SXampp\\htdocs\\Jacwan\\affiliate\\vendor\\laravel\\framework\\src\\Illuminate\\Pipeline\\Pipeline.php(167): Illuminate\\Foundation\\Http\\Middleware\\CheckForMaintenanceMode->handle(Object(Illuminate\\Http\\Request), Object(Closure))
#43 C:\\SXampp\\htdocs\\Jacwan\\affiliate\\vendor\\fruitcake\\laravel-cors\\src\\HandleCors.php(37): Illuminate\\Pipeline\\Pipeline->Illuminate\\Pipeline\\{closure}(Object(Illuminate\\Http\\Request))
#44 C:\\SXampp\\htdocs\\Jacwan\\affiliate\\vendor\\laravel\\framework\\src\\Illuminate\\Pipeline\\Pipeline.php(167): Fruitcake\\Cors\\HandleCors->handle(Object(Illuminate\\Http\\Request), Object(Closure))
#45 C:\\SXampp\\htdocs\\Jacwan\\affiliate\\vendor\\fideloper\\proxy\\src\\TrustProxies.php(57): Illuminate\\Pipeline\\Pipeline->Illuminate\\Pipeline\\{closure}(Object(Illuminate\\Http\\Request))
#46 C:\\SXampp\\htdocs\\Jacwan\\affiliate\\vendor\\laravel\\framework\\src\\Illuminate\\Pipeline\\Pipeline.php(167): Fideloper\\Proxy\\TrustProxies->handle(Object(Illuminate\\Http\\Request), Object(Closure))
#47 C:\\SXampp\\htdocs\\Jacwan\\affiliate\\vendor\\laravel\\framework\\src\\Illuminate\\Pipeline\\Pipeline.php(103): Illuminate\\Pipeline\\Pipeline->Illuminate\\Pipeline\\{closure}(Object(Illuminate\\Http\\Request))
#48 C:\\SXampp\\htdocs\\Jacwan\\affiliate\\vendor\\laravel\\framework\\src\\Illuminate\\Foundation\\Http\\Kernel.php(140): Illuminate\\Pipeline\\Pipeline->then(Object(Closure))
#49 C:\\SXampp\\htdocs\\Jacwan\\affiliate\\vendor\\laravel\\framework\\src\\Illuminate\\Foundation\\Http\\Kernel.php(109): Illuminate\\Foundation\\Http\\Kernel->sendRequestThroughRouter(Object(Illuminate\\Http\\Request))
#50 C:\\SXampp\\htdocs\\Jacwan\\affiliate\\index.php(55): Illuminate\\Foundation\\Http\\Kernel->handle(Object(Illuminate\\Http\\Request))
#51 {main}

[previous exception] [object] (PDOException(code: 23000): SQLSTATE[23000]: Integrity constraint violation: 1052 Column 'id' in order clause is ambiguous at C:\\SXampp\\htdocs\\Jacwan\\affiliate\\vendor\\laravel\\framework\\src\\Illuminate\\Database\\Connection.php:331)
[stacktrace]
#0 C:\\SXampp\\htdocs\\Jacwan\\affiliate\\vendor\\laravel\\framework\\src\\Illuminate\\Database\\Connection.php(331): PDO->prepare('select * from `...')
#1 C:\\SXampp\\htdocs\\Jacwan\\affiliate\\vendor\\laravel\\framework\\src\\Illuminate\\Database\\Connection.php(664): Illuminate\\Database\\Connection->Illuminate\\Database\\{closure}('select * from `...', Array)
#2 C:\\SXampp\\htdocs\\Jacwan\\affiliate\\vendor\\laravel\\framework\\src\\Illuminate\\Database\\Connection.php(631): Illuminate\\Database\\Connection->runQueryCallback('select * from `...', Array, Object(Closure))
#3 C:\\SXampp\\htdocs\\Jacwan\\affiliate\\vendor\\laravel\\framework\\src\\Illuminate\\Database\\Connection.php(339): Illuminate\\Database\\Connection->run('select * from `...', Array, Object(Closure))
#4 C:\\SXampp\\htdocs\\Jacwan\\affiliate\\vendor\\laravel\\framework\\src\\Illuminate\\Database\\Query\\Builder.php(2270): Illuminate\\Database\\Connection->select('select * from `...', Array, true)
#5 C:\\SXampp\\htdocs\\Jacwan\\affiliate\\vendor\\laravel\\framework\\src\\Illuminate\\Database\\Query\\Builder.php(2258): Illuminate\\Database\\Query\\Builder->runSelect()
#6 C:\\SXampp\\htdocs\\Jacwan\\affiliate\\vendor\\laravel\\framework\\src\\Illuminate\\Database\\Query\\Builder.php(2753): Illuminate\\Database\\Query\\Builder->Illuminate\\Database\\Query\\{closure}()
#7 C:\\SXampp\\htdocs\\Jacwan\\affiliate\\vendor\\laravel\\framework\\src\\Illuminate\\Database\\Query\\Builder.php(2259): Illuminate\\Database\\Query\\Builder->onceWithColumns(Array, Object(Closure))
#8 C:\\SXampp\\htdocs\\Jacwan\\affiliate\\app\\Http\\Controllers\\admin\\AdminAffiliteController.php(2223): Illuminate\\Database\\Query\\Builder->get()
#9 C:\\SXampp\\htdocs\\Jacwan\\affiliate\\vendor\\laravel\\framework\\src\\Illuminate\\Routing\\Controller.php(54): App\\Http\\Controllers\\admin\\AdminAffiliteController->getCharge()
#10 C:\\SXampp\\htdocs\\Jacwan\\affiliate\\vendor\\laravel\\framework\\src\\Illuminate\\Routing\\ControllerDispatcher.php(45): Illuminate\\Routing\\Controller->callAction('getCharge', Array)
#11 C:\\SXampp\\htdocs\\Jacwan\\affiliate\\vendor\\laravel\\framework\\src\\Illuminate\\Routing\\Route.php(239): Illuminate\\Routing\\ControllerDispatcher->dispatch(Object(Illuminate\\Routing\\Route), Object(App\\Http\\Controllers\\admin\\AdminAffiliteController), 'getCharge')
#12 C:\\SXampp\\htdocs\\Jacwan\\affiliate\\vendor\\laravel\\framework\\src\\Illuminate\\Routing\\Route.php(196): Illuminate\\Routing\\Route->runController()
#13 C:\\SXampp\\htdocs\\Jacwan\\affiliate\\vendor\\laravel\\framework\\src\\Illuminate\\Routing\\Router.php(685): Illuminate\\Routing\\Route->run()
#14 C:\\SXampp\\htdocs\\Jacwan\\affiliate\\vendor\\laravel\\framework\\src\\Illuminate\\Pipeline\\Pipeline.php(128): Illuminate\\Routing\\Router->Illuminate\\Routing\\{closure}(Object(Illuminate\\Http\\Request))
#15 C:\\SXampp\\htdocs\\Jacwan\\affiliate\\app\\Http\\Middleware\\AdminMiddleware.php(25): Illuminate\\Pipeline\\Pipeline->Illuminate\\Pipeline\\{closure}(Object(Illuminate\\Http\\Request))
#16 C:\\SXampp\\htdocs\\Jacwan\\affiliate\\vendor\\laravel\\framework\\src\\Illuminate\\Pipeline\\Pipeline.php(167): App\\Http\\Middleware\\AdminMiddleware->handle(Object(Illuminate\\Http\\Request), Object(Closure))
#17 C:\\SXampp\\htdocs\\Jacwan\\affiliate\\vendor\\laravel\\framework\\src\\Illuminate\\Routing\\Middleware\\SubstituteBindings.php(41): Illuminate\\Pipeline\\Pipeline->Illuminate\\Pipeline\\{closure}(Object(Illuminate\\Http\\Request))
#18 C:\\SXampp\\htdocs\\Jacwan\\affiliate\\vendor\\laravel\\framework\\src\\Illuminate\\Pipeline\\Pipeline.php(167): Illuminate\\Routing\\Middleware\\SubstituteBindings->handle(Object(Illuminate\\Http\\Request), Object(Closure))
#19 C:\\SXampp\\htdocs\\Jacwan\\affiliate\\vendor\\laravel\\framework\\src\\Illuminate\\Foundation\\Http\\Middleware\\VerifyCsrfToken.php(78): Illuminate\\Pipeline\\Pipeline->Illuminate\\Pipeline\\{closure}(Object(Illuminate\\Http\\Request))
#20 C:\\SXampp\\htdocs\\Jacwan\\affiliate\\vendor\\laravel\\framework\\src\\Illuminate\\Pipeline\\Pipeline.php(167): Illuminate\\Foundation\\Http\\Middleware\\VerifyCsrfToken->handle(Object(Illuminate\\Http\\Request), Object(Closure))
#21 C:\\SXampp\\htdocs\\Jacwan\\affiliate\\vendor\\laravel\\framework\\src\\Illuminate\\View\\Middleware\\ShareErrorsFromSession.php(49): Illuminate\\Pipeline\\Pipeline->Illuminate\\Pipeline\\{closure}(Object(Illuminate\\Http\\Request))
#22 C:\\SXampp\\htdocs\\Jacwan\\affiliate\\vendor\\laravel\\framework\\src\\Illuminate\\Pipeline\\Pipeline.php(167): Illuminate\\View\\Middleware\\ShareErrorsFromSession->handle(Object(Illuminate\\Http\\Request), Object(Closure))
#23 C:\\SXampp\\htdocs\\Jacwan\\affiliate\\vendor\\laravel\\framework\\src\\Illuminate\\Session\\Middleware\\StartSession.php(116): Illuminate\\Pipeline\\Pipeline->Illuminate\\Pipeline\\{closure}(Object(Illuminate\\Http\\Request))
#24 C:\\SXampp\\htdocs\\Jacwan\\affiliate\\vendor\\laravel\\framework\\src\\Illuminate\\Session\\Middleware\\StartSession.php(62): Illuminate\\Session\\Middleware\\StartSession->handleStatefulRequest(Object(Illuminate\\Http\\Request), Object(Illuminate\\Session\\Store), Object(Closure))
#25 C:\\SXampp\\htdocs\\Jacwan\\affiliate\\vendor\\laravel\\framework\\src\\Illuminate\\Pipeline\\Pipeline.php(167): Illuminate\\Session\\Middleware\\StartSession->handle(Object(Illuminate\\Http\\Request), Object(Closure))
#26 C:\\SXampp\\htdocs\\Jacwan\\affiliate\\vendor\\laravel\\framework\\src\\Illuminate\\Cookie\\Middleware\\AddQueuedCookiesToResponse.php(37): Illuminate\\Pipeline\\Pipeline->Illuminate\\Pipeline\\{closure}(Object(Illuminate\\Http\\Request))
#27 C:\\SXampp\\htdocs\\Jacwan\\affiliate\\vendor\\laravel\\framework\\src\\Illuminate\\Pipeline\\Pipeline.php(167): Illuminate\\Cookie\\Middleware\\AddQueuedCookiesToResponse->handle(Object(Illuminate\\Http\\Request), Object(Closure))
#28 C:\\SXampp\\htdocs\\Jacwan\\affiliate\\vendor\\laravel\\framework\\src\\Illuminate\\Cookie\\Middleware\\EncryptCookies.php(67): Illuminate\\Pipeline\\Pipeline->Illuminate\\Pipeline\\{closure}(Object(Illuminate\\Http\\Request))
#29 C:\\SXampp\\htdocs\\Jacwan\\affiliate\\vendor\\laravel\\framework\\src\\Illuminate\\Pipeline\\Pipeline.php(167): Illuminate\\Cookie\\Middleware\\EncryptCookies->handle(Object(Illuminate\\Http\\Request), Object(Closure))
#30 C:\\SXampp\\htdocs\\Jacwan\\affiliate\\vendor\\laravel\\framework\\src\\Illuminate\\Pipeline\\Pipeline.php(103): Illuminate\\Pipeline\\Pipeline->Illuminate\\Pipeline\\{closure}(Object(Illuminate\\Http\\Request))
#31 C:\\SXampp\\htdocs\\Jacwan\\affiliate\\vendor\\laravel\\framework\\src\\Illuminate\\Routing\\Router.php(687): Illuminate\\Pipeline\\Pipeline->then(Object(Closure))
#32 C:\\SXampp\\htdocs\\Jacwan\\affiliate\\vendor\\laravel\\framework\\src\\Illuminate\\Routing\\Router.php(662): Illuminate\\Routing\\Router->runRouteWithinStack(Object(Illuminate\\Routing\\Route), Object(Illuminate\\Http\\Request))
#33 C:\\SXampp\\htdocs\\Jacwan\\affiliate\\vendor\\laravel\\framework\\src\\Illuminate\\Routing\\Router.php(628): Illuminate\\Routing\\Router->runRoute(Object(Illuminate\\Http\\Request), Object(Illuminate\\Routing\\Route))
#34 C:\\SXampp\\htdocs\\Jacwan\\affiliate\\vendor\\laravel\\framework\\src\\Illuminate\\Routing\\Router.php(617): Illuminate\\Routing\\Router->dispatchToRoute(Object(Illuminate\\Http\\Request))
#35 C:\\SXampp\\htdocs\\Jacwan\\affiliate\\vendor\\laravel\\framework\\src\\Illuminate\\Foundation\\Http\\Kernel.php(165): Illuminate\\Routing\\Router->dispatch(Object(Illuminate\\Http\\Request))
#36 C:\\SXampp\\htdocs\\Jacwan\\affiliate\\vendor\\laravel\\framework\\src\\Illuminate\\Pipeline\\Pipeline.php(128): Illuminate\\Foundation\\Http\\Kernel->Illuminate\\Foundation\\Http\\{closure}(Object(Illuminate\\Http\\Request))
#37 C:\\SXampp\\htdocs\\Jacwan\\affiliate\\vendor\\laravel\\framework\\src\\Illuminate\\Foundation\\Http\\Middleware\\TransformsRequest.php(21): Illuminate\\Pipeline\\Pipeline->Illuminate\\Pipeline\\{closure}(Object(Illuminate\\Http\\Request))
#38 C:\\SXampp\\htdocs\\Jacwan\\affiliate\\vendor\\laravel\\framework\\src\\Illuminate\\Pipeline\\Pipeline.php(167): Illuminate\\Foundation\\Http\\Middleware\\TransformsRequest->handle(Object(Illuminate\\Http\\Request), Object(Closure))
#39 C:\\SXampp\\htdocs\\Jacwan\\affiliate\\vendor\\laravel\\framework\\src\\Illuminate\\Foundation\\Http\\Middleware\\TransformsRequest.php(21): Illuminate\\Pipeline\\Pipeline->Illuminate\\Pipeline\\{closure}(Object(Illuminate\\Http\\Request))
#40 C:\\SXampp\\htdocs\\Jacwan\\affiliate\\vendor\\laravel\\framework\\src\\Illuminate\\Pipeline\\Pipeline.php(167): Illuminate\\Foundation\\Http\\Middleware\\TransformsRequest->handle(Object(Illuminate\\Http\\Request), Object(Closure))
#41 C:\\SXampp\\htdocs\\Jacwan\\affiliate\\vendor\\laravel\\framework\\src\\Illuminate\\Foundation\\Http\\Middleware\\ValidatePostSize.php(27): Illuminate\\Pipeline\\Pipeline->Illuminate\\Pipeline\\{closure}(Object(Illuminate\\Http\\Request))
#42 C:\\SXampp\\htdocs\\Jacwan\\affiliate\\vendor\\laravel\\framework\\src\\Illuminate\\Pipeline\\Pipeline.php(167): Illuminate\\Foundation\\Http\\Middleware\\ValidatePostSize->handle(Object(Illuminate\\Http\\Request), Object(Closure))
#43 C:\\SXampp\\htdocs\\Jacwan\\affiliate\\vendor\\laravel\\framework\\src\\Illuminate\\Foundation\\Http\\Middleware\\CheckForMaintenanceMode.php(63): Illuminate\\Pipeline\\Pipeline->Illuminate\\Pipeline\\{closure}(Object(Illuminate\\Http\\Request))
#44 C:\\SXampp\\htdocs\\Jacwan\\affiliate\\vendor\\laravel\\framework\\src\\Illuminate\\Pipeline\\Pipeline.php(167): Illuminate\\Foundation\\Http\\Middleware\\CheckForMaintenanceMode->handle(Object(Illuminate\\Http\\Request), Object(Closure))
#45 C:\\SXampp\\htdocs\\Jacwan\\affiliate\\vendor\\fruitcake\\laravel-cors\\src\\HandleCors.php(37): Illuminate\\Pipeline\\Pipeline->Illuminate\\Pipeline\\{closure}(Object(Illuminate\\Http\\Request))
#46 C:\\SXampp\\htdocs\\Jacwan\\affiliate\\vendor\\laravel\\framework\\src\\Illuminate\\Pipeline\\Pipeline.php(167): Fruitcake\\Cors\\HandleCors->handle(Object(Illuminate\\Http\\Request), Object(Closure))
#47 C:\\SXampp\\htdocs\\Jacwan\\affiliate\\vendor\\fideloper\\proxy\\src\\TrustProxies.php(57): Illuminate\\Pipeline\\Pipeline->Illuminate\\Pipeline\\{closure}(Object(Illuminate\\Http\\Request))
#48 C:\\SXampp\\htdocs\\Jacwan\\affiliate\\vendor\\laravel\\framework\\src\\Illuminate\\Pipeline\\Pipeline.php(167): Fideloper\\Proxy\\TrustProxies->handle(Object(Illuminate\\Http\\Request), Object(Closure))
#49 C:\\SXampp\\htdocs\\Jacwan\\affiliate\\vendor\\laravel\\framework\\src\\Illuminate\\Pipeline\\Pipeline.php(103): Illuminate\\Pipeline\\Pipeline->Illuminate\\Pipeline\\{closure}(Object(Illuminate\\Http\\Request))
#50 C:\\SXampp\\htdocs\\Jacwan\\affiliate\\vendor\\laravel\\framework\\src\\Illuminate\\Foundation\\Http\\Kernel.php(140): Illuminate\\Pipeline\\Pipeline->then(Object(Closure))
#51 C:\\SXampp\\htdocs\\Jacwan\\affiliate\\vendor\\laravel\\framework\\src\\Illuminate\\Foundation\\Http\\Kernel.php(109): Illuminate\\Foundation\\Http\\Kernel->sendRequestThroughRouter(Object(Illuminate\\Http\\Request))
#52 C:\\SXampp\\htdocs\\Jacwan\\affiliate\\index.php(55): Illuminate\\Foundation\\Http\\Kernel->handle(Object(Illuminate\\Http\\Request))
#53 {main}
"} 
[2022-05-21 13:48:40] local.ERROR: Call to undefined function strtottime() (View: C:\SXampp\htdocs\Jacwan\affiliate\resources\views\admin\affilate\getCharge.blade.php) {"exception":"[object] (Facade\\Ignition\\Exceptions\\ViewException(code: 0): Call to undefined function strtottime() (View: C:\\SXampp\\htdocs\\Jacwan\\affiliate\esources\\views\\admin\\affilate\\getCharge.blade.php) at C:\\SXampp\\htdocs\\Jacwan\\affiliate\esources\\views/admin/affilate/getCharge.blade.php:25)
[stacktrace]
#0 C:\\SXampp\\htdocs\\Jacwan\\affiliate\\vendor\\laravel\\framework\\src\\Illuminate\\View\\Engines\\PhpEngine.php(41): include()
#1 C:\\SXampp\\htdocs\\Jacwan\\affiliate\\vendor\\laravel\\framework\\src\\Illuminate\\View\\Engines\\CompilerEngine.php(57): Illuminate\\View\\Engines\\PhpEngine->evaluatePath('C:\\\\SXampp\\\\htdoc...', Array)
#2 C:\\SXampp\\htdocs\\Jacwan\\affiliate\\vendor\\facade\\ignition\\src\\Views\\Engines\\CompilerEngine.php(37): Illuminate\\View\\Engines\\CompilerEngine->get('C:\\\\SXampp\\\\htdoc...', Array)
#3 C:\\SXampp\\htdocs\\Jacwan\\affiliate\\vendor\\laravel\\framework\\src\\Illuminate\\View\\View.php(139): Facade\\Ignition\\Views\\Engines\\CompilerEngine->get('C:\\\\SXampp\\\\htdoc...', Array)
#4 C:\\SXampp\\htdocs\\Jacwan\\affiliate\\vendor\\laravel\\framework\\src\\Illuminate\\View\\View.php(122): Illuminate\\View\\View->getContents()
#5 C:\\SXampp\\htdocs\\Jacwan\\affiliate\\vendor\\laravel\\framework\\src\\Illuminate\\View\\View.php(91): Illuminate\\View\\View->renderContents()
#6 C:\\SXampp\\htdocs\\Jacwan\\affiliate\\vendor\\laravel\\framework\\src\\Illuminate\\Http\\Response.php(62): Illuminate\\View\\View->render()
#7 C:\\SXampp\\htdocs\\Jacwan\\affiliate\\vendor\\laravel\\framework\\src\\Illuminate\\Http\\Response.php(34): Illuminate\\Http\\Response->setContent(Object(Illuminate\\View\\View))
#8 C:\\SXampp\\htdocs\\Jacwan\\affiliate\\vendor\\laravel\\framework\\src\\Illuminate\\Routing\\Router.php(759): Illuminate\\Http\\Response->__construct(Object(Illuminate\\View\\View), 200, Array)
#9 C:\\SXampp\\htdocs\\Jacwan\\affiliate\\vendor\\laravel\\framework\\src\\Illuminate\\Routing\\Router.php(731): Illuminate\\Routing\\Router::toResponse(Object(Illuminate\\Http\\Request), Object(Illuminate\\View\\View))
#10 C:\\SXampp\\htdocs\\Jacwan\\affiliate\\vendor\\laravel\\framework\\src\\Illuminate\\Routing\\Router.php(685): Illuminate\\Routing\\Router->prepareResponse(Object(Illuminate\\Http\\Request), Object(Illuminate\\View\\View))
#11 C:\\SXampp\\htdocs\\Jacwan\\affiliate\\vendor\\laravel\\framework\\src\\Illuminate\\Pipeline\\Pipeline.php(128): Illuminate\\Routing\\Router->Illuminate\\Routing\\{closure}(Object(Illuminate\\Http\\Request))
#12 C:\\SXampp\\htdocs\\Jacwan\\affiliate\\app\\Http\\Middleware\\AdminMiddleware.php(25): Illuminate\\Pipeline\\Pipeline->Illuminate\\Pipeline\\{closure}(Object(Illuminate\\Http\\Request))
#13 C:\\SXampp\\htdocs\\Jacwan\\affiliate\\vendor\\laravel\\framework\\src\\Illuminate\\Pipeline\\Pipeline.php(167): App\\Http\\Middleware\\AdminMiddleware->handle(Object(Illuminate\\Http\\Request), Object(Closure))
#14 C:\\SXampp\\htdocs\\Jacwan\\affiliate\\vendor\\laravel\\framework\\src\\Illuminate\\Routing\\Middleware\\SubstituteBindings.php(41): Illuminate\\Pipeline\\Pipeline->Illuminate\\Pipeline\\{closure}(Object(Illuminate\\Http\\Request))
#15 C:\\SXampp\\htdocs\\Jacwan\\affiliate\\vendor\\laravel\\framework\\src\\Illuminate\\Pipeline\\Pipeline.php(167): Illuminate\\Routing\\Middleware\\SubstituteBindings->handle(Object(Illuminate\\Http\\Request), Object(Closure))
#16 C:\\SXampp\\htdocs\\Jacwan\\affiliate\\vendor\\laravel\\framework\\src\\Illuminate\\Foundation\\Http\\Middleware\\VerifyCsrfToken.php(78): Illuminate\\Pipeline\\Pipeline->Illuminate\\Pipeline\\{closure}(Object(Illuminate\\Http\\Request))
#17 C:\\SXampp\\htdocs\\Jacwan\\affiliate\\vendor\\laravel\\framework\\src\\Illuminate\\Pipeline\\Pipeline.php(167): Illuminate\\Foundation\\Http\\Middleware\\VerifyCsrfToken->handle(Object(Illuminate\\Http\\Request), Object(Closure))
#18 C:\\SXampp\\htdocs\\Jacwan\\affiliate\\vendor\\laravel\\framework\\src\\Illuminate\\View\\Middleware\\ShareErrorsFromSession.php(49): Illuminate\\Pipeline\\Pipeline->Illuminate\\Pipeline\\{closure}(Object(Illuminate\\Http\\Request))
#19 C:\\SXampp\\htdocs\\Jacwan\\affiliate\\vendor\\laravel\\framework\\src\\Illuminate\\Pipeline\\Pipeline.php(167): Illuminate\\View\\Middleware\\ShareErrorsFromSession->handle(Object(Illuminate\\Http\\Request), Object(Closure))
#20 C:\\SXampp\\htdocs\\Jacwan\\affiliate\\vendor\\laravel\\framework\\src\\Illuminate\\Session\\Middleware\\StartSession.php(116): Illuminate\\Pipeline\\Pipeline->Illuminate\\Pipeline\\{closure}(Object(Illuminate\\Http\\Request))
#21 C:\\SXampp\\htdocs\\Jacwan\\affiliate\\vendor\\laravel\\framework\\src\\Illuminate\\Session\\Middleware\\StartSession.php(62): Illuminate\\Session\\Middleware\\StartSession->handleStatefulRequest(Object(Illuminate\\Http\\Request), Object(Illuminate\\Session\\Store), Object(Closure))
#22 C:\\SXampp\\htdocs\\Jacwan\\affiliate\\vendor\\laravel\\framework\\src\\Illuminate\\Pipeline\\Pipeline.php(167): Illuminate\\Session\\Middleware\\StartSession->handle(Object(Illuminate\\Http\\Request), Object(Closure))
#23 C:\\SXampp\\htdocs\\Jacwan\\affiliate\\vendor\\laravel\\framework\\src\\Illuminate\\Cookie\\Middleware\\AddQueuedCookiesToResponse.php(37): Illuminate\\Pipeline\\Pipeline->Illuminate\\Pipeline\\{closure}(Object(Illuminate\\Http\\Request))
#24 C:\\SXampp\\htdocs\\Jacwan\\affiliate\\vendor\\laravel\\framework\\src\\Illuminate\\Pipeline\\Pipeline.php(167): Illuminate\\Cookie\\Middleware\\AddQueuedCookiesToResponse->handle(Object(Illuminate\\Http\\Request), Object(Closure))
#25 C:\\SXampp\\htdocs\\Jacwan\\affiliate\\vendor\\laravel\\framework\\src\\Illuminate\\Cookie\\Middleware\\EncryptCookies.php(67): Illuminate\\Pipeline\\Pipeline->Illuminate\\Pipeline\\{closure}(Object(Illuminate\\Http\\Request))
#26 C:\\SXampp\\htdocs\\Jacwan\\affiliate\\vendor\\laravel\\framework\\src\\Illuminate\\Pipeline\\Pipeline.php(167): Illuminate\\Cookie\\Middleware\\EncryptCookies->handle(Object(Illuminate\\Http\\Request), Object(Closure))
#27 C:\\SXampp\\htdocs\\Jacwan\\affiliate\\vendor\\laravel\\framework\\src\\Illuminate\\Pipeline\\Pipeline.php(103): Illuminate\\Pipeline\\Pipeline->Illuminate\\Pipeline\\{closure}(Object(Illuminate\\Http\\Request))
#28 C:\\SXampp\\htdocs\\Jacwan\\affiliate\\vendor\\laravel\\framework\\src\\Illuminate\\Routing\\Router.php(687): Illuminate\\Pipeline\\Pipeline->then(Object(Closure))
#29 C:\\SXampp\\htdocs\\Jacwan\\affiliate\\vendor\\laravel\\framework\\src\\Illuminate\\Routing\\Router.php(662): Illuminate\\Routing\\Router->runRouteWithinStack(Object(Illuminate\\Routing\\Route), Object(Illuminate\\Http\\Request))
#30 C:\\SXampp\\htdocs\\Jacwan\\affiliate\\vendor\\laravel\\framework\\src\\Illuminate\\Routing\\Router.php(628): Illuminate\\Routing\\Router->runRoute(Object(Illuminate\\Http\\Request), Object(Illuminate\\Routing\\Route))
#31 C:\\SXampp\\htdocs\\Jacwan\\affiliate\\vendor\\laravel\\framework\\src\\Illuminate\\Routing\\Router.php(617): Illuminate\\Routing\\Router->dispatchToRoute(Object(Illuminate\\Http\\Request))
#32 C:\\SXampp\\htdocs\\Jacwan\\affiliate\\vendor\\laravel\\framework\\src\\Illuminate\\Foundation\\Http\\Kernel.php(165): Illuminate\\Routing\\Router->dispatch(Object(Illuminate\\Http\\Request))
#33 C:\\SXampp\\htdocs\\Jacwan\\affiliate\\vendor\\laravel\\framework\\src\\Illuminate\\Pipeline\\Pipeline.php(128): Illuminate\\Foundation\\Http\\Kernel->Illuminate\\Foundation\\Http\\{closure}(Object(Illuminate\\Http\\Request))
#34 C:\\SXampp\\htdocs\\Jacwan\\affiliate\\vendor\\laravel\\framework\\src\\Illuminate\\Foundation\\Http\\Middleware\\TransformsRequest.php(21): Illuminate\\Pipeline\\Pipeline->Illuminate\\Pipeline\\{closure}(Object(Illuminate\\Http\\Request))
#35 C:\\SXampp\\htdocs\\Jacwan\\affiliate\\vendor\\laravel\\framework\\src\\Illuminate\\Pipeline\\Pipeline.php(167): Illuminate\\Foundation\\Http\\Middleware\\TransformsRequest->handle(Object(Illuminate\\Http\\Request), Object(Closure))
#36 C:\\SXampp\\htdocs\\Jacwan\\affiliate\\vendor\\laravel\\framework\\src\\Illuminate\\Foundation\\Http\\Middleware\\TransformsRequest.php(21): Illuminate\\Pipeline\\Pipeline->Illuminate\\Pipeline\\{closure}(Object(Illuminate\\Http\\Request))
#37 C:\\SXampp\\htdocs\\Jacwan\\affiliate\\vendor\\laravel\\framework\\src\\Illuminate\\Pipeline\\Pipeline.php(167): Illuminate\\Foundation\\Http\\Middleware\\TransformsRequest->handle(Object(Illuminate\\Http\\Request), Object(Closure))
#38 C:\\SXampp\\htdocs\\Jacwan\\affiliate\\vendor\\laravel\\framework\\src\\Illuminate\\Foundation\\Http\\Middleware\\ValidatePostSize.php(27): Illuminate\\Pipeline\\Pipeline->Illuminate\\Pipeline\\{closure}(Object(Illuminate\\Http\\Request))
#39 C:\\SXampp\\htdocs\\Jacwan\\affiliate\\vendor\\laravel\\framework\\src\\Illuminate\\Pipeline\\Pipeline.php(167): Illuminate\\Foundation\\Http\\Middleware\\ValidatePostSize->handle(Object(Illuminate\\Http\\Request), Object(Closure))
#40 C:\\SXampp\\htdocs\\Jacwan\\affiliate\\vendor\\laravel\\framework\\src\\Illuminate\\Foundation\\Http\\Middleware\\CheckForMaintenanceMode.php(63): Illuminate\\Pipeline\\Pipeline->Illuminate\\Pipeline\\{closure}(Object(Illuminate\\Http\\Request))
#41 C:\\SXampp\\htdocs\\Jacwan\\affiliate\\vendor\\laravel\\framework\\src\\Illuminate\\Pipeline\\Pipeline.php(167): Illuminate\\Foundation\\Http\\Middleware\\CheckForMaintenanceMode->handle(Object(Illuminate\\Http\\Request), Object(Closure))
#42 C:\\SXampp\\htdocs\\Jacwan\\affiliate\\vendor\\fruitcake\\laravel-cors\\src\\HandleCors.php(37): Illuminate\\Pipeline\\Pipeline->Illuminate\\Pipeline\\{closure}(Object(Illuminate\\Http\\Request))
#43 C:\\SXampp\\htdocs\\Jacwan\\affiliate\\vendor\\laravel\\framework\\src\\Illuminate\\Pipeline\\Pipeline.php(167): Fruitcake\\Cors\\HandleCors->handle(Object(Illuminate\\Http\\Request), Object(Closure))
#44 C:\\SXampp\\htdocs\\Jacwan\\affiliate\\vendor\\fideloper\\proxy\\src\\TrustProxies.php(57): Illuminate\\Pipeline\\Pipeline->Illuminate\\Pipeline\\{closure}(Object(Illuminate\\Http\\Request))
#45 C:\\SXampp\\htdocs\\Jacwan\\affiliate\\vendor\\laravel\\framework\\src\\Illuminate\\Pipeline\\Pipeline.php(167): Fideloper\\Proxy\\TrustProxies->handle(Object(Illuminate\\Http\\Request), Object(Closure))
#46 C:\\SXampp\\htdocs\\Jacwan\\affiliate\\vendor\\laravel\\framework\\src\\Illuminate\\Pipeline\\Pipeline.php(103): Illuminate\\Pipeline\\Pipeline->Illuminate\\Pipeline\\{closure}(Object(Illuminate\\Http\\Request))
#47 C:\\SXampp\\htdocs\\Jacwan\\affiliate\\vendor\\laravel\\framework\\src\\Illuminate\\Foundation\\Http\\Kernel.php(140): Illuminate\\Pipeline\\Pipeline->then(Object(Closure))
#48 C:\\SXampp\\htdocs\\Jacwan\\affiliate\\vendor\\laravel\\framework\\src\\Illuminate\\Foundation\\Http\\Kernel.php(109): Illuminate\\Foundation\\Http\\Kernel->sendRequestThroughRouter(Object(Illuminate\\Http\\Request))
#49 C:\\SXampp\\htdocs\\Jacwan\\affiliate\\index.php(55): Illuminate\\Foundation\\Http\\Kernel->handle(Object(Illuminate\\Http\\Request))
#50 {main}

[previous exception] [object] (Error(code: 0): Call to undefined function strtottime() at C:\\SXampp\\htdocs\\Jacwan\\affiliate\\storage\\framework\\views\\4f76d3dc3594c3324a47a9c60228fe83f5f2921a.php:25)
[stacktrace]
#0 C:\\SXampp\\htdocs\\Jacwan\\affiliate\\vendor\\laravel\\framework\\src\\Illuminate\\View\\Engines\\PhpEngine.php(41): include()
#1 C:\\SXampp\\htdocs\\Jacwan\\affiliate\\vendor\\laravel\\framework\\src\\Illuminate\\View\\Engines\\CompilerEngine.php(57): Illuminate\\View\\Engines\\PhpEngine->evaluatePath('C:\\\\SXampp\\\\htdoc...', Array)
#2 C:\\SXampp\\htdocs\\Jacwan\\affiliate\\vendor\\facade\\ignition\\src\\Views\\Engines\\CompilerEngine.php(37): Illuminate\\View\\Engines\\CompilerEngine->get('C:\\\\SXampp\\\\htdoc...', Array)
#3 C:\\SXampp\\htdocs\\Jacwan\\affiliate\\vendor\\laravel\\framework\\src\\Illuminate\\View\\View.php(139): Facade\\Ignition\\Views\\Engines\\CompilerEngine->get('C:\\\\SXampp\\\\htdoc...', Array)
#4 C:\\SXampp\\htdocs\\Jacwan\\affiliate\\vendor\\laravel\\framework\\src\\Illuminate\\View\\View.php(122): Illuminate\\View\\View->getContents()
#5 C:\\SXampp\\htdocs\\Jacwan\\affiliate\\vendor\\laravel\\framework\\src\\Illuminate\\View\\View.php(91): Illuminate\\View\\View->renderContents()
#6 C:\\SXampp\\htdocs\\Jacwan\\affiliate\\vendor\\laravel\\framework\\src\\Illuminate\\Http\\Response.php(62): Illuminate\\View\\View->render()
#7 C:\\SXampp\\htdocs\\Jacwan\\affiliate\\vendor\\laravel\\framework\\src\\Illuminate\\Http\\Response.php(34): Illuminate\\Http\\Response->setContent(Object(Illuminate\\View\\View))
#8 C:\\SXampp\\htdocs\\Jacwan\\affiliate\\vendor\\laravel\\framework\\src\\Illuminate\\Routing\\Router.php(759): Illuminate\\Http\\Response->__construct(Object(Illuminate\\View\\View), 200, Array)
#9 C:\\SXampp\\htdocs\\Jacwan\\affiliate\\vendor\\laravel\\framework\\src\\Illuminate\\Routing\\Router.php(731): Illuminate\\Routing\\Router::toResponse(Object(Illuminate\\Http\\Request), Object(Illuminate\\View\\View))
#10 C:\\SXampp\\htdocs\\Jacwan\\affiliate\\vendor\\laravel\\framework\\src\\Illuminate\\Routing\\Router.php(685): Illuminate\\Routing\\Router->prepareResponse(Object(Illuminate\\Http\\Request), Object(Illuminate\\View\\View))
#11 C:\\SXampp\\htdocs\\Jacwan\\affiliate\\vendor\\laravel\\framework\\src\\Illuminate\\Pipeline\\Pipeline.php(128): Illuminate\\Routing\\Router->Illuminate\\Routing\\{closure}(Object(Illuminate\\Http\\Request))
#12 C:\\SXampp\\htdocs\\Jacwan\\affiliate\\app\\Http\\Middleware\\AdminMiddleware.php(25): Illuminate\\Pipeline\\Pipeline->Illuminate\\Pipeline\\{closure}(Object(Illuminate\\Http\\Request))
#13 C:\\SXampp\\htdocs\\Jacwan\\affiliate\\vendor\\laravel\\framework\\src\\Illuminate\\Pipeline\\Pipeline.php(167): App\\Http\\Middleware\\AdminMiddleware->handle(Object(Illuminate\\Http\\Request), Object(Closure))
#14 C:\\SXampp\\htdocs\\Jacwan\\affiliate\\vendor\\laravel\\framework\\src\\Illuminate\\Routing\\Middleware\\SubstituteBindings.php(41): Illuminate\\Pipeline\\Pipeline->Illuminate\\Pipeline\\{closure}(Object(Illuminate\\Http\\Request))
#15 C:\\SXampp\\htdocs\\Jacwan\\affiliate\\vendor\\laravel\\framework\\src\\Illuminate\\Pipeline\\Pipeline.php(167): Illuminate\\Routing\\Middleware\\SubstituteBindings->handle(Object(Illuminate\\Http\\Request), Object(Closure))
#16 C:\\SXampp\\htdocs\\Jacwan\\affiliate\\vendor\\laravel\\framework\\src\\Illuminate\\Foundation\\Http\\Middleware\\VerifyCsrfToken.php(78): Illuminate\\Pipeline\\Pipeline->Illuminate\\Pipeline\\{closure}(Object(Illuminate\\Http\\Request))
#17 C:\\SXampp\\htdocs\\Jacwan\\affiliate\\vendor\\laravel\\framework\\src\\Illuminate\\Pipeline\\Pipeline.php(167): Illuminate\\Foundation\\Http\\Middleware\\VerifyCsrfToken->handle(Object(Illuminate\\Http\\Request), Object(Closure))
#18 C:\\SXampp\\htdocs\\Jacwan\\affiliate\\vendor\\laravel\\framework\\src\\Illuminate\\View\\Middleware\\ShareErrorsFromSession.php(49): Illuminate\\Pipeline\\Pipeline->Illuminate\\Pipeline\\{closure}(Object(Illuminate\\Http\\Request))
#19 C:\\SXampp\\htdocs\\Jacwan\\affiliate\\vendor\\laravel\\framework\\src\\Illuminate\\Pipeline\\Pipeline.php(167): Illuminate\\View\\Middleware\\ShareErrorsFromSession->handle(Object(Illuminate\\Http\\Request), Object(Closure))
#20 C:\\SXampp\\htdocs\\Jacwan\\affiliate\\vendor\\laravel\\framework\\src\\Illuminate\\Session\\Middleware\\StartSession.php(116): Illuminate\\Pipeline\\Pipeline->Illuminate\\Pipeline\\{closure}(Object(Illuminate\\Http\\Request))
#21 C:\\SXampp\\htdocs\\Jacwan\\affiliate\\vendor\\laravel\\framework\\src\\Illuminate\\Session\\Middleware\\StartSession.php(62): Illuminate\\Session\\Middleware\\StartSession->handleStatefulRequest(Object(Illuminate\\Http\\Request), Object(Illuminate\\Session\\Store), Object(Closure))
#22 C:\\SXampp\\htdocs\\Jacwan\\affiliate\\vendor\\laravel\\framework\\src\\Illuminate\\Pipeline\\Pipeline.php(167): Illuminate\\Session\\Middleware\\StartSession->handle(Object(Illuminate\\Http\\Request), Object(Closure))
#23 C:\\SXampp\\htdocs\\Jacwan\\affiliate\\vendor\\laravel\\framework\\src\\Illuminate\\Cookie\\Middleware\\AddQueuedCookiesToResponse.php(37): Illuminate\\Pipeline\\Pipeline->Illuminate\\Pipeline\\{closure}(Object(Illuminate\\Http\\Request))
#24 C:\\SXampp\\htdocs\\Jacwan\\affiliate\\vendor\\laravel\\framework\\src\\Illuminate\\Pipeline\\Pipeline.php(167): Illuminate\\Cookie\\Middleware\\AddQueuedCookiesToResponse->handle(Object(Illuminate\\Http\\Request), Object(Closure))
#25 C:\\SXampp\\htdocs\\Jacwan\\affiliate\\vendor\\laravel\\framework\\src\\Illuminate\\Cookie\\Middleware\\EncryptCookies.php(67): Illuminate\\Pipeline\\Pipeline->Illuminate\\Pipeline\\{closure}(Object(Illuminate\\Http\\Request))
#26 C:\\SXampp\\htdocs\\Jacwan\\affiliate\\vendor\\laravel\\framework\\src\\Illuminate\\Pipeline\\Pipeline.php(167): Illuminate\\Cookie\\Middleware\\EncryptCookies->handle(Object(Illuminate\\Http\\Request), Object(Closure))
#27 C:\\SXampp\\htdocs\\Jacwan\\affiliate\\vendor\\laravel\\framework\\src\\Illuminate\\Pipeline\\Pipeline.php(103): Illuminate\\Pipeline\\Pipeline->Illuminate\\Pipeline\\{closure}(Object(Illuminate\\Http\\Request))
#28 C:\\SXampp\\htdocs\\Jacwan\\affiliate\\vendor\\laravel\\framework\\src\\Illuminate\\Routing\\Router.php(687): Illuminate\\Pipeline\\Pipeline->then(Object(Closure))
#29 C:\\SXampp\\htdocs\\Jacwan\\affiliate\\vendor\\laravel\\framework\\src\\Illuminate\\Routing\\Router.php(662): Illuminate\\Routing\\Router->runRouteWithinStack(Object(Illuminate\\Routing\\Route), Object(Illuminate\\Http\\Request))
#30 C:\\SXampp\\htdocs\\Jacwan\\affiliate\\vendor\\laravel\\framework\\src\\Illuminate\\Routing\\Router.php(628): Illuminate\\Routing\\Router->runRoute(Object(Illuminate\\Http\\Request), Object(Illuminate\\Routing\\Route))
#31 C:\\SXampp\\htdocs\\Jacwan\\affiliate\\vendor\\laravel\\framework\\src\\Illuminate\\Routing\\Router.php(617): Illuminate\\Routing\\Router->dispatchToRoute(Object(Illuminate\\Http\\Request))
#32 C:\\SXampp\\htdocs\\Jacwan\\affiliate\\vendor\\laravel\\framework\\src\\Illuminate\\Foundation\\Http\\Kernel.php(165): Illuminate\\Routing\\Router->dispatch(Object(Illuminate\\Http\\Request))
#33 C:\\SXampp\\htdocs\\Jacwan\\affiliate\\vendor\\laravel\\framework\\src\\Illuminate\\Pipeline\\Pipeline.php(128): Illuminate\\Foundation\\Http\\Kernel->Illuminate\\Foundation\\Http\\{closure}(Object(Illuminate\\Http\\Request))
#34 C:\\SXampp\\htdocs\\Jacwan\\affiliate\\vendor\\laravel\\framework\\src\\Illuminate\\Foundation\\Http\\Middleware\\TransformsRequest.php(21): Illuminate\\Pipeline\\Pipeline->Illuminate\\Pipeline\\{closure}(Object(Illuminate\\Http\\Request))
#35 C:\\SXampp\\htdocs\\Jacwan\\affiliate\\vendor\\laravel\\framework\\src\\Illuminate\\Pipeline\\Pipeline.php(167): Illuminate\\Foundation\\Http\\Middleware\\TransformsRequest->handle(Object(Illuminate\\Http\\Request), Object(Closure))
#36 C:\\SXampp\\htdocs\\Jacwan\\affiliate\\vendor\\laravel\\framework\\src\\Illuminate\\Foundation\\Http\\Middleware\\TransformsRequest.php(21): Illuminate\\Pipeline\\Pipeline->Illuminate\\Pipeline\\{closure}(Object(Illuminate\\Http\\Request))
#37 C:\\SXampp\\htdocs\\Jacwan\\affiliate\\vendor\\laravel\\framework\\src\\Illuminate\\Pipeline\\Pipeline.php(167): Illuminate\\Foundation\\Http\\Middleware\\TransformsRequest->handle(Object(Illuminate\\Http\\Request), Object(Closure))
#38 C:\\SXampp\\htdocs\\Jacwan\\affiliate\\vendor\\laravel\\framework\\src\\Illuminate\\Foundation\\Http\\Middleware\\ValidatePostSize.php(27): Illuminate\\Pipeline\\Pipeline->Illuminate\\Pipeline\\{closure}(Object(Illuminate\\Http\\Request))
#39 C:\\SXampp\\htdocs\\Jacwan\\affiliate\\vendor\\laravel\\framework\\src\\Illuminate\\Pipeline\\Pipeline.php(167): Illuminate\\Foundation\\Http\\Middleware\\ValidatePostSize->handle(Object(Illuminate\\Http\\Request), Object(Closure))
#40 C:\\SXampp\\htdocs\\Jacwan\\affiliate\\vendor\\laravel\\framework\\src\\Illuminate\\Foundation\\Http\\Middleware\\CheckForMaintenanceMode.php(63): Illuminate\\Pipeline\\Pipeline->Illuminate\\Pipeline\\{closure}(Object(Illuminate\\Http\\Request))
#41 C:\\SXampp\\htdocs\\Jacwan\\affiliate\\vendor\\laravel\\framework\\src\\Illuminate\\Pipeline\\Pipeline.php(167): Illuminate\\Foundation\\Http\\Middleware\\CheckForMaintenanceMode->handle(Object(Illuminate\\Http\\Request), Object(Closure))
#42 C:\\SXampp\\htdocs\\Jacwan\\affiliate\\vendor\\fruitcake\\laravel-cors\\src\\HandleCors.php(37): Illuminate\\Pipeline\\Pipeline->Illuminate\\Pipeline\\{closure}(Object(Illuminate\\Http\\Request))
#43 C:\\SXampp\\htdocs\\Jacwan\\affiliate\\vendor\\laravel\\framework\\src\\Illuminate\\Pipeline\\Pipeline.php(167): Fruitcake\\Cors\\HandleCors->handle(Object(Illuminate\\Http\\Request), Object(Closure))
#44 C:\\SXampp\\htdocs\\Jacwan\\affiliate\\vendor\\fideloper\\proxy\\src\\TrustProxies.php(57): Illuminate\\Pipeline\\Pipeline->Illuminate\\Pipeline\\{closure}(Object(Illuminate\\Http\\Request))
#45 C:\\SXampp\\htdocs\\Jacwan\\affiliate\\vendor\\laravel\\framework\\src\\Illuminate\\Pipeline\\Pipeline.php(167): Fideloper\\Proxy\\TrustProxies->handle(Object(Illuminate\\Http\\Request), Object(Closure))
#46 C:\\SXampp\\htdocs\\Jacwan\\affiliate\\vendor\\laravel\\framework\\src\\Illuminate\\Pipeline\\Pipeline.php(103): Illuminate\\Pipeline\\Pipeline->Illuminate\\Pipeline\\{closure}(Object(Illuminate\\Http\\Request))
#47 C:\\SXampp\\htdocs\\Jacwan\\affiliate\\vendor\\laravel\\framework\\src\\Illuminate\\Foundation\\Http\\Kernel.php(140): Illuminate\\Pipeline\\Pipeline->then(Object(Closure))
#48 C:\\SXampp\\htdocs\\Jacwan\\affiliate\\vendor\\laravel\\framework\\src\\Illuminate\\Foundation\\Http\\Kernel.php(109): Illuminate\\Foundation\\Http\\Kernel->sendRequestThroughRouter(Object(Illuminate\\Http\\Request))
#49 C:\\SXampp\\htdocs\\Jacwan\\affiliate\\index.php(55): Illuminate\\Foundation\\Http\\Kernel->handle(Object(Illuminate\\Http\\Request))
#50 {main}
"} 
[2022-05-21 14:07:52] local.ERROR: SQLSTATE[42S22]: Column not found: 1054 Unknown column 'in_not' in 'where clause' (SQL: select * from `users_public` where `in_not` = id) {"exception":"[object] (Illuminate\\Database\\QueryException(code: 42S22): SQLSTATE[42S22]: Column not found: 1054 Unknown column 'in_not' in 'where clause' (SQL: select * from `users_public` where `in_not` = id) at C:\\SXampp\\htdocs\\Jacwan\\affiliate\\vendor\\laravel\\framework\\src\\Illuminate\\Database\\Connection.php:671)
[stacktrace]
#0 C:\\SXampp\\htdocs\\Jacwan\\affiliate\\vendor\\laravel\\framework\\src\\Illuminate\\Database\\Connection.php(631): Illuminate\\Database\\Connection->runQueryCallback('select * from `...', Array, Object(Closure))
#1 C:\\SXampp\\htdocs\\Jacwan\\affiliate\\vendor\\laravel\\framework\\src\\Illuminate\\Database\\Connection.php(339): Illuminate\\Database\\Connection->run('select * from `...', Array, Object(Closure))
#2 C:\\SXampp\\htdocs\\Jacwan\\affiliate\\vendor\\laravel\\framework\\src\\Illuminate\\Database\\Query\\Builder.php(2270): Illuminate\\Database\\Connection->select('select * from `...', Array, true)
#3 C:\\SXampp\\htdocs\\Jacwan\\affiliate\\vendor\\laravel\\framework\\src\\Illuminate\\Database\\Query\\Builder.php(2258): Illuminate\\Database\\Query\\Builder->runSelect()
#4 C:\\SXampp\\htdocs\\Jacwan\\affiliate\\vendor\\laravel\\framework\\src\\Illuminate\\Database\\Query\\Builder.php(2753): Illuminate\\Database\\Query\\Builder->Illuminate\\Database\\Query\\{closure}()
#5 C:\\SXampp\\htdocs\\Jacwan\\affiliate\\vendor\\laravel\\framework\\src\\Illuminate\\Database\\Query\\Builder.php(2259): Illuminate\\Database\\Query\\Builder->onceWithColumns(Array, Object(Closure))
#6 C:\\SXampp\\htdocs\\Jacwan\\affiliate\\app\\Http\\Controllers\\admin\\AdminAffiliteController.php(2239): Illuminate\\Database\\Query\\Builder->get()
#7 C:\\SXampp\\htdocs\\Jacwan\\affiliate\\vendor\\laravel\\framework\\src\\Illuminate\\Routing\\Controller.php(54): App\\Http\\Controllers\\admin\\AdminAffiliteController->getServiceChargeFromAffiliate()
#8 C:\\SXampp\\htdocs\\Jacwan\\affiliate\\vendor\\laravel\\framework\\src\\Illuminate\\Routing\\ControllerDispatcher.php(45): Illuminate\\Routing\\Controller->callAction('getServiceCharg...', Array)
#9 C:\\SXampp\\htdocs\\Jacwan\\affiliate\\vendor\\laravel\\framework\\src\\Illuminate\\Routing\\Route.php(239): Illuminate\\Routing\\ControllerDispatcher->dispatch(Object(Illuminate\\Routing\\Route), Object(App\\Http\\Controllers\\admin\\AdminAffiliteController), 'getServiceCharg...')
#10 C:\\SXampp\\htdocs\\Jacwan\\affiliate\\vendor\\laravel\\framework\\src\\Illuminate\\Routing\\Route.php(196): Illuminate\\Routing\\Route->runController()
#11 C:\\SXampp\\htdocs\\Jacwan\\affiliate\\vendor\\laravel\\framework\\src\\Illuminate\\Routing\\Router.php(685): Illuminate\\Routing\\Route->run()
#12 C:\\SXampp\\htdocs\\Jacwan\\affiliate\\vendor\\laravel\\framework\\src\\Illuminate\\Pipeline\\Pipeline.php(128): Illuminate\\Routing\\Router->Illuminate\\Routing\\{closure}(Object(Illuminate\\Http\\Request))
#13 C:\\SXampp\\htdocs\\Jacwan\\affiliate\\app\\Http\\Middleware\\AdminMiddleware.php(25): Illuminate\\Pipeline\\Pipeline->Illuminate\\Pipeline\\{closure}(Object(Illuminate\\Http\\Request))
#14 C:\\SXampp\\htdocs\\Jacwan\\affiliate\\vendor\\laravel\\framework\\src\\Illuminate\\Pipeline\\Pipeline.php(167): App\\Http\\Middleware\\AdminMiddleware->handle(Object(Illuminate\\Http\\Request), Object(Closure))
#15 C:\\SXampp\\htdocs\\Jacwan\\affiliate\\vendor\\laravel\\framework\\src\\Illuminate\\Routing\\Middleware\\SubstituteBindings.php(41): Illuminate\\Pipeline\\Pipeline->Illuminate\\Pipeline\\{closure}(Object(Illuminate\\Http\\Request))
#16 C:\\SXampp\\htdocs\\Jacwan\\affiliate\\vendor\\laravel\\framework\\src\\Illuminate\\Pipeline\\Pipeline.php(167): Illuminate\\Routing\\Middleware\\SubstituteBindings->handle(Object(Illuminate\\Http\\Request), Object(Closure))
#17 C:\\SXampp\\htdocs\\Jacwan\\affiliate\\vendor\\laravel\\framework\\src\\Illuminate\\Foundation\\Http\\Middleware\\VerifyCsrfToken.php(78): Illuminate\\Pipeline\\Pipeline->Illuminate\\Pipeline\\{closure}(Object(Illuminate\\Http\\Request))
#18 C:\\SXampp\\htdocs\\Jacwan\\affiliate\\vendor\\laravel\\framework\\src\\Illuminate\\Pipeline\\Pipeline.php(167): Illuminate\\Foundation\\Http\\Middleware\\VerifyCsrfToken->handle(Object(Illuminate\\Http\\Request), Object(Closure))
#19 C:\\SXampp\\htdocs\\Jacwan\\affiliate\\vendor\\laravel\\framework\\src\\Illuminate\\View\\Middleware\\ShareErrorsFromSession.php(49): Illuminate\\Pipeline\\Pipeline->Illuminate\\Pipeline\\{closure}(Object(Illuminate\\Http\\Request))
#20 C:\\SXampp\\htdocs\\Jacwan\\affiliate\\vendor\\laravel\\framework\\src\\Illuminate\\Pipeline\\Pipeline.php(167): Illuminate\\View\\Middleware\\ShareErrorsFromSession->handle(Object(Illuminate\\Http\\Request), Object(Closure))
#21 C:\\SXampp\\htdocs\\Jacwan\\affiliate\\vendor\\laravel\\framework\\src\\Illuminate\\Session\\Middleware\\StartSession.php(116): Illuminate\\Pipeline\\Pipeline->Illuminate\\Pipeline\\{closure}(Object(Illuminate\\Http\\Request))
#22 C:\\SXampp\\htdocs\\Jacwan\\affiliate\\vendor\\laravel\\framework\\src\\Illuminate\\Session\\Middleware\\StartSession.php(62): Illuminate\\Session\\Middleware\\StartSession->handleStatefulRequest(Object(Illuminate\\Http\\Request), Object(Illuminate\\Session\\Store), Object(Closure))
#23 C:\\SXampp\\htdocs\\Jacwan\\affiliate\\vendor\\laravel\\framework\\src\\Illuminate\\Pipeline\\Pipeline.php(167): Illuminate\\Session\\Middleware\\StartSession->handle(Object(Illuminate\\Http\\Request), Object(Closure))
#24 C:\\SXampp\\htdocs\\Jacwan\\affiliate\\vendor\\laravel\\framework\\src\\Illuminate\\Cookie\\Middleware\\AddQueuedCookiesToResponse.php(37): Illuminate\\Pipeline\\Pipeline->Illuminate\\Pipeline\\{closure}(Object(Illuminate\\Http\\Request))
#25 C:\\SXampp\\htdocs\\Jacwan\\affiliate\\vendor\\laravel\\framework\\src\\Illuminate\\Pipeline\\Pipeline.php(167): Illuminate\\Cookie\\Middleware\\AddQueuedCookiesToResponse->handle(Object(Illuminate\\Http\\Request), Object(Closure))
#26 C:\\SXampp\\htdocs\\Jacwan\\affiliate\\vendor\\laravel\\framework\\src\\Illuminate\\Cookie\\Middleware\\EncryptCookies.php(67): Illuminate\\Pipeline\\Pipeline->Illuminate\\Pipeline\\{closure}(Object(Illuminate\\Http\\Request))
#27 C:\\SXampp\\htdocs\\Jacwan\\affiliate\\vendor\\laravel\\framework\\src\\Illuminate\\Pipeline\\Pipeline.php(167): Illuminate\\Cookie\\Middleware\\EncryptCookies->handle(Object(Illuminate\\Http\\Request), Object(Closure))
#28 C:\\SXampp\\htdocs\\Jacwan\\affiliate\\vendor\\laravel\\framework\\src\\Illuminate\\Pipeline\\Pipeline.php(103): Illuminate\\Pipeline\\Pipeline->Illuminate\\Pipeline\\{closure}(Object(Illuminate\\Http\\Request))
#29 C:\\SXampp\\htdocs\\Jacwan\\affiliate\\vendor\\laravel\\framework\\src\\Illuminate\\Routing\\Router.php(687): Illuminate\\Pipeline\\Pipeline->then(Object(Closure))
#30 C:\\SXampp\\htdocs\\Jacwan\\affiliate\\vendor\\laravel\\framework\\src\\Illuminate\\Routing\\Router.php(662): Illuminate\\Routing\\Router->runRouteWithinStack(Object(Illuminate\\Routing\\Route), Object(Illuminate\\Http\\Request))
#31 C:\\SXampp\\htdocs\\Jacwan\\affiliate\\vendor\\laravel\\framework\\src\\Illuminate\\Routing\\Router.php(628): Illuminate\\Routing\\Router->runRoute(Object(Illuminate\\Http\\Request), Object(Illuminate\\Routing\\Route))
#32 C:\\SXampp\\htdocs\\Jacwan\\affiliate\\vendor\\laravel\\framework\\src\\Illuminate\\Routing\\Router.php(617): Illuminate\\Routing\\Router->dispatchToRoute(Object(Illuminate\\Http\\Request))
#33 C:\\SXampp\\htdocs\\Jacwan\\affiliate\\vendor\\laravel\\framework\\src\\Illuminate\\Foundation\\Http\\Kernel.php(165): Illuminate\\Routing\\Router->dispatch(Object(Illuminate\\Http\\Request))
#34 C:\\SXampp\\htdocs\\Jacwan\\affiliate\\vendor\\laravel\\framework\\src\\Illuminate\\Pipeline\\Pipeline.php(128): Illuminate\\Foundation\\Http\\Kernel->Illuminate\\Foundation\\Http\\{closure}(Object(Illuminate\\Http\\Request))
#35 C:\\SXampp\\htdocs\\Jacwan\\affiliate\\vendor\\laravel\\framework\\src\\Illuminate\\Foundation\\Http\\Middleware\\TransformsRequest.php(21): Illuminate\\Pipeline\\Pipeline->Illuminate\\Pipeline\\{closure}(Object(Illuminate\\Http\\Request))
#36 C:\\SXampp\\htdocs\\Jacwan\\affiliate\\vendor\\laravel\\framework\\src\\Illuminate\\Pipeline\\Pipeline.php(167): Illuminate\\Foundation\\Http\\Middleware\\TransformsRequest->handle(Object(Illuminate\\Http\\Request), Object(Closure))
#37 C:\\SXampp\\htdocs\\Jacwan\\affiliate\\vendor\\laravel\\framework\\src\\Illuminate\\Foundation\\Http\\Middleware\\TransformsRequest.php(21): Illuminate\\Pipeline\\Pipeline->Illuminate\\Pipeline\\{closure}(Object(Illuminate\\Http\\Request))
#38 C:\\SXampp\\htdocs\\Jacwan\\affiliate\\vendor\\laravel\\framework\\src\\Illuminate\\Pipeline\\Pipeline.php(167): Illuminate\\Foundation\\Http\\Middleware\\TransformsRequest->handle(Object(Illuminate\\Http\\Request), Object(Closure))
#39 C:\\SXampp\\htdocs\\Jacwan\\affiliate\\vendor\\laravel\\framework\\src\\Illuminate\\Foundation\\Http\\Middleware\\ValidatePostSize.php(27): Illuminate\\Pipeline\\Pipeline->Illuminate\\Pipeline\\{closure}(Object(Illuminate\\Http\\Request))
#40 C:\\SXampp\\htdocs\\Jacwan\\affiliate\\vendor\\laravel\\framework\\src\\Illuminate\\Pipeline\\Pipeline.php(167): Illuminate\\Foundation\\Http\\Middleware\\ValidatePostSize->handle(Object(Illuminate\\Http\\Request), Object(Closure))
#41 C:\\SXampp\\htdocs\\Jacwan\\affiliate\\vendor\\laravel\\framework\\src\\Illuminate\\Foundation\\Http\\Middleware\\CheckForMaintenanceMode.php(63): Illuminate\\Pipeline\\Pipeline->Illuminate\\Pipeline\\{closure}(Object(Illuminate\\Http\\Request))
#42 C:\\SXampp\\htdocs\\Jacwan\\affiliate\\vendor\\laravel\\framework\\src\\Illuminate\\Pipeline\\Pipeline.php(167): Illuminate\\Foundation\\Http\\Middleware\\CheckForMaintenanceMode->handle(Object(Illuminate\\Http\\Request), Object(Closure))
#43 C:\\SXampp\\htdocs\\Jacwan\\affiliate\\vendor\\fruitcake\\laravel-cors\\src\\HandleCors.php(37): Illuminate\\Pipeline\\Pipeline->Illuminate\\Pipeline\\{closure}(Object(Illuminate\\Http\\Request))
#44 C:\\SXampp\\htdocs\\Jacwan\\affiliate\\vendor\\laravel\\framework\\src\\Illuminate\\Pipeline\\Pipeline.php(167): Fruitcake\\Cors\\HandleCors->handle(Object(Illuminate\\Http\\Request), Object(Closure))
#45 C:\\SXampp\\htdocs\\Jacwan\\affiliate\\vendor\\fideloper\\proxy\\src\\TrustProxies.php(57): Illuminate\\Pipeline\\Pipeline->Illuminate\\Pipeline\\{closure}(Object(Illuminate\\Http\\Request))
#46 C:\\SXampp\\htdocs\\Jacwan\\affiliate\\vendor\\laravel\\framework\\src\\Illuminate\\Pipeline\\Pipeline.php(167): Fideloper\\Proxy\\TrustProxies->handle(Object(Illuminate\\Http\\Request), Object(Closure))
#47 C:\\SXampp\\htdocs\\Jacwan\\affiliate\\vendor\\laravel\\framework\\src\\Illuminate\\Pipeline\\Pipeline.php(103): Illuminate\\Pipeline\\Pipeline->Illuminate\\Pipeline\\{closure}(Object(Illuminate\\Http\\Request))
#48 C:\\SXampp\\htdocs\\Jacwan\\affiliate\\vendor\\laravel\\framework\\src\\Illuminate\\Foundation\\Http\\Kernel.php(140): Illuminate\\Pipeline\\Pipeline->then(Object(Closure))
#49 C:\\SXampp\\htdocs\\Jacwan\\affiliate\\vendor\\laravel\\framework\\src\\Illuminate\\Foundation\\Http\\Kernel.php(109): Illuminate\\Foundation\\Http\\Kernel->sendRequestThroughRouter(Object(Illuminate\\Http\\Request))
#50 C:\\SXampp\\htdocs\\Jacwan\\affiliate\\index.php(55): Illuminate\\Foundation\\Http\\Kernel->handle(Object(Illuminate\\Http\\Request))
#51 {main}

[previous exception] [object] (PDOException(code: 42S22): SQLSTATE[42S22]: Column not found: 1054 Unknown column 'in_not' in 'where clause' at C:\\SXampp\\htdocs\\Jacwan\\affiliate\\vendor\\laravel\\framework\\src\\Illuminate\\Database\\Connection.php:331)
[stacktrace]
#0 C:\\SXampp\\htdocs\\Jacwan\\affiliate\\vendor\\laravel\\framework\\src\\Illuminate\\Database\\Connection.php(331): PDO->prepare('select * from `...')
#1 C:\\SXampp\\htdocs\\Jacwan\\affiliate\\vendor\\laravel\\framework\\src\\Illuminate\\Database\\Connection.php(664): Illuminate\\Database\\Connection->Illuminate\\Database\\{closure}('select * from `...', Array)
#2 C:\\SXampp\\htdocs\\Jacwan\\affiliate\\vendor\\laravel\\framework\\src\\Illuminate\\Database\\Connection.php(631): Illuminate\\Database\\Connection->runQueryCallback('select * from `...', Array, Object(Closure))
#3 C:\\SXampp\\htdocs\\Jacwan\\affiliate\\vendor\\laravel\\framework\\src\\Illuminate\\Database\\Connection.php(339): Illuminate\\Database\\Connection->run('select * from `...', Array, Object(Closure))
#4 C:\\SXampp\\htdocs\\Jacwan\\affiliate\\vendor\\laravel\\framework\\src\\Illuminate\\Database\\Query\\Builder.php(2270): Illuminate\\Database\\Connection->select('select * from `...', Array, true)
#5 C:\\SXampp\\htdocs\\Jacwan\\affiliate\\vendor\\laravel\\framework\\src\\Illuminate\\Database\\Query\\Builder.php(2258): Illuminate\\Database\\Query\\Builder->runSelect()
#6 C:\\SXampp\\htdocs\\Jacwan\\affiliate\\vendor\\laravel\\framework\\src\\Illuminate\\Database\\Query\\Builder.php(2753): Illuminate\\Database\\Query\\Builder->Illuminate\\Database\\Query\\{closure}()
#7 C:\\SXampp\\htdocs\\Jacwan\\affiliate\\vendor\\laravel\\framework\\src\\Illuminate\\Database\\Query\\Builder.php(2259): Illuminate\\Database\\Query\\Builder->onceWithColumns(Array, Object(Closure))
#8 C:\\SXampp\\htdocs\\Jacwan\\affiliate\\app\\Http\\Controllers\\admin\\AdminAffiliteController.php(2239): Illuminate\\Database\\Query\\Builder->get()
#9 C:\\SXampp\\htdocs\\Jacwan\\affiliate\\vendor\\laravel\\framework\\src\\Illuminate\\Routing\\Controller.php(54): App\\Http\\Controllers\\admin\\AdminAffiliteController->getServiceChargeFromAffiliate()
#10 C:\\SXampp\\htdocs\\Jacwan\\affiliate\\vendor\\laravel\\framework\\src\\Illuminate\\Routing\\ControllerDispatcher.php(45): Illuminate\\Routing\\Controller->callAction('getServiceCharg...', Array)
#11 C:\\SXampp\\htdocs\\Jacwan\\affiliate\\vendor\\laravel\\framework\\src\\Illuminate\\Routing\\Route.php(239): Illuminate\\Routing\\ControllerDispatcher->dispatch(Object(Illuminate\\Routing\\Route), Object(App\\Http\\Controllers\\admin\\AdminAffiliteController), 'getServiceCharg...')
#12 C:\\SXampp\\htdocs\\Jacwan\\affiliate\\vendor\\laravel\\framework\\src\\Illuminate\\Routing\\Route.php(196): Illuminate\\Routing\\Route->runController()
#13 C:\\SXampp\\htdocs\\Jacwan\\affiliate\\vendor\\laravel\\framework\\src\\Illuminate\\Routing\\Router.php(685): Illuminate\\Routing\\Route->run()
#14 C:\\SXampp\\htdocs\\Jacwan\\affiliate\\vendor\\laravel\\framework\\src\\Illuminate\\Pipeline\\Pipeline.php(128): Illuminate\\Routing\\Router->Illuminate\\Routing\\{closure}(Object(Illuminate\\Http\\Request))
#15 C:\\SXampp\\htdocs\\Jacwan\\affiliate\\app\\Http\\Middleware\\AdminMiddleware.php(25): Illuminate\\Pipeline\\Pipeline->Illuminate\\Pipeline\\{closure}(Object(Illuminate\\Http\\Request))
#16 C:\\SXampp\\htdocs\\Jacwan\\affiliate\\vendor\\laravel\\framework\\src\\Illuminate\\Pipeline\\Pipeline.php(167): App\\Http\\Middleware\\AdminMiddleware->handle(Object(Illuminate\\Http\\Request), Object(Closure))
#17 C:\\SXampp\\htdocs\\Jacwan\\affiliate\\vendor\\laravel\\framework\\src\\Illuminate\\Routing\\Middleware\\SubstituteBindings.php(41): Illuminate\\Pipeline\\Pipeline->Illuminate\\Pipeline\\{closure}(Object(Illuminate\\Http\\Request))
#18 C:\\SXampp\\htdocs\\Jacwan\\affiliate\\vendor\\laravel\\framework\\src\\Illuminate\\Pipeline\\Pipeline.php(167): Illuminate\\Routing\\Middleware\\SubstituteBindings->handle(Object(Illuminate\\Http\\Request), Object(Closure))
#19 C:\\SXampp\\htdocs\\Jacwan\\affiliate\\vendor\\laravel\\framework\\src\\Illuminate\\Foundation\\Http\\Middleware\\VerifyCsrfToken.php(78): Illuminate\\Pipeline\\Pipeline->Illuminate\\Pipeline\\{closure}(Object(Illuminate\\Http\\Request))
#20 C:\\SXampp\\htdocs\\Jacwan\\affiliate\\vendor\\laravel\\framework\\src\\Illuminate\\Pipeline\\Pipeline.php(167): Illuminate\\Foundation\\Http\\Middleware\\VerifyCsrfToken->handle(Object(Illuminate\\Http\\Request), Object(Closure))
#21 C:\\SXampp\\htdocs\\Jacwan\\affiliate\\vendor\\laravel\\framework\\src\\Illuminate\\View\\Middleware\\ShareErrorsFromSession.php(49): Illuminate\\Pipeline\\Pipeline->Illuminate\\Pipeline\\{closure}(Object(Illuminate\\Http\\Request))
#22 C:\\SXampp\\htdocs\\Jacwan\\affiliate\\vendor\\laravel\\framework\\src\\Illuminate\\Pipeline\\Pipeline.php(167): Illuminate\\View\\Middleware\\ShareErrorsFromSession->handle(Object(Illuminate\\Http\\Request), Object(Closure))
#23 C:\\SXampp\\htdocs\\Jacwan\\affiliate\\vendor\\laravel\\framework\\src\\Illuminate\\Session\\Middleware\\StartSession.php(116): Illuminate\\Pipeline\\Pipeline->Illuminate\\Pipeline\\{closure}(Object(Illuminate\\Http\\Request))
#24 C:\\SXampp\\htdocs\\Jacwan\\affiliate\\vendor\\laravel\\framework\\src\\Illuminate\\Session\\Middleware\\StartSession.php(62): Illuminate\\Session\\Middleware\\StartSession->handleStatefulRequest(Object(Illuminate\\Http\\Request), Object(Illuminate\\Session\\Store), Object(Closure))
#25 C:\\SXampp\\htdocs\\Jacwan\\affiliate\\vendor\\laravel\\framework\\src\\Illuminate\\Pipeline\\Pipeline.php(167): Illuminate\\Session\\Middleware\\StartSession->handle(Object(Illuminate\\Http\\Request), Object(Closure))
#26 C:\\SXampp\\htdocs\\Jacwan\\affiliate\\vendor\\laravel\\framework\\src\\Illuminate\\Cookie\\Middleware\\AddQueuedCookiesToResponse.php(37): Illuminate\\Pipeline\\Pipeline->Illuminate\\Pipeline\\{closure}(Object(Illuminate\\Http\\Request))
#27 C:\\SXampp\\htdocs\\Jacwan\\affiliate\\vendor\\laravel\\framework\\src\\Illuminate\\Pipeline\\Pipeline.php(167): Illuminate\\Cookie\\Middleware\\AddQueuedCookiesToResponse->handle(Object(Illuminate\\Http\\Request), Object(Closure))
#28 C:\\SXampp\\htdocs\\Jacwan\\affiliate\\vendor\\laravel\\framework\\src\\Illuminate\\Cookie\\Middleware\\EncryptCookies.php(67): Illuminate\\Pipeline\\Pipeline->Illuminate\\Pipeline\\{closure}(Object(Illuminate\\Http\\Request))
#29 C:\\SXampp\\htdocs\\Jacwan\\affiliate\\vendor\\laravel\\framework\\src\\Illuminate\\Pipeline\\Pipeline.php(167): Illuminate\\Cookie\\Middleware\\EncryptCookies->handle(Object(Illuminate\\Http\\Request), Object(Closure))
#30 C:\\SXampp\\htdocs\\Jacwan\\affiliate\\vendor\\laravel\\framework\\src\\Illuminate\\Pipeline\\Pipeline.php(103): Illuminate\\Pipeline\\Pipeline->Illuminate\\Pipeline\\{closure}(Object(Illuminate\\Http\\Request))
#31 C:\\SXampp\\htdocs\\Jacwan\\affiliate\\vendor\\laravel\\framework\\src\\Illuminate\\Routing\\Router.php(687): Illuminate\\Pipeline\\Pipeline->then(Object(Closure))
#32 C:\\SXampp\\htdocs\\Jacwan\\affiliate\\vendor\\laravel\\framework\\src\\Illuminate\\Routing\\Router.php(662): Illuminate\\Routing\\Router->runRouteWithinStack(Object(Illuminate\\Routing\\Route), Object(Illuminate\\Http\\Request))
#33 C:\\SXampp\\htdocs\\Jacwan\\affiliate\\vendor\\laravel\\framework\\src\\Illuminate\\Routing\\Router.php(628): Illuminate\\Routing\\Router->runRoute(Object(Illuminate\\Http\\Request), Object(Illuminate\\Routing\\Route))
#34 C:\\SXampp\\htdocs\\Jacwan\\affiliate\\vendor\\laravel\\framework\\src\\Illuminate\\Routing\\Router.php(617): Illuminate\\Routing\\Router->dispatchToRoute(Object(Illuminate\\Http\\Request))
#35 C:\\SXampp\\htdocs\\Jacwan\\affiliate\\vendor\\laravel\\framework\\src\\Illuminate\\Foundation\\Http\\Kernel.php(165): Illuminate\\Routing\\Router->dispatch(Object(Illuminate\\Http\\Request))
#36 C:\\SXampp\\htdocs\\Jacwan\\affiliate\\vendor\\laravel\\framework\\src\\Illuminate\\Pipeline\\Pipeline.php(128): Illuminate\\Foundation\\Http\\Kernel->Illuminate\\Foundation\\Http\\{closure}(Object(Illuminate\\Http\\Request))
#37 C:\\SXampp\\htdocs\\Jacwan\\affiliate\\vendor\\laravel\\framework\\src\\Illuminate\\Foundation\\Http\\Middleware\\TransformsRequest.php(21): Illuminate\\Pipeline\\Pipeline->Illuminate\\Pipeline\\{closure}(Object(Illuminate\\Http\\Request))
#38 C:\\SXampp\\htdocs\\Jacwan\\affiliate\\vendor\\laravel\\framework\\src\\Illuminate\\Pipeline\\Pipeline.php(167): Illuminate\\Foundation\\Http\\Middleware\\TransformsRequest->handle(Object(Illuminate\\Http\\Request), Object(Closure))
#39 C:\\SXampp\\htdocs\\Jacwan\\affiliate\\vendor\\laravel\\framework\\src\\Illuminate\\Foundation\\Http\\Middleware\\TransformsRequest.php(21): Illuminate\\Pipeline\\Pipeline->Illuminate\\Pipeline\\{closure}(Object(Illuminate\\Http\\Request))
#40 C:\\SXampp\\htdocs\\Jacwan\\affiliate\\vendor\\laravel\\framework\\src\\Illuminate\\Pipeline\\Pipeline.php(167): Illuminate\\Foundation\\Http\\Middleware\\TransformsRequest->handle(Object(Illuminate\\Http\\Request), Object(Closure))
#41 C:\\SXampp\\htdocs\\Jacwan\\affiliate\\vendor\\laravel\\framework\\src\\Illuminate\\Foundation\\Http\\Middleware\\ValidatePostSize.php(27): Illuminate\\Pipeline\\Pipeline->Illuminate\\Pipeline\\{closure}(Object(Illuminate\\Http\\Request))
#42 C:\\SXampp\\htdocs\\Jacwan\\affiliate\\vendor\\laravel\\framework\\src\\Illuminate\\Pipeline\\Pipeline.php(167): Illuminate\\Foundation\\Http\\Middleware\\ValidatePostSize->handle(Object(Illuminate\\Http\\Request), Object(Closure))
#43 C:\\SXampp\\htdocs\\Jacwan\\affiliate\\vendor\\laravel\\framework\\src\\Illuminate\\Foundation\\Http\\Middleware\\CheckForMaintenanceMode.php(63): Illuminate\\Pipeline\\Pipeline->Illuminate\\Pipeline\\{closure}(Object(Illuminate\\Http\\Request))
#44 C:\\SXampp\\htdocs\\Jacwan\\affiliate\\vendor\\laravel\\framework\\src\\Illuminate\\Pipeline\\Pipeline.php(167): Illuminate\\Foundation\\Http\\Middleware\\CheckForMaintenanceMode->handle(Object(Illuminate\\Http\\Request), Object(Closure))
#45 C:\\SXampp\\htdocs\\Jacwan\\affiliate\\vendor\\fruitcake\\laravel-cors\\src\\HandleCors.php(37): Illuminate\\Pipeline\\Pipeline->Illuminate\\Pipeline\\{closure}(Object(Illuminate\\Http\\Request))
#46 C:\\SXampp\\htdocs\\Jacwan\\affiliate\\vendor\\laravel\\framework\\src\\Illuminate\\Pipeline\\Pipeline.php(167): Fruitcake\\Cors\\HandleCors->handle(Object(Illuminate\\Http\\Request), Object(Closure))
#47 C:\\SXampp\\htdocs\\Jacwan\\affiliate\\vendor\\fideloper\\proxy\\src\\TrustProxies.php(57): Illuminate\\Pipeline\\Pipeline->Illuminate\\Pipeline\\{closure}(Object(Illuminate\\Http\\Request))
#48 C:\\SXampp\\htdocs\\Jacwan\\affiliate\\vendor\\laravel\\framework\\src\\Illuminate\\Pipeline\\Pipeline.php(167): Fideloper\\Proxy\\TrustProxies->handle(Object(Illuminate\\Http\\Request), Object(Closure))
#49 C:\\SXampp\\htdocs\\Jacwan\\affiliate\\vendor\\laravel\\framework\\src\\Illuminate\\Pipeline\\Pipeline.php(103): Illuminate\\Pipeline\\Pipeline->Illuminate\\Pipeline\\{closure}(Object(Illuminate\\Http\\Request))
#50 C:\\SXampp\\htdocs\\Jacwan\\affiliate\\vendor\\laravel\\framework\\src\\Illuminate\\Foundation\\Http\\Kernel.php(140): Illuminate\\Pipeline\\Pipeline->then(Object(Closure))
#51 C:\\SXampp\\htdocs\\Jacwan\\affiliate\\vendor\\laravel\\framework\\src\\Illuminate\\Foundation\\Http\\Kernel.php(109): Illuminate\\Foundation\\Http\\Kernel->sendRequestThroughRouter(Object(Illuminate\\Http\\Request))
#52 C:\\SXampp\\htdocs\\Jacwan\\affiliate\\index.php(55): Illuminate\\Foundation\\Http\\Kernel->handle(Object(Illuminate\\Http\\Request))
#53 {main}
"} 
[2022-05-31 19:36:58] local.ERROR: Undefined property: stdClass::$nominee_national_id {"exception":"[object] (ErrorException(code: 0): Undefined property: stdClass::$nominee_national_id at C:\\SXampp\\htdocs\\Jacwan\\affiliate\\app\\Http\\Controllers\\admin\\AffiliteController.php:481)
[stacktrace]
#0 C:\\SXampp\\htdocs\\Jacwan\\affiliate\\app\\Http\\Controllers\\admin\\AffiliteController.php(481): Illuminate\\Foundation\\Bootstrap\\HandleExceptions->handleError(8, 'Undefined prope...', 'C:\\\\SXampp\\\\htdoc...', 481, Array)
#1 C:\\SXampp\\htdocs\\Jacwan\\affiliate\\vendor\\laravel\\framework\\src\\Illuminate\\Routing\\Controller.php(54): App\\Http\\Controllers\\admin\\AffiliteController->profile_store(Object(Illuminate\\Http\\Request))
#2 C:\\SXampp\\htdocs\\Jacwan\\affiliate\\vendor\\laravel\\framework\\src\\Illuminate\\Routing\\ControllerDispatcher.php(45): Illuminate\\Routing\\Controller->callAction('profile_store', Array)
#3 C:\\SXampp\\htdocs\\Jacwan\\affiliate\\vendor\\laravel\\framework\\src\\Illuminate\\Routing\\Route.php(239): Illuminate\\Routing\\ControllerDispatcher->dispatch(Object(Illuminate\\Routing\\Route), Object(App\\Http\\Controllers\\admin\\AffiliteController), 'profile_store')
#4 C:\\SXampp\\htdocs\\Jacwan\\affiliate\\vendor\\laravel\\framework\\src\\Illuminate\\Routing\\Route.php(196): Illuminate\\Routing\\Route->runController()
#5 C:\\SXampp\\htdocs\\Jacwan\\affiliate\\vendor\\laravel\\framework\\src\\Illuminate\\Routing\\Router.php(685): Illuminate\\Routing\\Route->run()
#6 C:\\SXampp\\htdocs\\Jacwan\\affiliate\\vendor\\laravel\\framework\\src\\Illuminate\\Pipeline\\Pipeline.php(128): Illuminate\\Routing\\Router->Illuminate\\Routing\\{closure}(Object(Illuminate\\Http\\Request))
#7 C:\\SXampp\\htdocs\\Jacwan\\affiliate\\app\\Http\\Middleware\\AdminMiddleware.php(25): Illuminate\\Pipeline\\Pipeline->Illuminate\\Pipeline\\{closure}(Object(Illuminate\\Http\\Request))
#8 C:\\SXampp\\htdocs\\Jacwan\\affiliate\\vendor\\laravel\\framework\\src\\Illuminate\\Pipeline\\Pipeline.php(167): App\\Http\\Middleware\\AdminMiddleware->handle(Object(Illuminate\\Http\\Request), Object(Closure))
#9 C:\\SXampp\\htdocs\\Jacwan\\affiliate\\vendor\\laravel\\framework\\src\\Illuminate\\Routing\\Middleware\\SubstituteBindings.php(41): Illuminate\\Pipeline\\Pipeline->Illuminate\\Pipeline\\{closure}(Object(Illuminate\\Http\\Request))
#10 C:\\SXampp\\htdocs\\Jacwan\\affiliate\\vendor\\laravel\\framework\\src\\Illuminate\\Pipeline\\Pipeline.php(167): Illuminate\\Routing\\Middleware\\SubstituteBindings->handle(Object(Illuminate\\Http\\Request), Object(Closure))
#11 C:\\SXampp\\htdocs\\Jacwan\\affiliate\\vendor\\laravel\\framework\\src\\Illuminate\\Foundation\\Http\\Middleware\\VerifyCsrfToken.php(78): Illuminate\\Pipeline\\Pipeline->Illuminate\\Pipeline\\{closure}(Object(Illuminate\\Http\\Request))
#12 C:\\SXampp\\htdocs\\Jacwan\\affiliate\\vendor\\laravel\\framework\\src\\Illuminate\\Pipeline\\Pipeline.php(167): Illuminate\\Foundation\\Http\\Middleware\\VerifyCsrfToken->handle(Object(Illuminate\\Http\\Request), Object(Closure))
#13 C:\\SXampp\\htdocs\\Jacwan\\affiliate\\vendor\\laravel\\framework\\src\\Illuminate\\View\\Middleware\\ShareErrorsFromSession.php(49): Illuminate\\Pipeline\\Pipeline->Illuminate\\Pipeline\\{closure}(Object(Illuminate\\Http\\Request))
#14 C:\\SXampp\\htdocs\\Jacwan\\affiliate\\vendor\\laravel\\framework\\src\\Illuminate\\Pipeline\\Pipeline.php(167): Illuminate\\View\\Middleware\\ShareErrorsFromSession->handle(Object(Illuminate\\Http\\Request), Object(Closure))
#15 C:\\SXampp\\htdocs\\Jacwan\\affiliate\\vendor\\laravel\\framework\\src\\Illuminate\\Session\\Middleware\\StartSession.php(116): Illuminate\\Pipeline\\Pipeline->Illuminate\\Pipeline\\{closure}(Object(Illuminate\\Http\\Request))
#16 C:\\SXampp\\htdocs\\Jacwan\\affiliate\\vendor\\laravel\\framework\\src\\Illuminate\\Session\\Middleware\\StartSession.php(62): Illuminate\\Session\\Middleware\\StartSession->handleStatefulRequest(Object(Illuminate\\Http\\Request), Object(Illuminate\\Session\\Store), Object(Closure))
#17 C:\\SXampp\\htdocs\\Jacwan\\affiliate\\vendor\\laravel\\framework\\src\\Illuminate\\Pipeline\\Pipeline.php(167): Illuminate\\Session\\Middleware\\StartSession->handle(Object(Illuminate\\Http\\Request), Object(Closure))
#18 C:\\SXampp\\htdocs\\Jacwan\\affiliate\\vendor\\laravel\\framework\\src\\Illuminate\\Cookie\\Middleware\\AddQueuedCookiesToResponse.php(37): Illuminate\\Pipeline\\Pipeline->Illuminate\\Pipeline\\{closure}(Object(Illuminate\\Http\\Request))
#19 C:\\SXampp\\htdocs\\Jacwan\\affiliate\\vendor\\laravel\\framework\\src\\Illuminate\\Pipeline\\Pipeline.php(167): Illuminate\\Cookie\\Middleware\\AddQueuedCookiesToResponse->handle(Object(Illuminate\\Http\\Request), Object(Closure))
#20 C:\\SXampp\\htdocs\\Jacwan\\affiliate\\vendor\\laravel\\framework\\src\\Illuminate\\Cookie\\Middleware\\EncryptCookies.php(67): Illuminate\\Pipeline\\Pipeline->Illuminate\\Pipeline\\{closure}(Object(Illuminate\\Http\\Request))
#21 C:\\SXampp\\htdocs\\Jacwan\\affiliate\\vendor\\laravel\\framework\\src\\Illuminate\\Pipeline\\Pipeline.php(167): Illuminate\\Cookie\\Middleware\\EncryptCookies->handle(Object(Illuminate\\Http\\Request), Object(Closure))
#22 C:\\SXampp\\htdocs\\Jacwan\\affiliate\\vendor\\laravel\\framework\\src\\Illuminate\\Pipeline\\Pipeline.php(103): Illuminate\\Pipeline\\Pipeline->Illuminate\\Pipeline\\{closure}(Object(Illuminate\\Http\\Request))
#23 C:\\SXampp\\htdocs\\Jacwan\\affiliate\\vendor\\laravel\\framework\\src\\Illuminate\\Routing\\Router.php(687): Illuminate\\Pipeline\\Pipeline->then(Object(Closure))
#24 C:\\SXampp\\htdocs\\Jacwan\\affiliate\\vendor\\laravel\\framework\\src\\Illuminate\\Routing\\Router.php(662): Illuminate\\Routing\\Router->runRouteWithinStack(Object(Illuminate\\Routing\\Route), Object(Illuminate\\Http\\Request))
#25 C:\\SXampp\\htdocs\\Jacwan\\affiliate\\vendor\\laravel\\framework\\src\\Illuminate\\Routing\\Router.php(628): Illuminate\\Routing\\Router->runRoute(Object(Illuminate\\Http\\Request), Object(Illuminate\\Routing\\Route))
#26 C:\\SXampp\\htdocs\\Jacwan\\affiliate\\vendor\\laravel\\framework\\src\\Illuminate\\Routing\\Router.php(617): Illuminate\\Routing\\Router->dispatchToRoute(Object(Illuminate\\Http\\Request))
#27 C:\\SXampp\\htdocs\\Jacwan\\affiliate\\vendor\\laravel\\framework\\src\\Illuminate\\Foundation\\Http\\Kernel.php(165): Illuminate\\Routing\\Router->dispatch(Object(Illuminate\\Http\\Request))
#28 C:\\SXampp\\htdocs\\Jacwan\\affiliate\\vendor\\laravel\\framework\\src\\Illuminate\\Pipeline\\Pipeline.php(128): Illuminate\\Foundation\\Http\\Kernel->Illuminate\\Foundation\\Http\\{closure}(Object(Illuminate\\Http\\Request))
#29 C:\\SXampp\\htdocs\\Jacwan\\affiliate\\vendor\\laravel\\framework\\src\\Illuminate\\Foundation\\Http\\Middleware\\TransformsRequest.php(21): Illuminate\\Pipeline\\Pipeline->Illuminate\\Pipeline\\{closure}(Object(Illuminate\\Http\\Request))
#30 C:\\SXampp\\htdocs\\Jacwan\\affiliate\\vendor\\laravel\\framework\\src\\Illuminate\\Pipeline\\Pipeline.php(167): Illuminate\\Foundation\\Http\\Middleware\\TransformsRequest->handle(Object(Illuminate\\Http\\Request), Object(Closure))
#31 C:\\SXampp\\htdocs\\Jacwan\\affiliate\\vendor\\laravel\\framework\\src\\Illuminate\\Foundation\\Http\\Middleware\\TransformsRequest.php(21): Illuminate\\Pipeline\\Pipeline->Illuminate\\Pipeline\\{closure}(Object(Illuminate\\Http\\Request))
#32 C:\\SXampp\\htdocs\\Jacwan\\affiliate\\vendor\\laravel\\framework\\src\\Illuminate\\Pipeline\\Pipeline.php(167): Illuminate\\Foundation\\Http\\Middleware\\TransformsRequest->handle(Object(Illuminate\\Http\\Request), Object(Closure))
#33 C:\\SXampp\\htdocs\\Jacwan\\affiliate\\vendor\\laravel\\framework\\src\\Illuminate\\Foundation\\Http\\Middleware\\ValidatePostSize.php(27): Illuminate\\Pipeline\\Pipeline->Illuminate\\Pipeline\\{closure}(Object(Illuminate\\Http\\Request))
#34 C:\\SXampp\\htdocs\\Jacwan\\affiliate\\vendor\\laravel\\framework\\src\\Illuminate\\Pipeline\\Pipeline.php(167): Illuminate\\Foundation\\Http\\Middleware\\ValidatePostSize->handle(Object(Illuminate\\Http\\Request), Object(Closure))
#35 C:\\SXampp\\htdocs\\Jacwan\\affiliate\\vendor\\laravel\\framework\\src\\Illuminate\\Foundation\\Http\\Middleware\\CheckForMaintenanceMode.php(63): Illuminate\\Pipeline\\Pipeline->Illuminate\\Pipeline\\{closure}(Object(Illuminate\\Http\\Request))
#36 C:\\SXampp\\htdocs\\Jacwan\\affiliate\\vendor\\laravel\\framework\\src\\Illuminate\\Pipeline\\Pipeline.php(167): Illuminate\\Foundation\\Http\\Middleware\\CheckForMaintenanceMode->handle(Object(Illuminate\\Http\\Request), Object(Closure))
#37 C:\\SXampp\\htdocs\\Jacwan\\affiliate\\vendor\\fruitcake\\laravel-cors\\src\\HandleCors.php(37): Illuminate\\Pipeline\\Pipeline->Illuminate\\Pipeline\\{closure}(Object(Illuminate\\Http\\Request))
#38 C:\\SXampp\\htdocs\\Jacwan\\affiliate\\vendor\\laravel\\framework\\src\\Illuminate\\Pipeline\\Pipeline.php(167): Fruitcake\\Cors\\HandleCors->handle(Object(Illuminate\\Http\\Request), Object(Closure))
#39 C:\\SXampp\\htdocs\\Jacwan\\affiliate\\vendor\\fideloper\\proxy\\src\\TrustProxies.php(57): Illuminate\\Pipeline\\Pipeline->Illuminate\\Pipeline\\{closure}(Object(Illuminate\\Http\\Request))
#40 C:\\SXampp\\htdocs\\Jacwan\\affiliate\\vendor\\laravel\\framework\\src\\Illuminate\\Pipeline\\Pipeline.php(167): Fideloper\\Proxy\\TrustProxies->handle(Object(Illuminate\\Http\\Request), Object(Closure))
#41 C:\\SXampp\\htdocs\\Jacwan\\affiliate\\vendor\\laravel\\framework\\src\\Illuminate\\Pipeline\\Pipeline.php(103): Illuminate\\Pipeline\\Pipeline->Illuminate\\Pipeline\\{closure}(Object(Illuminate\\Http\\Request))
#42 C:\\SXampp\\htdocs\\Jacwan\\affiliate\\vendor\\laravel\\framework\\src\\Illuminate\\Foundation\\Http\\Kernel.php(140): Illuminate\\Pipeline\\Pipeline->then(Object(Closure))
#43 C:\\SXampp\\htdocs\\Jacwan\\affiliate\\vendor\\laravel\\framework\\src\\Illuminate\\Foundation\\Http\\Kernel.php(109): Illuminate\\Foundation\\Http\\Kernel->sendRequestThroughRouter(Object(Illuminate\\Http\\Request))
#44 C:\\SXampp\\htdocs\\Jacwan\\affiliate\\index.php(55): Illuminate\\Foundation\\Http\\Kernel->handle(Object(Illuminate\\Http\\Request))
#45 {main}
"} 
[2022-05-31 14:15:05] local.ERROR: Namespace declaration statement has to be the very first statement or after any declare call in the script {"exception":"[object] (Symfony\\Component\\ErrorHandler\\Error\\FatalError(code: 0): Namespace declaration statement has to be the very first statement or after any declare call in the script at C:\\SXampp\\htdocs\\Jacwan\\affiliate\\app\\Http\\Controllers\\admin\\AffiliteController.php:3)
[stacktrace]
#0 {main}
"} 
[2022-05-31 14:15:16] local.ERROR: Namespace declaration statement has to be the very first statement or after any declare call in the script {"exception":"[object] (Symfony\\Component\\ErrorHandler\\Error\\FatalError(code: 0): Namespace declaration statement has to be the very first statement or after any declare call in the script at C:\\SXampp\\htdocs\\Jacwan\\affiliate\\app\\Http\\Controllers\\admin\\AffiliteController.php:3)
[stacktrace]
#0 {main}
"} 
[2022-05-31 14:15:43] local.ERROR: Namespace declaration statement has to be the very first statement or after any declare call in the script {"exception":"[object] (Symfony\\Component\\ErrorHandler\\Error\\FatalError(code: 0): Namespace declaration statement has to be the very first statement or after any declare call in the script at C:\\SXampp\\htdocs\\Jacwan\\affiliate\\app\\Http\\Controllers\\admin\\AffiliteController.php:2)
[stacktrace]
#0 {main}
"} 
[2022-05-31 14:16:05] local.ERROR: Namespace declaration statement has to be the very first statement or after any declare call in the script {"exception":"[object] (Symfony\\Component\\ErrorHandler\\Error\\FatalError(code: 0): Namespace declaration statement has to be the very first statement or after any declare call in the script at C:\\SXampp\\htdocs\\Jacwan\\affiliate\\app\\Http\\Controllers\\admin\\AffiliteController.php:2)
[stacktrace]
#0 {main}
"} 
[2022-05-31 14:16:39] local.ERROR: Namespace declaration statement has to be the very first statement or after any declare call in the script {"exception":"[object] (Symfony\\Component\\ErrorHandler\\Error\\FatalError(code: 0): Namespace declaration statement has to be the very first statement or after any declare call in the script at C:\\SXampp\\htdocs\\Jacwan\\affiliate\\app\\Http\\Controllers\\admin\\AffiliteController.php:2)
[stacktrace]
#0 {main}
"} 
[2022-05-31 14:18:22] local.ERROR: Namespace declaration statement has to be the very first statement or after any declare call in the script {"exception":"[object] (Symfony\\Component\\ErrorHandler\\Error\\FatalError(code: 0): Namespace declaration statement has to be the very first statement or after any declare call in the script at C:\\SXampp\\htdocs\\Jacwan\\affiliate\\app\\Http\\Controllers\\admin\\AffiliteController.php:3)
[stacktrace]
#0 {main}
"} 
[2022-05-31 14:19:42] local.ERROR: Namespace declaration statement has to be the very first statement or after any declare call in the script {"exception":"[object] (Symfony\\Component\\ErrorHandler\\Error\\FatalError(code: 0): Namespace declaration statement has to be the very first statement or after any declare call in the script at C:\\SXampp\\htdocs\\Jacwan\\affiliate\\app\\Http\\Controllers\\admin\\AffiliteController.php:2)
[stacktrace]
#0 {main}
"} 
[2022-05-31 14:22:54] local.ERROR: Namespace declaration statement has to be the very first statement or after any declare call in the script {"exception":"[object] (Symfony\\Component\\ErrorHandler\\Error\\FatalError(code: 0): Namespace declaration statement has to be the very first statement or after any declare call in the script at C:\\SXampp\\htdocs\\Jacwan\\affiliate\\app\\Http\\Controllers\\admin\\AffiliteController.php:2)
[stacktrace]
#0 {main}
"} 
[2022-05-31 14:24:00] local.ERROR: Namespace declaration statement has to be the very first statement or after any declare call in the script {"exception":"[object] (Symfony\\Component\\ErrorHandler\\Error\\FatalError(code: 0): Namespace declaration statement has to be the very first statement or after any declare call in the script at C:\\SXampp\\htdocs\\Jacwan\\affiliate\\app\\Http\\Controllers\\admin\\AffiliteController.php:3)
[stacktrace]
#0 {main}
"} 
[2022-05-31 14:25:08] local.ERROR: Namespace declaration statement has to be the very first statement or after any declare call in the script {"exception":"[object] (Symfony\\Component\\ErrorHandler\\Error\\FatalError(code: 0): Namespace declaration statement has to be the very first statement or after any declare call in the script at C:\\SXampp\\htdocs\\Jacwan\\affiliate\\app\\Http\\Controllers\\admin\\AffiliteController.php:3)
[stacktrace]
#0 {main}
"} 
[2022-05-31 14:44:30] local.ERROR: Namespace declaration statement has to be the very first statement or after any declare call in the script {"exception":"[object] (Symfony\\Component\\ErrorHandler\\Error\\FatalError(code: 0): Namespace declaration statement has to be the very first statement or after any declare call in the script at C:\\SXampp\\htdocs\\Jacwan\\affiliate\\app\\Http\\Controllers\\admin\\AffiliteController.php:2)
[stacktrace]
#0 {main}
"} 
[2022-05-31 14:45:08] local.ERROR: Namespace declaration statement has to be the very first statement or after any declare call in the script {"exception":"[object] (Symfony\\Component\\ErrorHandler\\Error\\FatalError(code: 0): Namespace declaration statement has to be the very first statement or after any declare call in the script at C:\\SXampp\\htdocs\\Jacwan\\affiliate\\app\\Http\\Controllers\\admin\\AffiliteController.php:3)
[stacktrace]
#0 {main}
"} 
[2022-05-31 14:45:17] local.ERROR: Namespace declaration statement has to be the very first statement or after any declare call in the script {"exception":"[object] (Symfony\\Component\\ErrorHandler\\Error\\FatalError(code: 0): Namespace declaration statement has to be the very first statement or after any declare call in the script at C:\\SXampp\\htdocs\\Jacwan\\affiliate\\app\\Http\\Controllers\\admin\\AffiliteController.php:3)
[stacktrace]
#0 {main}
"} 
[2022-05-31 14:45:18] local.ERROR: Namespace declaration statement has to be the very first statement or after any declare call in the script {"exception":"[object] (Symfony\\Component\\ErrorHandler\\Error\\FatalError(code: 0): Namespace declaration statement has to be the very first statement or after any declare call in the script at C:\\SXampp\\htdocs\\Jacwan\\affiliate\\app\\Http\\Controllers\\admin\\AffiliteController.php:3)
[stacktrace]
#0 {main}
"} 
[2022-05-31 14:45:27] local.ERROR: Namespace declaration statement has to be the very first statement or after any declare call in the script {"exception":"[object] (Symfony\\Component\\ErrorHandler\\Error\\FatalError(code: 0): Namespace declaration statement has to be the very first statement or after any declare call in the script at C:\\SXampp\\htdocs\\Jacwan\\affiliate\\app\\Http\\Controllers\\admin\\AffiliteController.php:3)
[stacktrace]
#0 {main}
"} 
[2022-05-31 14:46:37] local.ERROR: Namespace declaration statement has to be the very first statement or after any declare call in the script {"exception":"[object] (Symfony\\Component\\ErrorHandler\\Error\\FatalError(code: 0): Namespace declaration statement has to be the very first statement or after any declare call in the script at C:\\SXampp\\htdocs\\Jacwan\\affiliate\\app\\Http\\Controllers\\admin\\AffiliteController.php:3)
[stacktrace]
#0 {main}
"} 
[2022-05-31 14:47:05] local.ERROR: Namespace declaration statement has to be the very first statement or after any declare call in the script {"exception":"[object] (Symfony\\Component\\ErrorHandler\\Error\\FatalError(code: 0): Namespace declaration statement has to be the very first statement or after any declare call in the script at C:\\SXampp\\htdocs\\Jacwan\\affiliate\\app\\Http\\Controllers\\admin\\AffiliteController.php:2)
[stacktrace]
#0 {main}
"} 
[2022-05-31 14:47:23] local.ERROR: Namespace declaration statement has to be the very first statement or after any declare call in the script {"exception":"[object] (Symfony\\Component\\ErrorHandler\\Error\\FatalError(code: 0): Namespace declaration statement has to be the very first statement or after any declare call in the script at C:\\SXampp\\htdocs\\Jacwan\\affiliate\\app\\Http\\Controllers\\admin\\AffiliteController.php:2)
[stacktrace]
#0 {main}
"} 
[2022-05-31 14:47:26] local.ERROR: Namespace declaration statement has to be the very first statement or after any declare call in the script {"exception":"[object] (Symfony\\Component\\ErrorHandler\\Error\\FatalError(code: 0): Namespace declaration statement has to be the very first statement or after any declare call in the script at C:\\SXampp\\htdocs\\Jacwan\\affiliate\\app\\Http\\Controllers\\admin\\AffiliteController.php:2)
[stacktrace]
#0 {main}
"} 
[2022-05-31 14:48:27] local.ERROR: Namespace declaration statement has to be the very first statement or after any declare call in the script {"exception":"[object] (Symfony\\Component\\ErrorHandler\\Error\\FatalError(code: 0): Namespace declaration statement has to be the very first statement or after any declare call in the script at C:\\SXampp\\htdocs\\Jacwan\\affiliate\\app\\Http\\Controllers\\admin\\AffiliteController.php:2)
[stacktrace]
#0 {main}
"} 
[2022-05-31 14:49:23] local.ERROR: Command "cache:clean" is not defined.

Did you mean one of these?
    cache:clear
    cache:forget
    cache:table
    config:clear
    event:clear
    optimize:clear
    route:clear
    view:clear {"exception":"[object] (Symfony\\Component\\Console\\Exception\\CommandNotFoundException(code: 0): Command \"cache:clean\" is not defined.

Did you mean one of these?
    cache:clear
    cache:forget
    cache:table
    config:clear
    event:clear
    optimize:clear
    route:clear
    view:clear at C:\\SXampp\\htdocs\\Jacwan\\affiliate\\vendor\\symfony\\console\\Application.php:675)
[stacktrace]
#0 C:\\SXampp\\htdocs\\Jacwan\\affiliate\\vendor\\symfony\\console\\Application.php(254): Symfony\\Component\\Console\\Application->find('cache:clean')
#1 C:\\SXampp\\htdocs\\Jacwan\\affiliate\\vendor\\symfony\\console\\Application.php(166): Symfony\\Component\\Console\\Application->doRun(Object(Symfony\\Component\\Console\\Input\\ArgvInput), Object(Symfony\\Component\\Console\\Output\\ConsoleOutput))
#2 C:\\SXampp\\htdocs\\Jacwan\\affiliate\\vendor\\laravel\\framework\\src\\Illuminate\\Console\\Application.php(93): Symfony\\Component\\Console\\Application->run(Object(Symfony\\Component\\Console\\Input\\ArgvInput), Object(Symfony\\Component\\Console\\Output\\ConsoleOutput))
#3 C:\\SXampp\\htdocs\\Jacwan\\affiliate\\vendor\\laravel\\framework\\src\\Illuminate\\Foundation\\Console\\Kernel.php(129): Illuminate\\Console\\Application->run(Object(Symfony\\Component\\Console\\Input\\ArgvInput), Object(Symfony\\Component\\Console\\Output\\ConsoleOutput))
#4 C:\\SXampp\\htdocs\\Jacwan\\affiliate\\artisan(37): Illuminate\\Foundation\\Console\\Kernel->handle(Object(Symfony\\Component\\Console\\Input\\ArgvInput), Object(Symfony\\Component\\Console\\Output\\ConsoleOutput))
#5 {main}
"} 
[2022-05-31 14:49:51] local.ERROR: Command "cache:clean" is not defined.

Did you mean one of these?
    cache:clear
    cache:forget
    cache:table
    config:clear
    event:clear
    optimize:clear
    route:clear
    view:clear {"exception":"[object] (Symfony\\Component\\Console\\Exception\\CommandNotFoundException(code: 0): Command \"cache:clean\" is not defined.

Did you mean one of these?
    cache:clear
    cache:forget
    cache:table
    config:clear
    event:clear
    optimize:clear
    route:clear
    view:clear at C:\\SXampp\\htdocs\\Jacwan\\affiliate\\vendor\\symfony\\console\\Application.php:675)
[stacktrace]
#0 C:\\SXampp\\htdocs\\Jacwan\\affiliate\\vendor\\symfony\\console\\Application.php(254): Symfony\\Component\\Console\\Application->find('cache:clean')
#1 C:\\SXampp\\htdocs\\Jacwan\\affiliate\\vendor\\symfony\\console\\Application.php(166): Symfony\\Component\\Console\\Application->doRun(Object(Symfony\\Component\\Console\\Input\\ArgvInput), Object(Symfony\\Component\\Console\\Output\\ConsoleOutput))
#2 C:\\SXampp\\htdocs\\Jacwan\\affiliate\\vendor\\laravel\\framework\\src\\Illuminate\\Console\\Application.php(93): Symfony\\Component\\Console\\Application->run(Object(Symfony\\Component\\Console\\Input\\ArgvInput), Object(Symfony\\Component\\Console\\Output\\ConsoleOutput))
#3 C:\\SXampp\\htdocs\\Jacwan\\affiliate\\vendor\\laravel\\framework\\src\\Illuminate\\Foundation\\Console\\Kernel.php(129): Illuminate\\Console\\Application->run(Object(Symfony\\Component\\Console\\Input\\ArgvInput), Object(Symfony\\Component\\Console\\Output\\ConsoleOutput))
#4 C:\\SXampp\\htdocs\\Jacwan\\affiliate\\artisan(37): Illuminate\\Foundation\\Console\\Kernel->handle(Object(Symfony\\Component\\Console\\Input\\ArgvInput), Object(Symfony\\Component\\Console\\Output\\ConsoleOutput))
#5 {main}
"} 
[2022-05-31 14:50:52] local.ERROR: Namespace declaration statement has to be the very first statement or after any declare call in the script {"exception":"[object] (Symfony\\Component\\ErrorHandler\\Error\\FatalError(code: 0): Namespace declaration statement has to be the very first statement or after any declare call in the script at C:\\SXampp\\htdocs\\Jacwan\\affiliate\\app\\Http\\Controllers\\admin\\AffiliteController.php:2)
[stacktrace]
#0 {main}
"} 
[2022-05-31 14:50:55] local.ERROR: Namespace declaration statement has to be the very first statement or after any declare call in the script {"exception":"[object] (Symfony\\Component\\ErrorHandler\\Error\\FatalError(code: 0): Namespace declaration statement has to be the very first statement or after any declare call in the script at C:\\SXampp\\htdocs\\Jacwan\\affiliate\\app\\Http\\Controllers\\admin\\AffiliteController.php:2)
[stacktrace]
#0 {main}
"} 
[2022-05-31 14:51:15] local.ERROR: Target class [App\Http\Controllers\admin\AffiliteController] does not exist. {"exception":"[object] (Illuminate\\Contracts\\Container\\BindingResolutionException(code: 0): Target class [App\\Http\\Controllers\\admin\\AffiliteController] does not exist. at C:\\SXampp\\htdocs\\Jacwan\\affiliate\\vendor\\laravel\\framework\\src\\Illuminate\\Container\\Container.php:811)
[stacktrace]
#0 C:\\SXampp\\htdocs\\Jacwan\\affiliate\\vendor\\laravel\\framework\\src\\Illuminate\\Container\\Container.php(691): Illuminate\\Container\\Container->build('App\\\\Http\\\\Contro...')
#1 C:\\SXampp\\htdocs\\Jacwan\\affiliate\\vendor\\laravel\\framework\\src\\Illuminate\\Foundation\\Application.php(796): Illuminate\\Container\\Container->resolve('App\\\\Http\\\\Contro...', Array, true)
#2 C:\\SXampp\\htdocs\\Jacwan\\affiliate\\vendor\\laravel\\framework\\src\\Illuminate\\Container\\Container.php(637): Illuminate\\Foundation\\Application->resolve('App\\\\Http\\\\Contro...', Array)
#3 C:\\SXampp\\htdocs\\Jacwan\\affiliate\\vendor\\laravel\\framework\\src\\Illuminate\\Foundation\\Application.php(781): Illuminate\\Container\\Container->make('App\\\\Http\\\\Contro...', Array)
#4 C:\\SXampp\\htdocs\\Jacwan\\affiliate\\vendor\\laravel\\framework\\src\\Illuminate\\Routing\\Route.php(253): Illuminate\\Foundation\\Application->make('App\\\\Http\\\\Contro...')
#5 C:\\SXampp\\htdocs\\Jacwan\\affiliate\\vendor\\laravel\\framework\\src\\Illuminate\\Routing\\Route.php(970): Illuminate\\Routing\\Route->getController()
#6 C:\\SXampp\\htdocs\\Jacwan\\affiliate\\vendor\\laravel\\framework\\src\\Illuminate\\Routing\\Route.php(931): Illuminate\\Routing\\Route->controllerMiddleware()
#7 C:\\SXampp\\htdocs\\Jacwan\\affiliate\\vendor\\laravel\\framework\\src\\Illuminate\\Routing\\Router.php(702): Illuminate\\Routing\\Route->gatherMiddleware()
#8 C:\\SXampp\\htdocs\\Jacwan\\affiliate\\vendor\\laravel\\framework\\src\\Illuminate\\Routing\\Router.php(678): Illuminate\\Routing\\Router->gatherRouteMiddleware(Object(Illuminate\\Routing\\Route))
#9 C:\\SXampp\\htdocs\\Jacwan\\affiliate\\vendor\\laravel\\framework\\src\\Illuminate\\Routing\\Router.php(662): Illuminate\\Routing\\Router->runRouteWithinStack(Object(Illuminate\\Routing\\Route), Object(Illuminate\\Http\\Request))
#10 C:\\SXampp\\htdocs\\Jacwan\\affiliate\\vendor\\laravel\\framework\\src\\Illuminate\\Routing\\Router.php(628): Illuminate\\Routing\\Router->runRoute(Object(Illuminate\\Http\\Request), Object(Illuminate\\Routing\\Route))
#11 C:\\SXampp\\htdocs\\Jacwan\\affiliate\\vendor\\laravel\\framework\\src\\Illuminate\\Routing\\Router.php(617): Illuminate\\Routing\\Router->dispatchToRoute(Object(Illuminate\\Http\\Request))
#12 C:\\SXampp\\htdocs\\Jacwan\\affiliate\\vendor\\laravel\\framework\\src\\Illuminate\\Foundation\\Http\\Kernel.php(165): Illuminate\\Routing\\Router->dispatch(Object(Illuminate\\Http\\Request))
#13 C:\\SXampp\\htdocs\\Jacwan\\affiliate\\vendor\\laravel\\framework\\src\\Illuminate\\Pipeline\\Pipeline.php(128): Illuminate\\Foundation\\Http\\Kernel->Illuminate\\Foundation\\Http\\{closure}(Object(Illuminate\\Http\\Request))
#14 C:\\SXampp\\htdocs\\Jacwan\\affiliate\\vendor\\laravel\\framework\\src\\Illuminate\\Foundation\\Http\\Middleware\\TransformsRequest.php(21): Illuminate\\Pipeline\\Pipeline->Illuminate\\Pipeline\\{closure}(Object(Illuminate\\Http\\Request))
#15 C:\\SXampp\\htdocs\\Jacwan\\affiliate\\vendor\\laravel\\framework\\src\\Illuminate\\Pipeline\\Pipeline.php(167): Illuminate\\Foundation\\Http\\Middleware\\TransformsRequest->handle(Object(Illuminate\\Http\\Request), Object(Closure))
#16 C:\\SXampp\\htdocs\\Jacwan\\affiliate\\vendor\\laravel\\framework\\src\\Illuminate\\Foundation\\Http\\Middleware\\TransformsRequest.php(21): Illuminate\\Pipeline\\Pipeline->Illuminate\\Pipeline\\{closure}(Object(Illuminate\\Http\\Request))
#17 C:\\SXampp\\htdocs\\Jacwan\\affiliate\\vendor\\laravel\\framework\\src\\Illuminate\\Pipeline\\Pipeline.php(167): Illuminate\\Foundation\\Http\\Middleware\\TransformsRequest->handle(Object(Illuminate\\Http\\Request), Object(Closure))
#18 C:\\SXampp\\htdocs\\Jacwan\\affiliate\\vendor\\laravel\\framework\\src\\Illuminate\\Foundation\\Http\\Middleware\\ValidatePostSize.php(27): Illuminate\\Pipeline\\Pipeline->Illuminate\\Pipeline\\{closure}(Object(Illuminate\\Http\\Request))
#19 C:\\SXampp\\htdocs\\Jacwan\\affiliate\\vendor\\laravel\\framework\\src\\Illuminate\\Pipeline\\Pipeline.php(167): Illuminate\\Foundation\\Http\\Middleware\\ValidatePostSize->handle(Object(Illuminate\\Http\\Request), Object(Closure))
#20 C:\\SXampp\\htdocs\\Jacwan\\affiliate\\vendor\\laravel\\framework\\src\\Illuminate\\Foundation\\Http\\Middleware\\CheckForMaintenanceMode.php(63): Illuminate\\Pipeline\\Pipeline->Illuminate\\Pipeline\\{closure}(Object(Illuminate\\Http\\Request))
#21 C:\\SXampp\\htdocs\\Jacwan\\affiliate\\vendor\\laravel\\framework\\src\\Illuminate\\Pipeline\\Pipeline.php(167): Illuminate\\Foundation\\Http\\Middleware\\CheckForMaintenanceMode->handle(Object(Illuminate\\Http\\Request), Object(Closure))
#22 C:\\SXampp\\htdocs\\Jacwan\\affiliate\\vendor\\fruitcake\\laravel-cors\\src\\HandleCors.php(37): Illuminate\\Pipeline\\Pipeline->Illuminate\\Pipeline\\{closure}(Object(Illuminate\\Http\\Request))
#23 C:\\SXampp\\htdocs\\Jacwan\\affiliate\\vendor\\laravel\\framework\\src\\Illuminate\\Pipeline\\Pipeline.php(167): Fruitcake\\Cors\\HandleCors->handle(Object(Illuminate\\Http\\Request), Object(Closure))
#24 C:\\SXampp\\htdocs\\Jacwan\\affiliate\\vendor\\fideloper\\proxy\\src\\TrustProxies.php(57): Illuminate\\Pipeline\\Pipeline->Illuminate\\Pipeline\\{closure}(Object(Illuminate\\Http\\Request))
#25 C:\\SXampp\\htdocs\\Jacwan\\affiliate\\vendor\\laravel\\framework\\src\\Illuminate\\Pipeline\\Pipeline.php(167): Fideloper\\Proxy\\TrustProxies->handle(Object(Illuminate\\Http\\Request), Object(Closure))
#26 C:\\SXampp\\htdocs\\Jacwan\\affiliate\\vendor\\laravel\\framework\\src\\Illuminate\\Pipeline\\Pipeline.php(103): Illuminate\\Pipeline\\Pipeline->Illuminate\\Pipeline\\{closure}(Object(Illuminate\\Http\\Request))
#27 C:\\SXampp\\htdocs\\Jacwan\\affiliate\\vendor\\laravel\\framework\\src\\Illuminate\\Foundation\\Http\\Kernel.php(140): Illuminate\\Pipeline\\Pipeline->then(Object(Closure))
#28 C:\\SXampp\\htdocs\\Jacwan\\affiliate\\vendor\\laravel\\framework\\src\\Illuminate\\Foundation\\Http\\Kernel.php(109): Illuminate\\Foundation\\Http\\Kernel->sendRequestThroughRouter(Object(Illuminate\\Http\\Request))
#29 C:\\SXampp\\htdocs\\Jacwan\\affiliate\\index.php(55): Illuminate\\Foundation\\Http\\Kernel->handle(Object(Illuminate\\Http\\Request))
#30 {main}

[previous exception] [object] (ReflectionException(code: -1): Class App\\Http\\Controllers\\admin\\AffiliteController does not exist at C:\\SXampp\\htdocs\\Jacwan\\affiliate\\vendor\\laravel\\framework\\src\\Illuminate\\Container\\Container.php:809)
[stacktrace]
#0 C:\\SXampp\\htdocs\\Jacwan\\affiliate\\vendor\\laravel\\framework\\src\\Illuminate\\Container\\Container.php(809): ReflectionClass->__construct('App\\\\Http\\\\Contro...')
#1 C:\\SXampp\\htdocs\\Jacwan\\affiliate\\vendor\\laravel\\framework\\src\\Illuminate\\Container\\Container.php(691): Illuminate\\Container\\Container->build('App\\\\Http\\\\Contro...')
#2 C:\\SXampp\\htdocs\\Jacwan\\affiliate\\vendor\\laravel\\framework\\src\\Illuminate\\Foundation\\Application.php(796): Illuminate\\Container\\Container->resolve('App\\\\Http\\\\Contro...', Array, true)
#3 C:\\SXampp\\htdocs\\Jacwan\\affiliate\\vendor\\laravel\\framework\\src\\Illuminate\\Container\\Container.php(637): Illuminate\\Foundation\\Application->resolve('App\\\\Http\\\\Contro...', Array)
#4 C:\\SXampp\\htdocs\\Jacwan\\affiliate\\vendor\\laravel\\framework\\src\\Illuminate\\Foundation\\Application.php(781): Illuminate\\Container\\Container->make('App\\\\Http\\\\Contro...', Array)
#5 C:\\SXampp\\htdocs\\Jacwan\\affiliate\\vendor\\laravel\\framework\\src\\Illuminate\\Routing\\Route.php(253): Illuminate\\Foundation\\Application->make('App\\\\Http\\\\Contro...')
#6 C:\\SXampp\\htdocs\\Jacwan\\affiliate\\vendor\\laravel\\framework\\src\\Illuminate\\Routing\\Route.php(970): Illuminate\\Routing\\Route->getController()
#7 C:\\SXampp\\htdocs\\Jacwan\\affiliate\\vendor\\laravel\\framework\\src\\Illuminate\\Routing\\Route.php(931): Illuminate\\Routing\\Route->controllerMiddleware()
#8 C:\\SXampp\\htdocs\\Jacwan\\affiliate\\vendor\\laravel\\framework\\src\\Illuminate\\Routing\\Router.php(702): Illuminate\\Routing\\Route->gatherMiddleware()
#9 C:\\SXampp\\htdocs\\Jacwan\\affiliate\\vendor\\laravel\\framework\\src\\Illuminate\\Routing\\Router.php(678): Illuminate\\Routing\\Router->gatherRouteMiddleware(Object(Illuminate\\Routing\\Route))
#10 C:\\SXampp\\htdocs\\Jacwan\\affiliate\\vendor\\laravel\\framework\\src\\Illuminate\\Routing\\Router.php(662): Illuminate\\Routing\\Router->runRouteWithinStack(Object(Illuminate\\Routing\\Route), Object(Illuminate\\Http\\Request))
#11 C:\\SXampp\\htdocs\\Jacwan\\affiliate\\vendor\\laravel\\framework\\src\\Illuminate\\Routing\\Router.php(628): Illuminate\\Routing\\Router->runRoute(Object(Illuminate\\Http\\Request), Object(Illuminate\\Routing\\Route))
#12 C:\\SXampp\\htdocs\\Jacwan\\affiliate\\vendor\\laravel\\framework\\src\\Illuminate\\Routing\\Router.php(617): Illuminate\\Routing\\Router->dispatchToRoute(Object(Illuminate\\Http\\Request))
#13 C:\\SXampp\\htdocs\\Jacwan\\affiliate\\vendor\\laravel\\framework\\src\\Illuminate\\Foundation\\Http\\Kernel.php(165): Illuminate\\Routing\\Router->dispatch(Object(Illuminate\\Http\\Request))
#14 C:\\SXampp\\htdocs\\Jacwan\\affiliate\\vendor\\laravel\\framework\\src\\Illuminate\\Pipeline\\Pipeline.php(128): Illuminate\\Foundation\\Http\\Kernel->Illuminate\\Foundation\\Http\\{closure}(Object(Illuminate\\Http\\Request))
#15 C:\\SXampp\\htdocs\\Jacwan\\affiliate\\vendor\\laravel\\framework\\src\\Illuminate\\Foundation\\Http\\Middleware\\TransformsRequest.php(21): Illuminate\\Pipeline\\Pipeline->Illuminate\\Pipeline\\{closure}(Object(Illuminate\\Http\\Request))
#16 C:\\SXampp\\htdocs\\Jacwan\\affiliate\\vendor\\laravel\\framework\\src\\Illuminate\\Pipeline\\Pipeline.php(167): Illuminate\\Foundation\\Http\\Middleware\\TransformsRequest->handle(Object(Illuminate\\Http\\Request), Object(Closure))
#17 C:\\SXampp\\htdocs\\Jacwan\\affiliate\\vendor\\laravel\\framework\\src\\Illuminate\\Foundation\\Http\\Middleware\\TransformsRequest.php(21): Illuminate\\Pipeline\\Pipeline->Illuminate\\Pipeline\\{closure}(Object(Illuminate\\Http\\Request))
#18 C:\\SXampp\\htdocs\\Jacwan\\affiliate\\vendor\\laravel\\framework\\src\\Illuminate\\Pipeline\\Pipeline.php(167): Illuminate\\Foundation\\Http\\Middleware\\TransformsRequest->handle(Object(Illuminate\\Http\\Request), Object(Closure))
#19 C:\\SXampp\\htdocs\\Jacwan\\affiliate\\vendor\\laravel\\framework\\src\\Illuminate\\Foundation\\Http\\Middleware\\ValidatePostSize.php(27): Illuminate\\Pipeline\\Pipeline->Illuminate\\Pipeline\\{closure}(Object(Illuminate\\Http\\Request))
#20 C:\\SXampp\\htdocs\\Jacwan\\affiliate\\vendor\\laravel\\framework\\src\\Illuminate\\Pipeline\\Pipeline.php(167): Illuminate\\Foundation\\Http\\Middleware\\ValidatePostSize->handle(Object(Illuminate\\Http\\Request), Object(Closure))
#21 C:\\SXampp\\htdocs\\Jacwan\\affiliate\\vendor\\laravel\\framework\\src\\Illuminate\\Foundation\\Http\\Middleware\\CheckForMaintenanceMode.php(63): Illuminate\\Pipeline\\Pipeline->Illuminate\\Pipeline\\{closure}(Object(Illuminate\\Http\\Request))
#22 C:\\SXampp\\htdocs\\Jacwan\\affiliate\\vendor\\laravel\\framework\\src\\Illuminate\\Pipeline\\Pipeline.php(167): Illuminate\\Foundation\\Http\\Middleware\\CheckForMaintenanceMode->handle(Object(Illuminate\\Http\\Request), Object(Closure))
#23 C:\\SXampp\\htdocs\\Jacwan\\affiliate\\vendor\\fruitcake\\laravel-cors\\src\\HandleCors.php(37): Illuminate\\Pipeline\\Pipeline->Illuminate\\Pipeline\\{closure}(Object(Illuminate\\Http\\Request))
#24 C:\\SXampp\\htdocs\\Jacwan\\affiliate\\vendor\\laravel\\framework\\src\\Illuminate\\Pipeline\\Pipeline.php(167): Fruitcake\\Cors\\HandleCors->handle(Object(Illuminate\\Http\\Request), Object(Closure))
#25 C:\\SXampp\\htdocs\\Jacwan\\affiliate\\vendor\\fideloper\\proxy\\src\\TrustProxies.php(57): Illuminate\\Pipeline\\Pipeline->Illuminate\\Pipeline\\{closure}(Object(Illuminate\\Http\\Request))
#26 C:\\SXampp\\htdocs\\Jacwan\\affiliate\\vendor\\laravel\\framework\\src\\Illuminate\\Pipeline\\Pipeline.php(167): Fideloper\\Proxy\\TrustProxies->handle(Object(Illuminate\\Http\\Request), Object(Closure))
#27 C:\\SXampp\\htdocs\\Jacwan\\affiliate\\vendor\\laravel\\framework\\src\\Illuminate\\Pipeline\\Pipeline.php(103): Illuminate\\Pipeline\\Pipeline->Illuminate\\Pipeline\\{closure}(Object(Illuminate\\Http\\Request))
#28 C:\\SXampp\\htdocs\\Jacwan\\affiliate\\vendor\\laravel\\framework\\src\\Illuminate\\Foundation\\Http\\Kernel.php(140): Illuminate\\Pipeline\\Pipeline->then(Object(Closure))
#29 C:\\SXampp\\htdocs\\Jacwan\\affiliate\\vendor\\laravel\\framework\\src\\Illuminate\\Foundation\\Http\\Kernel.php(109): Illuminate\\Foundation\\Http\\Kernel->sendRequestThroughRouter(Object(Illuminate\\Http\\Request))
#30 C:\\SXampp\\htdocs\\Jacwan\\affiliate\\index.php(55): Illuminate\\Foundation\\Http\\Kernel->handle(Object(Illuminate\\Http\\Request))
#31 {main}
"} 
[2022-05-31 14:51:24] local.ERROR: Target class [App\Http\Controllers\admin\AffiliteController] does not exist. {"exception":"[object] (Illuminate\\Contracts\\Container\\BindingResolutionException(code: 0): Target class [App\\Http\\Controllers\\admin\\AffiliteController] does not exist. at C:\\SXampp\\htdocs\\Jacwan\\affiliate\\vendor\\laravel\\framework\\src\\Illuminate\\Container\\Container.php:811)
[stacktrace]
#0 C:\\SXampp\\htdocs\\Jacwan\\affiliate\\vendor\\laravel\\framework\\src\\Illuminate\\Container\\Container.php(691): Illuminate\\Container\\Container->build('App\\\\Http\\\\Contro...')
#1 C:\\SXampp\\htdocs\\Jacwan\\affiliate\\vendor\\laravel\\framework\\src\\Illuminate\\Foundation\\Application.php(796): Illuminate\\Container\\Container->resolve('App\\\\Http\\\\Contro...', Array, true)
#2 C:\\SXampp\\htdocs\\Jacwan\\affiliate\\vendor\\laravel\\framework\\src\\Illuminate\\Container\\Container.php(637): Illuminate\\Foundation\\Application->resolve('App\\\\Http\\\\Contro...', Array)
#3 C:\\SXampp\\htdocs\\Jacwan\\affiliate\\vendor\\laravel\\framework\\src\\Illuminate\\Foundation\\Application.php(781): Illuminate\\Container\\Container->make('App\\\\Http\\\\Contro...', Array)
#4 C:\\SXampp\\htdocs\\Jacwan\\affiliate\\vendor\\laravel\\framework\\src\\Illuminate\\Routing\\Route.php(253): Illuminate\\Foundation\\Application->make('App\\\\Http\\\\Contro...')
#5 C:\\SXampp\\htdocs\\Jacwan\\affiliate\\vendor\\laravel\\framework\\src\\Illuminate\\Routing\\Route.php(970): Illuminate\\Routing\\Route->getController()
#6 C:\\SXampp\\htdocs\\Jacwan\\affiliate\\vendor\\laravel\\framework\\src\\Illuminate\\Routing\\Route.php(931): Illuminate\\Routing\\Route->controllerMiddleware()
#7 C:\\SXampp\\htdocs\\Jacwan\\affiliate\\vendor\\laravel\\framework\\src\\Illuminate\\Routing\\Router.php(702): Illuminate\\Routing\\Route->gatherMiddleware()
#8 C:\\SXampp\\htdocs\\Jacwan\\affiliate\\vendor\\laravel\\framework\\src\\Illuminate\\Routing\\Router.php(678): Illuminate\\Routing\\Router->gatherRouteMiddleware(Object(Illuminate\\Routing\\Route))
#9 C:\\SXampp\\htdocs\\Jacwan\\affiliate\\vendor\\laravel\\framework\\src\\Illuminate\\Routing\\Router.php(662): Illuminate\\Routing\\Router->runRouteWithinStack(Object(Illuminate\\Routing\\Route), Object(Illuminate\\Http\\Request))
#10 C:\\SXampp\\htdocs\\Jacwan\\affiliate\\vendor\\laravel\\framework\\src\\Illuminate\\Routing\\Router.php(628): Illuminate\\Routing\\Router->runRoute(Object(Illuminate\\Http\\Request), Object(Illuminate\\Routing\\Route))
#11 C:\\SXampp\\htdocs\\Jacwan\\affiliate\\vendor\\laravel\\framework\\src\\Illuminate\\Routing\\Router.php(617): Illuminate\\Routing\\Router->dispatchToRoute(Object(Illuminate\\Http\\Request))
#12 C:\\SXampp\\htdocs\\Jacwan\\affiliate\\vendor\\laravel\\framework\\src\\Illuminate\\Foundation\\Http\\Kernel.php(165): Illuminate\\Routing\\Router->dispatch(Object(Illuminate\\Http\\Request))
#13 C:\\SXampp\\htdocs\\Jacwan\\affiliate\\vendor\\laravel\\framework\\src\\Illuminate\\Pipeline\\Pipeline.php(128): Illuminate\\Foundation\\Http\\Kernel->Illuminate\\Foundation\\Http\\{closure}(Object(Illuminate\\Http\\Request))
#14 C:\\SXampp\\htdocs\\Jacwan\\affiliate\\vendor\\laravel\\framework\\src\\Illuminate\\Foundation\\Http\\Middleware\\TransformsRequest.php(21): Illuminate\\Pipeline\\Pipeline->Illuminate\\Pipeline\\{closure}(Object(Illuminate\\Http\\Request))
#15 C:\\SXampp\\htdocs\\Jacwan\\affiliate\\vendor\\laravel\\framework\\src\\Illuminate\\Pipeline\\Pipeline.php(167): Illuminate\\Foundation\\Http\\Middleware\\TransformsRequest->handle(Object(Illuminate\\Http\\Request), Object(Closure))
#16 C:\\SXampp\\htdocs\\Jacwan\\affiliate\\vendor\\laravel\\framework\\src\\Illuminate\\Foundation\\Http\\Middleware\\TransformsRequest.php(21): Illuminate\\Pipeline\\Pipeline->Illuminate\\Pipeline\\{closure}(Object(Illuminate\\Http\\Request))
#17 C:\\SXampp\\htdocs\\Jacwan\\affiliate\\vendor\\laravel\\framework\\src\\Illuminate\\Pipeline\\Pipeline.php(167): Illuminate\\Foundation\\Http\\Middleware\\TransformsRequest->handle(Object(Illuminate\\Http\\Request), Object(Closure))
#18 C:\\SXampp\\htdocs\\Jacwan\\affiliate\\vendor\\laravel\\framework\\src\\Illuminate\\Foundation\\Http\\Middleware\\ValidatePostSize.php(27): Illuminate\\Pipeline\\Pipeline->Illuminate\\Pipeline\\{closure}(Object(Illuminate\\Http\\Request))
#19 C:\\SXampp\\htdocs\\Jacwan\\affiliate\\vendor\\laravel\\framework\\src\\Illuminate\\Pipeline\\Pipeline.php(167): Illuminate\\Foundation\\Http\\Middleware\\ValidatePostSize->handle(Object(Illuminate\\Http\\Request), Object(Closure))
#20 C:\\SXampp\\htdocs\\Jacwan\\affiliate\\vendor\\laravel\\framework\\src\\Illuminate\\Foundation\\Http\\Middleware\\CheckForMaintenanceMode.php(63): Illuminate\\Pipeline\\Pipeline->Illuminate\\Pipeline\\{closure}(Object(Illuminate\\Http\\Request))
#21 C:\\SXampp\\htdocs\\Jacwan\\affiliate\\vendor\\laravel\\framework\\src\\Illuminate\\Pipeline\\Pipeline.php(167): Illuminate\\Foundation\\Http\\Middleware\\CheckForMaintenanceMode->handle(Object(Illuminate\\Http\\Request), Object(Closure))
#22 C:\\SXampp\\htdocs\\Jacwan\\affiliate\\vendor\\fruitcake\\laravel-cors\\src\\HandleCors.php(37): Illuminate\\Pipeline\\Pipeline->Illuminate\\Pipeline\\{closure}(Object(Illuminate\\Http\\Request))
#23 C:\\SXampp\\htdocs\\Jacwan\\affiliate\\vendor\\laravel\\framework\\src\\Illuminate\\Pipeline\\Pipeline.php(167): Fruitcake\\Cors\\HandleCors->handle(Object(Illuminate\\Http\\Request), Object(Closure))
#24 C:\\SXampp\\htdocs\\Jacwan\\affiliate\\vendor\\fideloper\\proxy\\src\\TrustProxies.php(57): Illuminate\\Pipeline\\Pipeline->Illuminate\\Pipeline\\{closure}(Object(Illuminate\\Http\\Request))
#25 C:\\SXampp\\htdocs\\Jacwan\\affiliate\\vendor\\laravel\\framework\\src\\Illuminate\\Pipeline\\Pipeline.php(167): Fideloper\\Proxy\\TrustProxies->handle(Object(Illuminate\\Http\\Request), Object(Closure))
#26 C:\\SXampp\\htdocs\\Jacwan\\affiliate\\vendor\\laravel\\framework\\src\\Illuminate\\Pipeline\\Pipeline.php(103): Illuminate\\Pipeline\\Pipeline->Illuminate\\Pipeline\\{closure}(Object(Illuminate\\Http\\Request))
#27 C:\\SXampp\\htdocs\\Jacwan\\affiliate\\vendor\\laravel\\framework\\src\\Illuminate\\Foundation\\Http\\Kernel.php(140): Illuminate\\Pipeline\\Pipeline->then(Object(Closure))
#28 C:\\SXampp\\htdocs\\Jacwan\\affiliate\\vendor\\laravel\\framework\\src\\Illuminate\\Foundation\\Http\\Kernel.php(109): Illuminate\\Foundation\\Http\\Kernel->sendRequestThroughRouter(Object(Illuminate\\Http\\Request))
#29 C:\\SXampp\\htdocs\\Jacwan\\affiliate\\index.php(55): Illuminate\\Foundation\\Http\\Kernel->handle(Object(Illuminate\\Http\\Request))
#30 {main}

[previous exception] [object] (ReflectionException(code: -1): Class App\\Http\\Controllers\\admin\\AffiliteController does not exist at C:\\SXampp\\htdocs\\Jacwan\\affiliate\\vendor\\laravel\\framework\\src\\Illuminate\\Container\\Container.php:809)
[stacktrace]
#0 C:\\SXampp\\htdocs\\Jacwan\\affiliate\\vendor\\laravel\\framework\\src\\Illuminate\\Container\\Container.php(809): ReflectionClass->__construct('App\\\\Http\\\\Contro...')
#1 C:\\SXampp\\htdocs\\Jacwan\\affiliate\\vendor\\laravel\\framework\\src\\Illuminate\\Container\\Container.php(691): Illuminate\\Container\\Container->build('App\\\\Http\\\\Contro...')
#2 C:\\SXampp\\htdocs\\Jacwan\\affiliate\\vendor\\laravel\\framework\\src\\Illuminate\\Foundation\\Application.php(796): Illuminate\\Container\\Container->resolve('App\\\\Http\\\\Contro...', Array, true)
#3 C:\\SXampp\\htdocs\\Jacwan\\affiliate\\vendor\\laravel\\framework\\src\\Illuminate\\Container\\Container.php(637): Illuminate\\Foundation\\Application->resolve('App\\\\Http\\\\Contro...', Array)
#4 C:\\SXampp\\htdocs\\Jacwan\\affiliate\\vendor\\laravel\\framework\\src\\Illuminate\\Foundation\\Application.php(781): Illuminate\\Container\\Container->make('App\\\\Http\\\\Contro...', Array)
#5 C:\\SXampp\\htdocs\\Jacwan\\affiliate\\vendor\\laravel\\framework\\src\\Illuminate\\Routing\\Route.php(253): Illuminate\\Foundation\\Application->make('App\\\\Http\\\\Contro...')
#6 C:\\SXampp\\htdocs\\Jacwan\\affiliate\\vendor\\laravel\\framework\\src\\Illuminate\\Routing\\Route.php(970): Illuminate\\Routing\\Route->getController()
#7 C:\\SXampp\\htdocs\\Jacwan\\affiliate\\vendor\\laravel\\framework\\src\\Illuminate\\Routing\\Route.php(931): Illuminate\\Routing\\Route->controllerMiddleware()
#8 C:\\SXampp\\htdocs\\Jacwan\\affiliate\\vendor\\laravel\\framework\\src\\Illuminate\\Routing\\Router.php(702): Illuminate\\Routing\\Route->gatherMiddleware()
#9 C:\\SXampp\\htdocs\\Jacwan\\affiliate\\vendor\\laravel\\framework\\src\\Illuminate\\Routing\\Router.php(678): Illuminate\\Routing\\Router->gatherRouteMiddleware(Object(Illuminate\\Routing\\Route))
#10 C:\\SXampp\\htdocs\\Jacwan\\affiliate\\vendor\\laravel\\framework\\src\\Illuminate\\Routing\\Router.php(662): Illuminate\\Routing\\Router->runRouteWithinStack(Object(Illuminate\\Routing\\Route), Object(Illuminate\\Http\\Request))
#11 C:\\SXampp\\htdocs\\Jacwan\\affiliate\\vendor\\laravel\\framework\\src\\Illuminate\\Routing\\Router.php(628): Illuminate\\Routing\\Router->runRoute(Object(Illuminate\\Http\\Request), Object(Illuminate\\Routing\\Route))
#12 C:\\SXampp\\htdocs\\Jacwan\\affiliate\\vendor\\laravel\\framework\\src\\Illuminate\\Routing\\Router.php(617): Illuminate\\Routing\\Router->dispatchToRoute(Object(Illuminate\\Http\\Request))
#13 C:\\SXampp\\htdocs\\Jacwan\\affiliate\\vendor\\laravel\\framework\\src\\Illuminate\\Foundation\\Http\\Kernel.php(165): Illuminate\\Routing\\Router->dispatch(Object(Illuminate\\Http\\Request))
#14 C:\\SXampp\\htdocs\\Jacwan\\affiliate\\vendor\\laravel\\framework\\src\\Illuminate\\Pipeline\\Pipeline.php(128): Illuminate\\Foundation\\Http\\Kernel->Illuminate\\Foundation\\Http\\{closure}(Object(Illuminate\\Http\\Request))
#15 C:\\SXampp\\htdocs\\Jacwan\\affiliate\\vendor\\laravel\\framework\\src\\Illuminate\\Foundation\\Http\\Middleware\\TransformsRequest.php(21): Illuminate\\Pipeline\\Pipeline->Illuminate\\Pipeline\\{closure}(Object(Illuminate\\Http\\Request))
#16 C:\\SXampp\\htdocs\\Jacwan\\affiliate\\vendor\\laravel\\framework\\src\\Illuminate\\Pipeline\\Pipeline.php(167): Illuminate\\Foundation\\Http\\Middleware\\TransformsRequest->handle(Object(Illuminate\\Http\\Request), Object(Closure))
#17 C:\\SXampp\\htdocs\\Jacwan\\affiliate\\vendor\\laravel\\framework\\src\\Illuminate\\Foundation\\Http\\Middleware\\TransformsRequest.php(21): Illuminate\\Pipeline\\Pipeline->Illuminate\\Pipeline\\{closure}(Object(Illuminate\\Http\\Request))
#18 C:\\SXampp\\htdocs\\Jacwan\\affiliate\\vendor\\laravel\\framework\\src\\Illuminate\\Pipeline\\Pipeline.php(167): Illuminate\\Foundation\\Http\\Middleware\\TransformsRequest->handle(Object(Illuminate\\Http\\Request), Object(Closure))
#19 C:\\SXampp\\htdocs\\Jacwan\\affiliate\\vendor\\laravel\\framework\\src\\Illuminate\\Foundation\\Http\\Middleware\\ValidatePostSize.php(27): Illuminate\\Pipeline\\Pipeline->Illuminate\\Pipeline\\{closure}(Object(Illuminate\\Http\\Request))
#20 C:\\SXampp\\htdocs\\Jacwan\\affiliate\\vendor\\laravel\\framework\\src\\Illuminate\\Pipeline\\Pipeline.php(167): Illuminate\\Foundation\\Http\\Middleware\\ValidatePostSize->handle(Object(Illuminate\\Http\\Request), Object(Closure))
#21 C:\\SXampp\\htdocs\\Jacwan\\affiliate\\vendor\\laravel\\framework\\src\\Illuminate\\Foundation\\Http\\Middleware\\CheckForMaintenanceMode.php(63): Illuminate\\Pipeline\\Pipeline->Illuminate\\Pipeline\\{closure}(Object(Illuminate\\Http\\Request))
#22 C:\\SXampp\\htdocs\\Jacwan\\affiliate\\vendor\\laravel\\framework\\src\\Illuminate\\Pipeline\\Pipeline.php(167): Illuminate\\Foundation\\Http\\Middleware\\CheckForMaintenanceMode->handle(Object(Illuminate\\Http\\Request), Object(Closure))
#23 C:\\SXampp\\htdocs\\Jacwan\\affiliate\\vendor\\fruitcake\\laravel-cors\\src\\HandleCors.php(37): Illuminate\\Pipeline\\Pipeline->Illuminate\\Pipeline\\{closure}(Object(Illuminate\\Http\\Request))
#24 C:\\SXampp\\htdocs\\Jacwan\\affiliate\\vendor\\laravel\\framework\\src\\Illuminate\\Pipeline\\Pipeline.php(167): Fruitcake\\Cors\\HandleCors->handle(Object(Illuminate\\Http\\Request), Object(Closure))
#25 C:\\SXampp\\htdocs\\Jacwan\\affiliate\\vendor\\fideloper\\proxy\\src\\TrustProxies.php(57): Illuminate\\Pipeline\\Pipeline->Illuminate\\Pipeline\\{closure}(Object(Illuminate\\Http\\Request))
#26 C:\\SXampp\\htdocs\\Jacwan\\affiliate\\vendor\\laravel\\framework\\src\\Illuminate\\Pipeline\\Pipeline.php(167): Fideloper\\Proxy\\TrustProxies->handle(Object(Illuminate\\Http\\Request), Object(Closure))
#27 C:\\SXampp\\htdocs\\Jacwan\\affiliate\\vendor\\laravel\\framework\\src\\Illuminate\\Pipeline\\Pipeline.php(103): Illuminate\\Pipeline\\Pipeline->Illuminate\\Pipeline\\{closure}(Object(Illuminate\\Http\\Request))
#28 C:\\SXampp\\htdocs\\Jacwan\\affiliate\\vendor\\laravel\\framework\\src\\Illuminate\\Foundation\\Http\\Kernel.php(140): Illuminate\\Pipeline\\Pipeline->then(Object(Closure))
#29 C:\\SXampp\\htdocs\\Jacwan\\affiliate\\vendor\\laravel\\framework\\src\\Illuminate\\Foundation\\Http\\Kernel.php(109): Illuminate\\Foundation\\Http\\Kernel->sendRequestThroughRouter(Object(Illuminate\\Http\\Request))
#30 C:\\SXampp\\htdocs\\Jacwan\\affiliate\\index.php(55): Illuminate\\Foundation\\Http\\Kernel->handle(Object(Illuminate\\Http\\Request))
#31 {main}
"} 
[2022-05-31 14:51:35] local.ERROR: Namespace declaration statement has to be the very first statement or after any declare call in the script {"exception":"[object] (Symfony\\Component\\ErrorHandler\\Error\\FatalError(code: 0): Namespace declaration statement has to be the very first statement or after any declare call in the script at C:\\SXampp\\htdocs\\Jacwan\\affiliate\\app\\Http\\Controllers\\admin\\AffiliteController.php:2)
[stacktrace]
#0 {main}
"} 
[2022-05-31 14:51:37] local.ERROR: Namespace declaration statement has to be the very first statement or after any declare call in the script {"exception":"[object] (Symfony\\Component\\ErrorHandler\\Error\\FatalError(code: 0): Namespace declaration statement has to be the very first statement or after any declare call in the script at C:\\SXampp\\htdocs\\Jacwan\\affiliate\\app\\Http\\Controllers\\admin\\AffiliteController.php:2)
[stacktrace]
#0 {main}
"} 
[2022-05-31 14:53:17] local.ERROR: Namespace declaration statement has to be the very first statement or after any declare call in the script {"exception":"[object] (Symfony\\Component\\ErrorHandler\\Error\\FatalError(code: 0): Namespace declaration statement has to be the very first statement or after any declare call in the script at C:\\SXampp\\htdocs\\Jacwan\\affiliate\\app\\Http\\Controllers\\admin\\AffiliteController.php:2)
[stacktrace]
#0 {main}
"} 
[2022-05-31 14:53:46] local.ERROR: Namespace declaration statement has to be the very first statement or after any declare call in the script {"exception":"[object] (Symfony\\Component\\ErrorHandler\\Error\\FatalError(code: 0): Namespace declaration statement has to be the very first statement or after any declare call in the script at C:\\SXampp\\htdocs\\Jacwan\\affiliate\\app\\Http\\Controllers\\admin\\AffiliteController.php:2)
[stacktrace]
#0 {main}
"} 
[2022-05-31 14:54:13] local.ERROR: Namespace declaration statement has to be the very first statement or after any declare call in the script {"exception":"[object] (Symfony\\Component\\ErrorHandler\\Error\\FatalError(code: 0): Namespace declaration statement has to be the very first statement or after any declare call in the script at C:\\SXampp\\htdocs\\Jacwan\\affiliate\\app\\Http\\Controllers\\admin\\AffiliteController.php:2)
[stacktrace]
#0 {main}
"} 
[2022-05-31 14:54:15] local.ERROR: Namespace declaration statement has to be the very first statement or after any declare call in the script {"exception":"[object] (Symfony\\Component\\ErrorHandler\\Error\\FatalError(code: 0): Namespace declaration statement has to be the very first statement or after any declare call in the script at C:\\SXampp\\htdocs\\Jacwan\\affiliate\\app\\Http\\Controllers\\admin\\AffiliteController.php:2)
[stacktrace]
#0 {main}
"} 
[2022-05-31 14:54:16] local.ERROR: Namespace declaration statement has to be the very first statement or after any declare call in the script {"exception":"[object] (Symfony\\Component\\ErrorHandler\\Error\\FatalError(code: 0): Namespace declaration statement has to be the very first statement or after any declare call in the script at C:\\SXampp\\htdocs\\Jacwan\\affiliate\\app\\Http\\Controllers\\admin\\AffiliteController.php:2)
[stacktrace]
#0 {main}
"} 
[2022-05-31 14:55:19] local.ERROR: Namespace declaration statement has to be the very first statement or after any declare call in the script {"exception":"[object] (Symfony\\Component\\ErrorHandler\\Error\\FatalError(code: 0): Namespace declaration statement has to be the very first statement or after any declare call in the script at C:\\SXampp\\htdocs\\Jacwan\\affiliate\\app\\Http\\Controllers\\admin\\AffiliteController.php:2)
[stacktrace]
#0 {main}
"} 
[2022-05-31 14:55:21] local.ERROR: Namespace declaration statement has to be the very first statement or after any declare call in the script {"exception":"[object] (Symfony\\Component\\ErrorHandler\\Error\\FatalError(code: 0): Namespace declaration statement has to be the very first statement or after any declare call in the script at C:\\SXampp\\htdocs\\Jacwan\\affiliate\\app\\Http\\Controllers\\admin\\AffiliteController.php:2)
[stacktrace]
#0 {main}
"} 
[2022-05-31 14:55:27] local.ERROR: Namespace declaration statement has to be the very first statement or after any declare call in the script {"exception":"[object] (Symfony\\Component\\ErrorHandler\\Error\\FatalError(code: 0): Namespace declaration statement has to be the very first statement or after any declare call in the script at C:\\SXampp\\htdocs\\Jacwan\\affiliate\\app\\Http\\Controllers\\admin\\AffiliteController.php:2)
[stacktrace]
#0 {main}
"} 
[2022-05-31 14:58:33] local.ERROR: Namespace declaration statement has to be the very first statement or after any declare call in the script {"exception":"[object] (Symfony\\Component\\ErrorHandler\\Error\\FatalError(code: 0): Namespace declaration statement has to be the very first statement or after any declare call in the script at C:\\SXampp\\htdocs\\Jacwan\\affiliate\\app\\Http\\Controllers\\admin\\AffiliteController.php:3)
[stacktrace]
#0 {main}
"} 
[2022-05-31 15:02:28] local.ERROR: Namespace declaration statement has to be the very first statement or after any declare call in the script {"exception":"[object] (Symfony\\Component\\ErrorHandler\\Error\\FatalError(code: 0): Namespace declaration statement has to be the very first statement or after any declare call in the script at C:\\SXampp\\htdocs\\Jacwan\\affiliate\\app\\Http\\Controllers\\admin\\AffiliteController.php:3)
[stacktrace]
#0 {main}
"} 
[2022-06-04 05:58:39] local.ERROR: Namespace declaration statement has to be the very first statement or after any declare call in the script {"exception":"[object] (Symfony\\Component\\ErrorHandler\\Error\\FatalError(code: 0): Namespace declaration statement has to be the very first statement or after any declare call in the script at C:\\SXampp\\htdocs\\Jacwan\\affiliate\\app\\Http\\Controllers\\admin\\AffiliteController.php:3)
[stacktrace]
#0 {main}
"} 
[2022-06-16 13:37:18] local.ERROR: Namespace declaration statement has to be the very first statement or after any declare call in the script {"exception":"[object] (Symfony\\Component\\ErrorHandler\\Error\\FatalError(code: 0): Namespace declaration statement has to be the very first statement or after any declare call in the script at C:\\SXampp\\htdocs\\Jacwan\\affiliate\\app\\Http\\Controllers\\admin\\AffiliteController.php:2)
[stacktrace]
#0 {main}
"} 
[2022-06-16 13:50:09] local.ERROR: Namespace declaration statement has to be the very first statement or after any declare call in the script {"exception":"[object] (Symfony\\Component\\ErrorHandler\\Error\\FatalError(code: 0): Namespace declaration statement has to be the very first statement or after any declare call in the script at C:\\SXampp\\htdocs\\Jacwan\\affiliate\\app\\Http\\Controllers\\admin\\AffiliteController.php:3)
[stacktrace]
#0 {main}
"} 
[2022-06-16 13:50:14] local.ERROR: Namespace declaration statement has to be the very first statement or after any declare call in the script {"exception":"[object] (Symfony\\Component\\ErrorHandler\\Error\\FatalError(code: 0): Namespace declaration statement has to be the very first statement or after any declare call in the script at C:\\SXampp\\htdocs\\Jacwan\\affiliate\\app\\Http\\Controllers\\admin\\AffiliteController.php:3)
[stacktrace]
#0 {main}
"} 
[2022-06-16 13:51:28] local.ERROR: Namespace declaration statement has to be the very first statement or after any declare call in the script {"exception":"[object] (Symfony\\Component\\ErrorHandler\\Error\\FatalError(code: 0): Namespace declaration statement has to be the very first statement or after any declare call in the script at C:\\SXampp\\htdocs\\Jacwan\\affiliate\\app\\Http\\Controllers\\admin\\AffiliteController.php:2)
[stacktrace]
#0 {main}
"} 
[2022-06-16 13:51:29] local.ERROR: Namespace declaration statement has to be the very first statement or after any declare call in the script {"exception":"[object] (Symfony\\Component\\ErrorHandler\\Error\\FatalError(code: 0): Namespace declaration statement has to be the very first statement or after any declare call in the script at C:\\SXampp\\htdocs\\Jacwan\\affiliate\\app\\Http\\Controllers\\admin\\AffiliteController.php:2)
[stacktrace]
#0 {main}
"} 
[2022-06-16 13:51:58] local.ERROR: Namespace declaration statement has to be the very first statement or after any declare call in the script {"exception":"[object] (Symfony\\Component\\ErrorHandler\\Error\\FatalError(code: 0): Namespace declaration statement has to be the very first statement or after any declare call in the script at C:\\SXampp\\htdocs\\Jacwan\\affiliate\\app\\Http\\Controllers\\admin\\AffiliteController.php:2)
[stacktrace]
#0 {main}
"} 
[2022-06-16 13:54:01] local.ERROR: Namespace declaration statement has to be the very first statement or after any declare call in the script {"exception":"[object] (Symfony\\Component\\ErrorHandler\\Error\\FatalError(code: 0): Namespace declaration statement has to be the very first statement or after any declare call in the script at C:\\SXampp\\htdocs\\Jacwan\\affiliate\\app\\Http\\Controllers\\admin\\AffiliteController.php:2)
[stacktrace]
#0 {main}
"} 
[2022-06-16 13:54:13] local.ERROR: Namespace declaration statement has to be the very first statement or after any declare call in the script {"exception":"[object] (Symfony\\Component\\ErrorHandler\\Error\\FatalError(code: 0): Namespace declaration statement has to be the very first statement or after any declare call in the script at C:\\SXampp\\htdocs\\Jacwan\\affiliate\\app\\Http\\Controllers\\admin\\AffiliteController.php:2)
[stacktrace]
#0 {main}
"} 
[2022-06-16 13:54:14] local.ERROR: Namespace declaration statement has to be the very first statement or after any declare call in the script {"exception":"[object] (Symfony\\Component\\ErrorHandler\\Error\\FatalError(code: 0): Namespace declaration statement has to be the very first statement or after any declare call in the script at C:\\SXampp\\htdocs\\Jacwan\\affiliate\\app\\Http\\Controllers\\admin\\AffiliteController.php:2)
[stacktrace]
#0 {main}
"} 
[2022-06-16 13:54:14] local.ERROR: Namespace declaration statement has to be the very first statement or after any declare call in the script {"exception":"[object] (Symfony\\Component\\ErrorHandler\\Error\\FatalError(code: 0): Namespace declaration statement has to be the very first statement or after any declare call in the script at C:\\SXampp\\htdocs\\Jacwan\\affiliate\\app\\Http\\Controllers\\admin\\AffiliteController.php:2)
[stacktrace]
#0 {main}
"} 
[2022-06-16 13:54:15] local.ERROR: Namespace declaration statement has to be the very first statement or after any declare call in the script {"exception":"[object] (Symfony\\Component\\ErrorHandler\\Error\\FatalError(code: 0): Namespace declaration statement has to be the very first statement or after any declare call in the script at C:\\SXampp\\htdocs\\Jacwan\\affiliate\\app\\Http\\Controllers\\admin\\AffiliteController.php:2)
[stacktrace]
#0 {main}
"} 
[2022-06-16 13:54:15] local.ERROR: Namespace declaration statement has to be the very first statement or after any declare call in the script {"exception":"[object] (Symfony\\Component\\ErrorHandler\\Error\\FatalError(code: 0): Namespace declaration statement has to be the very first statement or after any declare call in the script at C:\\SXampp\\htdocs\\Jacwan\\affiliate\\app\\Http\\Controllers\\admin\\AffiliteController.php:2)
[stacktrace]
#0 {main}
"} 
[2022-06-16 13:54:15] local.ERROR: Namespace declaration statement has to be the very first statement or after any declare call in the script {"exception":"[object] (Symfony\\Component\\ErrorHandler\\Error\\FatalError(code: 0): Namespace declaration statement has to be the very first statement or after any declare call in the script at C:\\SXampp\\htdocs\\Jacwan\\affiliate\\app\\Http\\Controllers\\admin\\AffiliteController.php:2)
[stacktrace]
#0 {main}
"} 
[2022-06-16 13:54:16] local.ERROR: Namespace declaration statement has to be the very first statement or after any declare call in the script {"exception":"[object] (Symfony\\Component\\ErrorHandler\\Error\\FatalError(code: 0): Namespace declaration statement has to be the very first statement or after any declare call in the script at C:\\SXampp\\htdocs\\Jacwan\\affiliate\\app\\Http\\Controllers\\admin\\AffiliteController.php:2)
[stacktrace]
#0 {main}
"} 
[2022-06-16 13:54:16] local.ERROR: Namespace declaration statement has to be the very first statement or after any declare call in the script {"exception":"[object] (Symfony\\Component\\ErrorHandler\\Error\\FatalError(code: 0): Namespace declaration statement has to be the very first statement or after any declare call in the script at C:\\SXampp\\htdocs\\Jacwan\\affiliate\\app\\Http\\Controllers\\admin\\AffiliteController.php:2)
[stacktrace]
#0 {main}
"} 
[2022-06-16 13:54:16] local.ERROR: Namespace declaration statement has to be the very first statement or after any declare call in the script {"exception":"[object] (Symfony\\Component\\ErrorHandler\\Error\\FatalError(code: 0): Namespace declaration statement has to be the very first statement or after any declare call in the script at C:\\SXampp\\htdocs\\Jacwan\\affiliate\\app\\Http\\Controllers\\admin\\AffiliteController.php:2)
[stacktrace]
#0 {main}
"} 
[2022-06-16 13:54:17] local.ERROR: Namespace declaration statement has to be the very first statement or after any declare call in the script {"exception":"[object] (Symfony\\Component\\ErrorHandler\\Error\\FatalError(code: 0): Namespace declaration statement has to be the very first statement or after any declare call in the script at C:\\SXampp\\htdocs\\Jacwan\\affiliate\\app\\Http\\Controllers\\admin\\AffiliteController.php:2)
[stacktrace]
#0 {main}
"} 
[2022-06-16 13:54:17] local.ERROR: Namespace declaration statement has to be the very first statement or after any declare call in the script {"exception":"[object] (Symfony\\Component\\ErrorHandler\\Error\\FatalError(code: 0): Namespace declaration statement has to be the very first statement or after any declare call in the script at C:\\SXampp\\htdocs\\Jacwan\\affiliate\\app\\Http\\Controllers\\admin\\AffiliteController.php:2)
[stacktrace]
#0 {main}
"} 
[2022-06-16 13:54:17] local.ERROR: Namespace declaration statement has to be the very first statement or after any declare call in the script {"exception":"[object] (Symfony\\Component\\ErrorHandler\\Error\\FatalError(code: 0): Namespace declaration statement has to be the very first statement or after any declare call in the script at C:\\SXampp\\htdocs\\Jacwan\\affiliate\\app\\Http\\Controllers\\admin\\AffiliteController.php:2)
[stacktrace]
#0 {main}
"} 
[2022-06-16 13:54:17] local.ERROR: Namespace declaration statement has to be the very first statement or after any declare call in the script {"exception":"[object] (Symfony\\Component\\ErrorHandler\\Error\\FatalError(code: 0): Namespace declaration statement has to be the very first statement or after any declare call in the script at C:\\SXampp\\htdocs\\Jacwan\\affiliate\\app\\Http\\Controllers\\admin\\AffiliteController.php:2)
[stacktrace]
#0 {main}
"} 
[2022-06-16 13:54:19] local.ERROR: Namespace declaration statement has to be the very first statement or after any declare call in the script {"exception":"[object] (Symfony\\Component\\ErrorHandler\\Error\\FatalError(code: 0): Namespace declaration statement has to be the very first statement or after any declare call in the script at C:\\SXampp\\htdocs\\Jacwan\\affiliate\\app\\Http\\Controllers\\admin\\AffiliteController.php:2)
[stacktrace]
#0 {main}
"} 
[2022-06-16 13:55:56] local.ERROR: Namespace declaration statement has to be the very first statement or after any declare call in the script {"exception":"[object] (Symfony\\Component\\ErrorHandler\\Error\\FatalError(code: 0): Namespace declaration statement has to be the very first statement or after any declare call in the script at C:\\SXampp\\htdocs\\Jacwan\\affiliate\\app\\Http\\Controllers\\admin\\AffiliteController.php:2)
[stacktrace]
#0 {main}
"} 
[2022-06-16 13:57:44] local.ERROR: Namespace declaration statement has to be the very first statement or after any declare call in the script {"exception":"[object] (Symfony\\Component\\ErrorHandler\\Error\\FatalError(code: 0): Namespace declaration statement has to be the very first statement or after any declare call in the script at C:\\SXampp\\htdocs\\Jacwan\\affiliate\\app\\Http\\Controllers\\admin\\AffiliteController.php:2)
[stacktrace]
#0 {main}
"} 
[2022-06-16 19:58:45] local.ERROR: Method App\Http\Controllers\admin\AffiliteController::channedPassword does not exist. {"exception":"[object] (BadMethodCallException(code: 0): Method App\\Http\\Controllers\\admin\\AffiliteController::channedPassword does not exist. at C:\\SXampp\\htdocs\\Jacwan\\affiliate\\vendor\\laravel\\framework\\src\\Illuminate\\Routing\\Controller.php:68)
[stacktrace]
#0 C:\\SXampp\\htdocs\\Jacwan\\affiliate\\vendor\\laravel\\framework\\src\\Illuminate\\Routing\\Controller.php(54): Illuminate\\Routing\\Controller->__call('channedPassword', Array)
#1 C:\\SXampp\\htdocs\\Jacwan\\affiliate\\vendor\\laravel\\framework\\src\\Illuminate\\Routing\\ControllerDispatcher.php(45): Illuminate\\Routing\\Controller->callAction('channedPassword', Array)
#2 C:\\SXampp\\htdocs\\Jacwan\\affiliate\\vendor\\laravel\\framework\\src\\Illuminate\\Routing\\Route.php(239): Illuminate\\Routing\\ControllerDispatcher->dispatch(Object(Illuminate\\Routing\\Route), Object(App\\Http\\Controllers\\admin\\AffiliteController), 'channedPassword')
#3 C:\\SXampp\\htdocs\\Jacwan\\affiliate\\vendor\\laravel\\framework\\src\\Illuminate\\Routing\\Route.php(196): Illuminate\\Routing\\Route->runController()
#4 C:\\SXampp\\htdocs\\Jacwan\\affiliate\\vendor\\laravel\\framework\\src\\Illuminate\\Routing\\Router.php(685): Illuminate\\Routing\\Route->run()
#5 C:\\SXampp\\htdocs\\Jacwan\\affiliate\\vendor\\laravel\\framework\\src\\Illuminate\\Pipeline\\Pipeline.php(128): Illuminate\\Routing\\Router->Illuminate\\Routing\\{closure}(Object(Illuminate\\Http\\Request))
#6 C:\\SXampp\\htdocs\\Jacwan\\affiliate\\app\\Http\\Middleware\\AdminMiddleware.php(25): Illuminate\\Pipeline\\Pipeline->Illuminate\\Pipeline\\{closure}(Object(Illuminate\\Http\\Request))
#7 C:\\SXampp\\htdocs\\Jacwan\\affiliate\\vendor\\laravel\\framework\\src\\Illuminate\\Pipeline\\Pipeline.php(167): App\\Http\\Middleware\\AdminMiddleware->handle(Object(Illuminate\\Http\\Request), Object(Closure))
#8 C:\\SXampp\\htdocs\\Jacwan\\affiliate\\vendor\\laravel\\framework\\src\\Illuminate\\Routing\\Middleware\\SubstituteBindings.php(41): Illuminate\\Pipeline\\Pipeline->Illuminate\\Pipeline\\{closure}(Object(Illuminate\\Http\\Request))
#9 C:\\SXampp\\htdocs\\Jacwan\\affiliate\\vendor\\laravel\\framework\\src\\Illuminate\\Pipeline\\Pipeline.php(167): Illuminate\\Routing\\Middleware\\SubstituteBindings->handle(Object(Illuminate\\Http\\Request), Object(Closure))
#10 C:\\SXampp\\htdocs\\Jacwan\\affiliate\\vendor\\laravel\\framework\\src\\Illuminate\\Foundation\\Http\\Middleware\\VerifyCsrfToken.php(78): Illuminate\\Pipeline\\Pipeline->Illuminate\\Pipeline\\{closure}(Object(Illuminate\\Http\\Request))
#11 C:\\SXampp\\htdocs\\Jacwan\\affiliate\\vendor\\laravel\\framework\\src\\Illuminate\\Pipeline\\Pipeline.php(167): Illuminate\\Foundation\\Http\\Middleware\\VerifyCsrfToken->handle(Object(Illuminate\\Http\\Request), Object(Closure))
#12 C:\\SXampp\\htdocs\\Jacwan\\affiliate\\vendor\\laravel\\framework\\src\\Illuminate\\View\\Middleware\\ShareErrorsFromSession.php(49): Illuminate\\Pipeline\\Pipeline->Illuminate\\Pipeline\\{closure}(Object(Illuminate\\Http\\Request))
#13 C:\\SXampp\\htdocs\\Jacwan\\affiliate\\vendor\\laravel\\framework\\src\\Illuminate\\Pipeline\\Pipeline.php(167): Illuminate\\View\\Middleware\\ShareErrorsFromSession->handle(Object(Illuminate\\Http\\Request), Object(Closure))
#14 C:\\SXampp\\htdocs\\Jacwan\\affiliate\\vendor\\laravel\\framework\\src\\Illuminate\\Session\\Middleware\\StartSession.php(116): Illuminate\\Pipeline\\Pipeline->Illuminate\\Pipeline\\{closure}(Object(Illuminate\\Http\\Request))
#15 C:\\SXampp\\htdocs\\Jacwan\\affiliate\\vendor\\laravel\\framework\\src\\Illuminate\\Session\\Middleware\\StartSession.php(62): Illuminate\\Session\\Middleware\\StartSession->handleStatefulRequest(Object(Illuminate\\Http\\Request), Object(Illuminate\\Session\\Store), Object(Closure))
#16 C:\\SXampp\\htdocs\\Jacwan\\affiliate\\vendor\\laravel\\framework\\src\\Illuminate\\Pipeline\\Pipeline.php(167): Illuminate\\Session\\Middleware\\StartSession->handle(Object(Illuminate\\Http\\Request), Object(Closure))
#17 C:\\SXampp\\htdocs\\Jacwan\\affiliate\\vendor\\laravel\\framework\\src\\Illuminate\\Cookie\\Middleware\\AddQueuedCookiesToResponse.php(37): Illuminate\\Pipeline\\Pipeline->Illuminate\\Pipeline\\{closure}(Object(Illuminate\\Http\\Request))
#18 C:\\SXampp\\htdocs\\Jacwan\\affiliate\\vendor\\laravel\\framework\\src\\Illuminate\\Pipeline\\Pipeline.php(167): Illuminate\\Cookie\\Middleware\\AddQueuedCookiesToResponse->handle(Object(Illuminate\\Http\\Request), Object(Closure))
#19 C:\\SXampp\\htdocs\\Jacwan\\affiliate\\vendor\\laravel\\framework\\src\\Illuminate\\Cookie\\Middleware\\EncryptCookies.php(67): Illuminate\\Pipeline\\Pipeline->Illuminate\\Pipeline\\{closure}(Object(Illuminate\\Http\\Request))
#20 C:\\SXampp\\htdocs\\Jacwan\\affiliate\\vendor\\laravel\\framework\\src\\Illuminate\\Pipeline\\Pipeline.php(167): Illuminate\\Cookie\\Middleware\\EncryptCookies->handle(Object(Illuminate\\Http\\Request), Object(Closure))
#21 C:\\SXampp\\htdocs\\Jacwan\\affiliate\\vendor\\laravel\\framework\\src\\Illuminate\\Pipeline\\Pipeline.php(103): Illuminate\\Pipeline\\Pipeline->Illuminate\\Pipeline\\{closure}(Object(Illuminate\\Http\\Request))
#22 C:\\SXampp\\htdocs\\Jacwan\\affiliate\\vendor\\laravel\\framework\\src\\Illuminate\\Routing\\Router.php(687): Illuminate\\Pipeline\\Pipeline->then(Object(Closure))
#23 C:\\SXampp\\htdocs\\Jacwan\\affiliate\\vendor\\laravel\\framework\\src\\Illuminate\\Routing\\Router.php(662): Illuminate\\Routing\\Router->runRouteWithinStack(Object(Illuminate\\Routing\\Route), Object(Illuminate\\Http\\Request))
#24 C:\\SXampp\\htdocs\\Jacwan\\affiliate\\vendor\\laravel\\framework\\src\\Illuminate\\Routing\\Router.php(628): Illuminate\\Routing\\Router->runRoute(Object(Illuminate\\Http\\Request), Object(Illuminate\\Routing\\Route))
#25 C:\\SXampp\\htdocs\\Jacwan\\affiliate\\vendor\\laravel\\framework\\src\\Illuminate\\Routing\\Router.php(617): Illuminate\\Routing\\Router->dispatchToRoute(Object(Illuminate\\Http\\Request))
#26 C:\\SXampp\\htdocs\\Jacwan\\affiliate\\vendor\\laravel\\framework\\src\\Illuminate\\Foundation\\Http\\Kernel.php(165): Illuminate\\Routing\\Router->dispatch(Object(Illuminate\\Http\\Request))
#27 C:\\SXampp\\htdocs\\Jacwan\\affiliate\\vendor\\laravel\\framework\\src\\Illuminate\\Pipeline\\Pipeline.php(128): Illuminate\\Foundation\\Http\\Kernel->Illuminate\\Foundation\\Http\\{closure}(Object(Illuminate\\Http\\Request))
#28 C:\\SXampp\\htdocs\\Jacwan\\affiliate\\vendor\\laravel\\framework\\src\\Illuminate\\Foundation\\Http\\Middleware\\TransformsRequest.php(21): Illuminate\\Pipeline\\Pipeline->Illuminate\\Pipeline\\{closure}(Object(Illuminate\\Http\\Request))
#29 C:\\SXampp\\htdocs\\Jacwan\\affiliate\\vendor\\laravel\\framework\\src\\Illuminate\\Pipeline\\Pipeline.php(167): Illuminate\\Foundation\\Http\\Middleware\\TransformsRequest->handle(Object(Illuminate\\Http\\Request), Object(Closure))
#30 C:\\SXampp\\htdocs\\Jacwan\\affiliate\\vendor\\laravel\\framework\\src\\Illuminate\\Foundation\\Http\\Middleware\\TransformsRequest.php(21): Illuminate\\Pipeline\\Pipeline->Illuminate\\Pipeline\\{closure}(Object(Illuminate\\Http\\Request))
#31 C:\\SXampp\\htdocs\\Jacwan\\affiliate\\vendor\\laravel\\framework\\src\\Illuminate\\Pipeline\\Pipeline.php(167): Illuminate\\Foundation\\Http\\Middleware\\TransformsRequest->handle(Object(Illuminate\\Http\\Request), Object(Closure))
#32 C:\\SXampp\\htdocs\\Jacwan\\affiliate\\vendor\\laravel\\framework\\src\\Illuminate\\Foundation\\Http\\Middleware\\ValidatePostSize.php(27): Illuminate\\Pipeline\\Pipeline->Illuminate\\Pipeline\\{closure}(Object(Illuminate\\Http\\Request))
#33 C:\\SXampp\\htdocs\\Jacwan\\affiliate\\vendor\\laravel\\framework\\src\\Illuminate\\Pipeline\\Pipeline.php(167): Illuminate\\Foundation\\Http\\Middleware\\ValidatePostSize->handle(Object(Illuminate\\Http\\Request), Object(Closure))
#34 C:\\SXampp\\htdocs\\Jacwan\\affiliate\\vendor\\laravel\\framework\\src\\Illuminate\\Foundation\\Http\\Middleware\\CheckForMaintenanceMode.php(63): Illuminate\\Pipeline\\Pipeline->Illuminate\\Pipeline\\{closure}(Object(Illuminate\\Http\\Request))
#35 C:\\SXampp\\htdocs\\Jacwan\\affiliate\\vendor\\laravel\\framework\\src\\Illuminate\\Pipeline\\Pipeline.php(167): Illuminate\\Foundation\\Http\\Middleware\\CheckForMaintenanceMode->handle(Object(Illuminate\\Http\\Request), Object(Closure))
#36 C:\\SXampp\\htdocs\\Jacwan\\affiliate\\vendor\\fruitcake\\laravel-cors\\src\\HandleCors.php(37): Illuminate\\Pipeline\\Pipeline->Illuminate\\Pipeline\\{closure}(Object(Illuminate\\Http\\Request))
#37 C:\\SXampp\\htdocs\\Jacwan\\affiliate\\vendor\\laravel\\framework\\src\\Illuminate\\Pipeline\\Pipeline.php(167): Fruitcake\\Cors\\HandleCors->handle(Object(Illuminate\\Http\\Request), Object(Closure))
#38 C:\\SXampp\\htdocs\\Jacwan\\affiliate\\vendor\\fideloper\\proxy\\src\\TrustProxies.php(57): Illuminate\\Pipeline\\Pipeline->Illuminate\\Pipeline\\{closure}(Object(Illuminate\\Http\\Request))
#39 C:\\SXampp\\htdocs\\Jacwan\\affiliate\\vendor\\laravel\\framework\\src\\Illuminate\\Pipeline\\Pipeline.php(167): Fideloper\\Proxy\\TrustProxies->handle(Object(Illuminate\\Http\\Request), Object(Closure))
#40 C:\\SXampp\\htdocs\\Jacwan\\affiliate\\vendor\\laravel\\framework\\src\\Illuminate\\Pipeline\\Pipeline.php(103): Illuminate\\Pipeline\\Pipeline->Illuminate\\Pipeline\\{closure}(Object(Illuminate\\Http\\Request))
#41 C:\\SXampp\\htdocs\\Jacwan\\affiliate\\vendor\\laravel\\framework\\src\\Illuminate\\Foundation\\Http\\Kernel.php(140): Illuminate\\Pipeline\\Pipeline->then(Object(Closure))
#42 C:\\SXampp\\htdocs\\Jacwan\\affiliate\\vendor\\laravel\\framework\\src\\Illuminate\\Foundation\\Http\\Kernel.php(109): Illuminate\\Foundation\\Http\\Kernel->sendRequestThroughRouter(Object(Illuminate\\Http\\Request))
#43 C:\\SXampp\\htdocs\\Jacwan\\affiliate\\index.php(55): Illuminate\\Foundation\\Http\\Kernel->handle(Object(Illuminate\\Http\\Request))
#44 {main}
"} 
[2022-06-16 19:59:57] local.ERROR: Method App\Http\Controllers\admin\AffiliteController::channedPassword does not exist. {"exception":"[object] (BadMethodCallException(code: 0): Method App\\Http\\Controllers\\admin\\AffiliteController::channedPassword does not exist. at C:\\SXampp\\htdocs\\Jacwan\\affiliate\\vendor\\laravel\\framework\\src\\Illuminate\\Routing\\Controller.php:68)
[stacktrace]
#0 C:\\SXampp\\htdocs\\Jacwan\\affiliate\\vendor\\laravel\\framework\\src\\Illuminate\\Routing\\Controller.php(54): Illuminate\\Routing\\Controller->__call('channedPassword', Array)
#1 C:\\SXampp\\htdocs\\Jacwan\\affiliate\\vendor\\laravel\\framework\\src\\Illuminate\\Routing\\ControllerDispatcher.php(45): Illuminate\\Routing\\Controller->callAction('channedPassword', Array)
#2 C:\\SXampp\\htdocs\\Jacwan\\affiliate\\vendor\\laravel\\framework\\src\\Illuminate\\Routing\\Route.php(239): Illuminate\\Routing\\ControllerDispatcher->dispatch(Object(Illuminate\\Routing\\Route), Object(App\\Http\\Controllers\\admin\\AffiliteController), 'channedPassword')
#3 C:\\SXampp\\htdocs\\Jacwan\\affiliate\\vendor\\laravel\\framework\\src\\Illuminate\\Routing\\Route.php(196): Illuminate\\Routing\\Route->runController()
#4 C:\\SXampp\\htdocs\\Jacwan\\affiliate\\vendor\\laravel\\framework\\src\\Illuminate\\Routing\\Router.php(685): Illuminate\\Routing\\Route->run()
#5 C:\\SXampp\\htdocs\\Jacwan\\affiliate\\vendor\\laravel\\framework\\src\\Illuminate\\Pipeline\\Pipeline.php(128): Illuminate\\Routing\\Router->Illuminate\\Routing\\{closure}(Object(Illuminate\\Http\\Request))
#6 C:\\SXampp\\htdocs\\Jacwan\\affiliate\\app\\Http\\Middleware\\AdminMiddleware.php(25): Illuminate\\Pipeline\\Pipeline->Illuminate\\Pipeline\\{closure}(Object(Illuminate\\Http\\Request))
#7 C:\\SXampp\\htdocs\\Jacwan\\affiliate\\vendor\\laravel\\framework\\src\\Illuminate\\Pipeline\\Pipeline.php(167): App\\Http\\Middleware\\AdminMiddleware->handle(Object(Illuminate\\Http\\Request), Object(Closure))
#8 C:\\SXampp\\htdocs\\Jacwan\\affiliate\\vendor\\laravel\\framework\\src\\Illuminate\\Routing\\Middleware\\SubstituteBindings.php(41): Illuminate\\Pipeline\\Pipeline->Illuminate\\Pipeline\\{closure}(Object(Illuminate\\Http\\Request))
#9 C:\\SXampp\\htdocs\\Jacwan\\affiliate\\vendor\\laravel\\framework\\src\\Illuminate\\Pipeline\\Pipeline.php(167): Illuminate\\Routing\\Middleware\\SubstituteBindings->handle(Object(Illuminate\\Http\\Request), Object(Closure))
#10 C:\\SXampp\\htdocs\\Jacwan\\affiliate\\vendor\\laravel\\framework\\src\\Illuminate\\Foundation\\Http\\Middleware\\VerifyCsrfToken.php(78): Illuminate\\Pipeline\\Pipeline->Illuminate\\Pipeline\\{closure}(Object(Illuminate\\Http\\Request))
#11 C:\\SXampp\\htdocs\\Jacwan\\affiliate\\vendor\\laravel\\framework\\src\\Illuminate\\Pipeline\\Pipeline.php(167): Illuminate\\Foundation\\Http\\Middleware\\VerifyCsrfToken->handle(Object(Illuminate\\Http\\Request), Object(Closure))
#12 C:\\SXampp\\htdocs\\Jacwan\\affiliate\\vendor\\laravel\\framework\\src\\Illuminate\\View\\Middleware\\ShareErrorsFromSession.php(49): Illuminate\\Pipeline\\Pipeline->Illuminate\\Pipeline\\{closure}(Object(Illuminate\\Http\\Request))
#13 C:\\SXampp\\htdocs\\Jacwan\\affiliate\\vendor\\laravel\\framework\\src\\Illuminate\\Pipeline\\Pipeline.php(167): Illuminate\\View\\Middleware\\ShareErrorsFromSession->handle(Object(Illuminate\\Http\\Request), Object(Closure))
#14 C:\\SXampp\\htdocs\\Jacwan\\affiliate\\vendor\\laravel\\framework\\src\\Illuminate\\Session\\Middleware\\StartSession.php(116): Illuminate\\Pipeline\\Pipeline->Illuminate\\Pipeline\\{closure}(Object(Illuminate\\Http\\Request))
#15 C:\\SXampp\\htdocs\\Jacwan\\affiliate\\vendor\\laravel\\framework\\src\\Illuminate\\Session\\Middleware\\StartSession.php(62): Illuminate\\Session\\Middleware\\StartSession->handleStatefulRequest(Object(Illuminate\\Http\\Request), Object(Illuminate\\Session\\Store), Object(Closure))
#16 C:\\SXampp\\htdocs\\Jacwan\\affiliate\\vendor\\laravel\\framework\\src\\Illuminate\\Pipeline\\Pipeline.php(167): Illuminate\\Session\\Middleware\\StartSession->handle(Object(Illuminate\\Http\\Request), Object(Closure))
#17 C:\\SXampp\\htdocs\\Jacwan\\affiliate\\vendor\\laravel\\framework\\src\\Illuminate\\Cookie\\Middleware\\AddQueuedCookiesToResponse.php(37): Illuminate\\Pipeline\\Pipeline->Illuminate\\Pipeline\\{closure}(Object(Illuminate\\Http\\Request))
#18 C:\\SXampp\\htdocs\\Jacwan\\affiliate\\vendor\\laravel\\framework\\src\\Illuminate\\Pipeline\\Pipeline.php(167): Illuminate\\Cookie\\Middleware\\AddQueuedCookiesToResponse->handle(Object(Illuminate\\Http\\Request), Object(Closure))
#19 C:\\SXampp\\htdocs\\Jacwan\\affiliate\\vendor\\laravel\\framework\\src\\Illuminate\\Cookie\\Middleware\\EncryptCookies.php(67): Illuminate\\Pipeline\\Pipeline->Illuminate\\Pipeline\\{closure}(Object(Illuminate\\Http\\Request))
#20 C:\\SXampp\\htdocs\\Jacwan\\affiliate\\vendor\\laravel\\framework\\src\\Illuminate\\Pipeline\\Pipeline.php(167): Illuminate\\Cookie\\Middleware\\EncryptCookies->handle(Object(Illuminate\\Http\\Request), Object(Closure))
#21 C:\\SXampp\\htdocs\\Jacwan\\affiliate\\vendor\\laravel\\framework\\src\\Illuminate\\Pipeline\\Pipeline.php(103): Illuminate\\Pipeline\\Pipeline->Illuminate\\Pipeline\\{closure}(Object(Illuminate\\Http\\Request))
#22 C:\\SXampp\\htdocs\\Jacwan\\affiliate\\vendor\\laravel\\framework\\src\\Illuminate\\Routing\\Router.php(687): Illuminate\\Pipeline\\Pipeline->then(Object(Closure))
#23 C:\\SXampp\\htdocs\\Jacwan\\affiliate\\vendor\\laravel\\framework\\src\\Illuminate\\Routing\\Router.php(662): Illuminate\\Routing\\Router->runRouteWithinStack(Object(Illuminate\\Routing\\Route), Object(Illuminate\\Http\\Request))
#24 C:\\SXampp\\htdocs\\Jacwan\\affiliate\\vendor\\laravel\\framework\\src\\Illuminate\\Routing\\Router.php(628): Illuminate\\Routing\\Router->runRoute(Object(Illuminate\\Http\\Request), Object(Illuminate\\Routing\\Route))
#25 C:\\SXampp\\htdocs\\Jacwan\\affiliate\\vendor\\laravel\\framework\\src\\Illuminate\\Routing\\Router.php(617): Illuminate\\Routing\\Router->dispatchToRoute(Object(Illuminate\\Http\\Request))
#26 C:\\SXampp\\htdocs\\Jacwan\\affiliate\\vendor\\laravel\\framework\\src\\Illuminate\\Foundation\\Http\\Kernel.php(165): Illuminate\\Routing\\Router->dispatch(Object(Illuminate\\Http\\Request))
#27 C:\\SXampp\\htdocs\\Jacwan\\affiliate\\vendor\\laravel\\framework\\src\\Illuminate\\Pipeline\\Pipeline.php(128): Illuminate\\Foundation\\Http\\Kernel->Illuminate\\Foundation\\Http\\{closure}(Object(Illuminate\\Http\\Request))
#28 C:\\SXampp\\htdocs\\Jacwan\\affiliate\\vendor\\laravel\\framework\\src\\Illuminate\\Foundation\\Http\\Middleware\\TransformsRequest.php(21): Illuminate\\Pipeline\\Pipeline->Illuminate\\Pipeline\\{closure}(Object(Illuminate\\Http\\Request))
#29 C:\\SXampp\\htdocs\\Jacwan\\affiliate\\vendor\\laravel\\framework\\src\\Illuminate\\Pipeline\\Pipeline.php(167): Illuminate\\Foundation\\Http\\Middleware\\TransformsRequest->handle(Object(Illuminate\\Http\\Request), Object(Closure))
#30 C:\\SXampp\\htdocs\\Jacwan\\affiliate\\vendor\\laravel\\framework\\src\\Illuminate\\Foundation\\Http\\Middleware\\TransformsRequest.php(21): Illuminate\\Pipeline\\Pipeline->Illuminate\\Pipeline\\{closure}(Object(Illuminate\\Http\\Request))
#31 C:\\SXampp\\htdocs\\Jacwan\\affiliate\\vendor\\laravel\\framework\\src\\Illuminate\\Pipeline\\Pipeline.php(167): Illuminate\\Foundation\\Http\\Middleware\\TransformsRequest->handle(Object(Illuminate\\Http\\Request), Object(Closure))
#32 C:\\SXampp\\htdocs\\Jacwan\\affiliate\\vendor\\laravel\\framework\\src\\Illuminate\\Foundation\\Http\\Middleware\\ValidatePostSize.php(27): Illuminate\\Pipeline\\Pipeline->Illuminate\\Pipeline\\{closure}(Object(Illuminate\\Http\\Request))
#33 C:\\SXampp\\htdocs\\Jacwan\\affiliate\\vendor\\laravel\\framework\\src\\Illuminate\\Pipeline\\Pipeline.php(167): Illuminate\\Foundation\\Http\\Middleware\\ValidatePostSize->handle(Object(Illuminate\\Http\\Request), Object(Closure))
#34 C:\\SXampp\\htdocs\\Jacwan\\affiliate\\vendor\\laravel\\framework\\src\\Illuminate\\Foundation\\Http\\Middleware\\CheckForMaintenanceMode.php(63): Illuminate\\Pipeline\\Pipeline->Illuminate\\Pipeline\\{closure}(Object(Illuminate\\Http\\Request))
#35 C:\\SXampp\\htdocs\\Jacwan\\affiliate\\vendor\\laravel\\framework\\src\\Illuminate\\Pipeline\\Pipeline.php(167): Illuminate\\Foundation\\Http\\Middleware\\CheckForMaintenanceMode->handle(Object(Illuminate\\Http\\Request), Object(Closure))
#36 C:\\SXampp\\htdocs\\Jacwan\\affiliate\\vendor\\fruitcake\\laravel-cors\\src\\HandleCors.php(37): Illuminate\\Pipeline\\Pipeline->Illuminate\\Pipeline\\{closure}(Object(Illuminate\\Http\\Request))
#37 C:\\SXampp\\htdocs\\Jacwan\\affiliate\\vendor\\laravel\\framework\\src\\Illuminate\\Pipeline\\Pipeline.php(167): Fruitcake\\Cors\\HandleCors->handle(Object(Illuminate\\Http\\Request), Object(Closure))
#38 C:\\SXampp\\htdocs\\Jacwan\\affiliate\\vendor\\fideloper\\proxy\\src\\TrustProxies.php(57): Illuminate\\Pipeline\\Pipeline->Illuminate\\Pipeline\\{closure}(Object(Illuminate\\Http\\Request))
#39 C:\\SXampp\\htdocs\\Jacwan\\affiliate\\vendor\\laravel\\framework\\src\\Illuminate\\Pipeline\\Pipeline.php(167): Fideloper\\Proxy\\TrustProxies->handle(Object(Illuminate\\Http\\Request), Object(Closure))
#40 C:\\SXampp\\htdocs\\Jacwan\\affiliate\\vendor\\laravel\\framework\\src\\Illuminate\\Pipeline\\Pipeline.php(103): Illuminate\\Pipeline\\Pipeline->Illuminate\\Pipeline\\{closure}(Object(Illuminate\\Http\\Request))
#41 C:\\SXampp\\htdocs\\Jacwan\\affiliate\\vendor\\laravel\\framework\\src\\Illuminate\\Foundation\\Http\\Kernel.php(140): Illuminate\\Pipeline\\Pipeline->then(Object(Closure))
#42 C:\\SXampp\\htdocs\\Jacwan\\affiliate\\vendor\\laravel\\framework\\src\\Illuminate\\Foundation\\Http\\Kernel.php(109): Illuminate\\Foundation\\Http\\Kernel->sendRequestThroughRouter(Object(Illuminate\\Http\\Request))
#43 C:\\SXampp\\htdocs\\Jacwan\\affiliate\\index.php(55): Illuminate\\Foundation\\Http\\Kernel->handle(Object(Illuminate\\Http\\Request))
#44 {main}
"} 
[2022-06-17 11:33:22] local.ERROR: SQLSTATE[42S02]: Base table or view not found: 1146 Table 'jacwan.admin_note' doesn't exist (SQL: select * from `admin_note` order by `id` desc) {"exception":"[object] (Illuminate\\Database\\QueryException(code: 42S02): SQLSTATE[42S02]: Base table or view not found: 1146 Table 'jacwan.admin_note' doesn't exist (SQL: select * from `admin_note` order by `id` desc) at C:\\SXampp\\htdocs\\Jacwan\\affiliate\\vendor\\laravel\\framework\\src\\Illuminate\\Database\\Connection.php:671)
[stacktrace]
#0 C:\\SXampp\\htdocs\\Jacwan\\affiliate\\vendor\\laravel\\framework\\src\\Illuminate\\Database\\Connection.php(631): Illuminate\\Database\\Connection->runQueryCallback('select * from `...', Array, Object(Closure))
#1 C:\\SXampp\\htdocs\\Jacwan\\affiliate\\vendor\\laravel\\framework\\src\\Illuminate\\Database\\Connection.php(339): Illuminate\\Database\\Connection->run('select * from `...', Array, Object(Closure))
#2 C:\\SXampp\\htdocs\\Jacwan\\affiliate\\vendor\\laravel\\framework\\src\\Illuminate\\Database\\Query\\Builder.php(2270): Illuminate\\Database\\Connection->select('select * from `...', Array, true)
#3 C:\\SXampp\\htdocs\\Jacwan\\affiliate\\vendor\\laravel\\framework\\src\\Illuminate\\Database\\Query\\Builder.php(2258): Illuminate\\Database\\Query\\Builder->runSelect()
#4 C:\\SXampp\\htdocs\\Jacwan\\affiliate\\vendor\\laravel\\framework\\src\\Illuminate\\Database\\Query\\Builder.php(2753): Illuminate\\Database\\Query\\Builder->Illuminate\\Database\\Query\\{closure}()
#5 C:\\SXampp\\htdocs\\Jacwan\\affiliate\\vendor\\laravel\\framework\\src\\Illuminate\\Database\\Query\\Builder.php(2259): Illuminate\\Database\\Query\\Builder->onceWithColumns(Array, Object(Closure))
#6 C:\\SXampp\\htdocs\\Jacwan\\affiliate\\app\\Http\\Controllers\\admin\\AdminNoteController.php(19): Illuminate\\Database\\Query\\Builder->get()
#7 C:\\SXampp\\htdocs\\Jacwan\\affiliate\\vendor\\laravel\\framework\\src\\Illuminate\\Routing\\Controller.php(54): App\\Http\\Controllers\\admin\\AdminNoteController->index()
#8 C:\\SXampp\\htdocs\\Jacwan\\affiliate\\vendor\\laravel\\framework\\src\\Illuminate\\Routing\\ControllerDispatcher.php(45): Illuminate\\Routing\\Controller->callAction('index', Array)
#9 C:\\SXampp\\htdocs\\Jacwan\\affiliate\\vendor\\laravel\\framework\\src\\Illuminate\\Routing\\Route.php(239): Illuminate\\Routing\\ControllerDispatcher->dispatch(Object(Illuminate\\Routing\\Route), Object(App\\Http\\Controllers\\admin\\AdminNoteController), 'index')
#10 C:\\SXampp\\htdocs\\Jacwan\\affiliate\\vendor\\laravel\\framework\\src\\Illuminate\\Routing\\Route.php(196): Illuminate\\Routing\\Route->runController()
#11 C:\\SXampp\\htdocs\\Jacwan\\affiliate\\vendor\\laravel\\framework\\src\\Illuminate\\Routing\\Router.php(685): Illuminate\\Routing\\Route->run()
#12 C:\\SXampp\\htdocs\\Jacwan\\affiliate\\vendor\\laravel\\framework\\src\\Illuminate\\Pipeline\\Pipeline.php(128): Illuminate\\Routing\\Router->Illuminate\\Routing\\{closure}(Object(Illuminate\\Http\\Request))
#13 C:\\SXampp\\htdocs\\Jacwan\\affiliate\\vendor\\laravel\\framework\\src\\Illuminate\\Routing\\Middleware\\SubstituteBindings.php(41): Illuminate\\Pipeline\\Pipeline->Illuminate\\Pipeline\\{closure}(Object(Illuminate\\Http\\Request))
#14 C:\\SXampp\\htdocs\\Jacwan\\affiliate\\vendor\\laravel\\framework\\src\\Illuminate\\Pipeline\\Pipeline.php(167): Illuminate\\Routing\\Middleware\\SubstituteBindings->handle(Object(Illuminate\\Http\\Request), Object(Closure))
#15 C:\\SXampp\\htdocs\\Jacwan\\affiliate\\vendor\\laravel\\framework\\src\\Illuminate\\Foundation\\Http\\Middleware\\VerifyCsrfToken.php(78): Illuminate\\Pipeline\\Pipeline->Illuminate\\Pipeline\\{closure}(Object(Illuminate\\Http\\Request))
#16 C:\\SXampp\\htdocs\\Jacwan\\affiliate\\vendor\\laravel\\framework\\src\\Illuminate\\Pipeline\\Pipeline.php(167): Illuminate\\Foundation\\Http\\Middleware\\VerifyCsrfToken->handle(Object(Illuminate\\Http\\Request), Object(Closure))
#17 C:\\SXampp\\htdocs\\Jacwan\\affiliate\\vendor\\laravel\\framework\\src\\Illuminate\\View\\Middleware\\ShareErrorsFromSession.php(49): Illuminate\\Pipeline\\Pipeline->Illuminate\\Pipeline\\{closure}(Object(Illuminate\\Http\\Request))
#18 C:\\SXampp\\htdocs\\Jacwan\\affiliate\\vendor\\laravel\\framework\\src\\Illuminate\\Pipeline\\Pipeline.php(167): Illuminate\\View\\Middleware\\ShareErrorsFromSession->handle(Object(Illuminate\\Http\\Request), Object(Closure))
#19 C:\\SXampp\\htdocs\\Jacwan\\affiliate\\vendor\\laravel\\framework\\src\\Illuminate\\Session\\Middleware\\StartSession.php(116): Illuminate\\Pipeline\\Pipeline->Illuminate\\Pipeline\\{closure}(Object(Illuminate\\Http\\Request))
#20 C:\\SXampp\\htdocs\\Jacwan\\affiliate\\vendor\\laravel\\framework\\src\\Illuminate\\Session\\Middleware\\StartSession.php(62): Illuminate\\Session\\Middleware\\StartSession->handleStatefulRequest(Object(Illuminate\\Http\\Request), Object(Illuminate\\Session\\Store), Object(Closure))
#21 C:\\SXampp\\htdocs\\Jacwan\\affiliate\\vendor\\laravel\\framework\\src\\Illuminate\\Pipeline\\Pipeline.php(167): Illuminate\\Session\\Middleware\\StartSession->handle(Object(Illuminate\\Http\\Request), Object(Closure))
#22 C:\\SXampp\\htdocs\\Jacwan\\affiliate\\vendor\\laravel\\framework\\src\\Illuminate\\Cookie\\Middleware\\AddQueuedCookiesToResponse.php(37): Illuminate\\Pipeline\\Pipeline->Illuminate\\Pipeline\\{closure}(Object(Illuminate\\Http\\Request))
#23 C:\\SXampp\\htdocs\\Jacwan\\affiliate\\vendor\\laravel\\framework\\src\\Illuminate\\Pipeline\\Pipeline.php(167): Illuminate\\Cookie\\Middleware\\AddQueuedCookiesToResponse->handle(Object(Illuminate\\Http\\Request), Object(Closure))
#24 C:\\SXampp\\htdocs\\Jacwan\\affiliate\\vendor\\laravel\\framework\\src\\Illuminate\\Cookie\\Middleware\\EncryptCookies.php(67): Illuminate\\Pipeline\\Pipeline->Illuminate\\Pipeline\\{closure}(Object(Illuminate\\Http\\Request))
#25 C:\\SXampp\\htdocs\\Jacwan\\affiliate\\vendor\\laravel\\framework\\src\\Illuminate\\Pipeline\\Pipeline.php(167): Illuminate\\Cookie\\Middleware\\EncryptCookies->handle(Object(Illuminate\\Http\\Request), Object(Closure))
#26 C:\\SXampp\\htdocs\\Jacwan\\affiliate\\vendor\\laravel\\framework\\src\\Illuminate\\Pipeline\\Pipeline.php(103): Illuminate\\Pipeline\\Pipeline->Illuminate\\Pipeline\\{closure}(Object(Illuminate\\Http\\Request))
#27 C:\\SXampp\\htdocs\\Jacwan\\affiliate\\vendor\\laravel\\framework\\src\\Illuminate\\Routing\\Router.php(687): Illuminate\\Pipeline\\Pipeline->then(Object(Closure))
#28 C:\\SXampp\\htdocs\\Jacwan\\affiliate\\vendor\\laravel\\framework\\src\\Illuminate\\Routing\\Router.php(662): Illuminate\\Routing\\Router->runRouteWithinStack(Object(Illuminate\\Routing\\Route), Object(Illuminate\\Http\\Request))
#29 C:\\SXampp\\htdocs\\Jacwan\\affiliate\\vendor\\laravel\\framework\\src\\Illuminate\\Routing\\Router.php(628): Illuminate\\Routing\\Router->runRoute(Object(Illuminate\\Http\\Request), Object(Illuminate\\Routing\\Route))
#30 C:\\SXampp\\htdocs\\Jacwan\\affiliate\\vendor\\laravel\\framework\\src\\Illuminate\\Routing\\Router.php(617): Illuminate\\Routing\\Router->dispatchToRoute(Object(Illuminate\\Http\\Request))
#31 C:\\SXampp\\htdocs\\Jacwan\\affiliate\\vendor\\laravel\\framework\\src\\Illuminate\\Foundation\\Http\\Kernel.php(165): Illuminate\\Routing\\Router->dispatch(Object(Illuminate\\Http\\Request))
#32 C:\\SXampp\\htdocs\\Jacwan\\affiliate\\vendor\\laravel\\framework\\src\\Illuminate\\Pipeline\\Pipeline.php(128): Illuminate\\Foundation\\Http\\Kernel->Illuminate\\Foundation\\Http\\{closure}(Object(Illuminate\\Http\\Request))
#33 C:\\SXampp\\htdocs\\Jacwan\\affiliate\\vendor\\laravel\\framework\\src\\Illuminate\\Foundation\\Http\\Middleware\\TransformsRequest.php(21): Illuminate\\Pipeline\\Pipeline->Illuminate\\Pipeline\\{closure}(Object(Illuminate\\Http\\Request))
#34 C:\\SXampp\\htdocs\\Jacwan\\affiliate\\vendor\\laravel\\framework\\src\\Illuminate\\Pipeline\\Pipeline.php(167): Illuminate\\Foundation\\Http\\Middleware\\TransformsRequest->handle(Object(Illuminate\\Http\\Request), Object(Closure))
#35 C:\\SXampp\\htdocs\\Jacwan\\affiliate\\vendor\\laravel\\framework\\src\\Illuminate\\Foundation\\Http\\Middleware\\TransformsRequest.php(21): Illuminate\\Pipeline\\Pipeline->Illuminate\\Pipeline\\{closure}(Object(Illuminate\\Http\\Request))
#36 C:\\SXampp\\htdocs\\Jacwan\\affiliate\\vendor\\laravel\\framework\\src\\Illuminate\\Pipeline\\Pipeline.php(167): Illuminate\\Foundation\\Http\\Middleware\\TransformsRequest->handle(Object(Illuminate\\Http\\Request), Object(Closure))
#37 C:\\SXampp\\htdocs\\Jacwan\\affiliate\\vendor\\laravel\\framework\\src\\Illuminate\\Foundation\\Http\\Middleware\\ValidatePostSize.php(27): Illuminate\\Pipeline\\Pipeline->Illuminate\\Pipeline\\{closure}(Object(Illuminate\\Http\\Request))
#38 C:\\SXampp\\htdocs\\Jacwan\\affiliate\\vendor\\laravel\\framework\\src\\Illuminate\\Pipeline\\Pipeline.php(167): Illuminate\\Foundation\\Http\\Middleware\\ValidatePostSize->handle(Object(Illuminate\\Http\\Request), Object(Closure))
#39 C:\\SXampp\\htdocs\\Jacwan\\affiliate\\vendor\\laravel\\framework\\src\\Illuminate\\Foundation\\Http\\Middleware\\CheckForMaintenanceMode.php(63): Illuminate\\Pipeline\\Pipeline->Illuminate\\Pipeline\\{closure}(Object(Illuminate\\Http\\Request))
#40 C:\\SXampp\\htdocs\\Jacwan\\affiliate\\vendor\\laravel\\framework\\src\\Illuminate\\Pipeline\\Pipeline.php(167): Illuminate\\Foundation\\Http\\Middleware\\CheckForMaintenanceMode->handle(Object(Illuminate\\Http\\Request), Object(Closure))
#41 C:\\SXampp\\htdocs\\Jacwan\\affiliate\\vendor\\fruitcake\\laravel-cors\\src\\HandleCors.php(37): Illuminate\\Pipeline\\Pipeline->Illuminate\\Pipeline\\{closure}(Object(Illuminate\\Http\\Request))
#42 C:\\SXampp\\htdocs\\Jacwan\\affiliate\\vendor\\laravel\\framework\\src\\Illuminate\\Pipeline\\Pipeline.php(167): Fruitcake\\Cors\\HandleCors->handle(Object(Illuminate\\Http\\Request), Object(Closure))
#43 C:\\SXampp\\htdocs\\Jacwan\\affiliate\\vendor\\fideloper\\proxy\\src\\TrustProxies.php(57): Illuminate\\Pipeline\\Pipeline->Illuminate\\Pipeline\\{closure}(Object(Illuminate\\Http\\Request))
#44 C:\\SXampp\\htdocs\\Jacwan\\affiliate\\vendor\\laravel\\framework\\src\\Illuminate\\Pipeline\\Pipeline.php(167): Fideloper\\Proxy\\TrustProxies->handle(Object(Illuminate\\Http\\Request), Object(Closure))
#45 C:\\SXampp\\htdocs\\Jacwan\\affiliate\\vendor\\laravel\\framework\\src\\Illuminate\\Pipeline\\Pipeline.php(103): Illuminate\\Pipeline\\Pipeline->Illuminate\\Pipeline\\{closure}(Object(Illuminate\\Http\\Request))
#46 C:\\SXampp\\htdocs\\Jacwan\\affiliate\\vendor\\laravel\\framework\\src\\Illuminate\\Foundation\\Http\\Kernel.php(140): Illuminate\\Pipeline\\Pipeline->then(Object(Closure))
#47 C:\\SXampp\\htdocs\\Jacwan\\affiliate\\vendor\\laravel\\framework\\src\\Illuminate\\Foundation\\Http\\Kernel.php(109): Illuminate\\Foundation\\Http\\Kernel->sendRequestThroughRouter(Object(Illuminate\\Http\\Request))
#48 C:\\SXampp\\htdocs\\Jacwan\\affiliate\\index.php(55): Illuminate\\Foundation\\Http\\Kernel->handle(Object(Illuminate\\Http\\Request))
#49 {main}

[previous exception] [object] (PDOException(code: 42S02): SQLSTATE[42S02]: Base table or view not found: 1146 Table 'jacwan.admin_note' doesn't exist at C:\\SXampp\\htdocs\\Jacwan\\affiliate\\vendor\\laravel\\framework\\src\\Illuminate\\Database\\Connection.php:331)
[stacktrace]
#0 C:\\SXampp\\htdocs\\Jacwan\\affiliate\\vendor\\laravel\\framework\\src\\Illuminate\\Database\\Connection.php(331): PDO->prepare('select * from `...')
#1 C:\\SXampp\\htdocs\\Jacwan\\affiliate\\vendor\\laravel\\framework\\src\\Illuminate\\Database\\Connection.php(664): Illuminate\\Database\\Connection->Illuminate\\Database\\{closure}('select * from `...', Array)
#2 C:\\SXampp\\htdocs\\Jacwan\\affiliate\\vendor\\laravel\\framework\\src\\Illuminate\\Database\\Connection.php(631): Illuminate\\Database\\Connection->runQueryCallback('select * from `...', Array, Object(Closure))
#3 C:\\SXampp\\htdocs\\Jacwan\\affiliate\\vendor\\laravel\\framework\\src\\Illuminate\\Database\\Connection.php(339): Illuminate\\Database\\Connection->run('select * from `...', Array, Object(Closure))
#4 C:\\SXampp\\htdocs\\Jacwan\\affiliate\\vendor\\laravel\\framework\\src\\Illuminate\\Database\\Query\\Builder.php(2270): Illuminate\\Database\\Connection->select('select * from `...', Array, true)
#5 C:\\SXampp\\htdocs\\Jacwan\\affiliate\\vendor\\laravel\\framework\\src\\Illuminate\\Database\\Query\\Builder.php(2258): Illuminate\\Database\\Query\\Builder->runSelect()
#6 C:\\SXampp\\htdocs\\Jacwan\\affiliate\\vendor\\laravel\\framework\\src\\Illuminate\\Database\\Query\\Builder.php(2753): Illuminate\\Database\\Query\\Builder->Illuminate\\Database\\Query\\{closure}()
#7 C:\\SXampp\\htdocs\\Jacwan\\affiliate\\vendor\\laravel\\framework\\src\\Illuminate\\Database\\Query\\Builder.php(2259): Illuminate\\Database\\Query\\Builder->onceWithColumns(Array, Object(Closure))
#8 C:\\SXampp\\htdocs\\Jacwan\\affiliate\\app\\Http\\Controllers\\admin\\AdminNoteController.php(19): Illuminate\\Database\\Query\\Builder->get()
#9 C:\\SXampp\\htdocs\\Jacwan\\affiliate\\vendor\\laravel\\framework\\src\\Illuminate\\Routing\\Controller.php(54): App\\Http\\Controllers\\admin\\AdminNoteController->index()
#10 C:\\SXampp\\htdocs\\Jacwan\\affiliate\\vendor\\laravel\\framework\\src\\Illuminate\\Routing\\ControllerDispatcher.php(45): Illuminate\\Routing\\Controller->callAction('index', Array)
#11 C:\\SXampp\\htdocs\\Jacwan\\affiliate\\vendor\\laravel\\framework\\src\\Illuminate\\Routing\\Route.php(239): Illuminate\\Routing\\ControllerDispatcher->dispatch(Object(Illuminate\\Routing\\Route), Object(App\\Http\\Controllers\\admin\\AdminNoteController), 'index')
#12 C:\\SXampp\\htdocs\\Jacwan\\affiliate\\vendor\\laravel\\framework\\src\\Illuminate\\Routing\\Route.php(196): Illuminate\\Routing\\Route->runController()
#13 C:\\SXampp\\htdocs\\Jacwan\\affiliate\\vendor\\laravel\\framework\\src\\Illuminate\\Routing\\Router.php(685): Illuminate\\Routing\\Route->run()
#14 C:\\SXampp\\htdocs\\Jacwan\\affiliate\\vendor\\laravel\\framework\\src\\Illuminate\\Pipeline\\Pipeline.php(128): Illuminate\\Routing\\Router->Illuminate\\Routing\\{closure}(Object(Illuminate\\Http\\Request))
#15 C:\\SXampp\\htdocs\\Jacwan\\affiliate\\vendor\\laravel\\framework\\src\\Illuminate\\Routing\\Middleware\\SubstituteBindings.php(41): Illuminate\\Pipeline\\Pipeline->Illuminate\\Pipeline\\{closure}(Object(Illuminate\\Http\\Request))
#16 C:\\SXampp\\htdocs\\Jacwan\\affiliate\\vendor\\laravel\\framework\\src\\Illuminate\\Pipeline\\Pipeline.php(167): Illuminate\\Routing\\Middleware\\SubstituteBindings->handle(Object(Illuminate\\Http\\Request), Object(Closure))
#17 C:\\SXampp\\htdocs\\Jacwan\\affiliate\\vendor\\laravel\\framework\\src\\Illuminate\\Foundation\\Http\\Middleware\\VerifyCsrfToken.php(78): Illuminate\\Pipeline\\Pipeline->Illuminate\\Pipeline\\{closure}(Object(Illuminate\\Http\\Request))
#18 C:\\SXampp\\htdocs\\Jacwan\\affiliate\\vendor\\laravel\\framework\\src\\Illuminate\\Pipeline\\Pipeline.php(167): Illuminate\\Foundation\\Http\\Middleware\\VerifyCsrfToken->handle(Object(Illuminate\\Http\\Request), Object(Closure))
#19 C:\\SXampp\\htdocs\\Jacwan\\affiliate\\vendor\\laravel\\framework\\src\\Illuminate\\View\\Middleware\\ShareErrorsFromSession.php(49): Illuminate\\Pipeline\\Pipeline->Illuminate\\Pipeline\\{closure}(Object(Illuminate\\Http\\Request))
#20 C:\\SXampp\\htdocs\\Jacwan\\affiliate\\vendor\\laravel\\framework\\src\\Illuminate\\Pipeline\\Pipeline.php(167): Illuminate\\View\\Middleware\\ShareErrorsFromSession->handle(Object(Illuminate\\Http\\Request), Object(Closure))
#21 C:\\SXampp\\htdocs\\Jacwan\\affiliate\\vendor\\laravel\\framework\\src\\Illuminate\\Session\\Middleware\\StartSession.php(116): Illuminate\\Pipeline\\Pipeline->Illuminate\\Pipeline\\{closure}(Object(Illuminate\\Http\\Request))
#22 C:\\SXampp\\htdocs\\Jacwan\\affiliate\\vendor\\laravel\\framework\\src\\Illuminate\\Session\\Middleware\\StartSession.php(62): Illuminate\\Session\\Middleware\\StartSession->handleStatefulRequest(Object(Illuminate\\Http\\Request), Object(Illuminate\\Session\\Store), Object(Closure))
#23 C:\\SXampp\\htdocs\\Jacwan\\affiliate\\vendor\\laravel\\framework\\src\\Illuminate\\Pipeline\\Pipeline.php(167): Illuminate\\Session\\Middleware\\StartSession->handle(Object(Illuminate\\Http\\Request), Object(Closure))
#24 C:\\SXampp\\htdocs\\Jacwan\\affiliate\\vendor\\laravel\\framework\\src\\Illuminate\\Cookie\\Middleware\\AddQueuedCookiesToResponse.php(37): Illuminate\\Pipeline\\Pipeline->Illuminate\\Pipeline\\{closure}(Object(Illuminate\\Http\\Request))
#25 C:\\SXampp\\htdocs\\Jacwan\\affiliate\\vendor\\laravel\\framework\\src\\Illuminate\\Pipeline\\Pipeline.php(167): Illuminate\\Cookie\\Middleware\\AddQueuedCookiesToResponse->handle(Object(Illuminate\\Http\\Request), Object(Closure))
#26 C:\\SXampp\\htdocs\\Jacwan\\affiliate\\vendor\\laravel\\framework\\src\\Illuminate\\Cookie\\Middleware\\EncryptCookies.php(67): Illuminate\\Pipeline\\Pipeline->Illuminate\\Pipeline\\{closure}(Object(Illuminate\\Http\\Request))
#27 C:\\SXampp\\htdocs\\Jacwan\\affiliate\\vendor\\laravel\\framework\\src\\Illuminate\\Pipeline\\Pipeline.php(167): Illuminate\\Cookie\\Middleware\\EncryptCookies->handle(Object(Illuminate\\Http\\Request), Object(Closure))
#28 C:\\SXampp\\htdocs\\Jacwan\\affiliate\\vendor\\laravel\\framework\\src\\Illuminate\\Pipeline\\Pipeline.php(103): Illuminate\\Pipeline\\Pipeline->Illuminate\\Pipeline\\{closure}(Object(Illuminate\\Http\\Request))
#29 C:\\SXampp\\htdocs\\Jacwan\\affiliate\\vendor\\laravel\\framework\\src\\Illuminate\\Routing\\Router.php(687): Illuminate\\Pipeline\\Pipeline->then(Object(Closure))
#30 C:\\SXampp\\htdocs\\Jacwan\\affiliate\\vendor\\laravel\\framework\\src\\Illuminate\\Routing\\Router.php(662): Illuminate\\Routing\\Router->runRouteWithinStack(Object(Illuminate\\Routing\\Route), Object(Illuminate\\Http\\Request))
#31 C:\\SXampp\\htdocs\\Jacwan\\affiliate\\vendor\\laravel\\framework\\src\\Illuminate\\Routing\\Router.php(628): Illuminate\\Routing\\Router->runRoute(Object(Illuminate\\Http\\Request), Object(Illuminate\\Routing\\Route))
#32 C:\\SXampp\\htdocs\\Jacwan\\affiliate\\vendor\\laravel\\framework\\src\\Illuminate\\Routing\\Router.php(617): Illuminate\\Routing\\Router->dispatchToRoute(Object(Illuminate\\Http\\Request))
#33 C:\\SXampp\\htdocs\\Jacwan\\affiliate\\vendor\\laravel\\framework\\src\\Illuminate\\Foundation\\Http\\Kernel.php(165): Illuminate\\Routing\\Router->dispatch(Object(Illuminate\\Http\\Request))
#34 C:\\SXampp\\htdocs\\Jacwan\\affiliate\\vendor\\laravel\\framework\\src\\Illuminate\\Pipeline\\Pipeline.php(128): Illuminate\\Foundation\\Http\\Kernel->Illuminate\\Foundation\\Http\\{closure}(Object(Illuminate\\Http\\Request))
#35 C:\\SXampp\\htdocs\\Jacwan\\affiliate\\vendor\\laravel\\framework\\src\\Illuminate\\Foundation\\Http\\Middleware\\TransformsRequest.php(21): Illuminate\\Pipeline\\Pipeline->Illuminate\\Pipeline\\{closure}(Object(Illuminate\\Http\\Request))
#36 C:\\SXampp\\htdocs\\Jacwan\\affiliate\\vendor\\laravel\\framework\\src\\Illuminate\\Pipeline\\Pipeline.php(167): Illuminate\\Foundation\\Http\\Middleware\\TransformsRequest->handle(Object(Illuminate\\Http\\Request), Object(Closure))
#37 C:\\SXampp\\htdocs\\Jacwan\\affiliate\\vendor\\laravel\\framework\\src\\Illuminate\\Foundation\\Http\\Middleware\\TransformsRequest.php(21): Illuminate\\Pipeline\\Pipeline->Illuminate\\Pipeline\\{closure}(Object(Illuminate\\Http\\Request))
#38 C:\\SXampp\\htdocs\\Jacwan\\affiliate\\vendor\\laravel\\framework\\src\\Illuminate\\Pipeline\\Pipeline.php(167): Illuminate\\Foundation\\Http\\Middleware\\TransformsRequest->handle(Object(Illuminate\\Http\\Request), Object(Closure))
#39 C:\\SXampp\\htdocs\\Jacwan\\affiliate\\vendor\\laravel\\framework\\src\\Illuminate\\Foundation\\Http\\Middleware\\ValidatePostSize.php(27): Illuminate\\Pipeline\\Pipeline->Illuminate\\Pipeline\\{closure}(Object(Illuminate\\Http\\Request))
#40 C:\\SXampp\\htdocs\\Jacwan\\affiliate\\vendor\\laravel\\framework\\src\\Illuminate\\Pipeline\\Pipeline.php(167): Illuminate\\Foundation\\Http\\Middleware\\ValidatePostSize->handle(Object(Illuminate\\Http\\Request), Object(Closure))
#41 C:\\SXampp\\htdocs\\Jacwan\\affiliate\\vendor\\laravel\\framework\\src\\Illuminate\\Foundation\\Http\\Middleware\\CheckForMaintenanceMode.php(63): Illuminate\\Pipeline\\Pipeline->Illuminate\\Pipeline\\{closure}(Object(Illuminate\\Http\\Request))
#42 C:\\SXampp\\htdocs\\Jacwan\\affiliate\\vendor\\laravel\\framework\\src\\Illuminate\\Pipeline\\Pipeline.php(167): Illuminate\\Foundation\\Http\\Middleware\\CheckForMaintenanceMode->handle(Object(Illuminate\\Http\\Request), Object(Closure))
#43 C:\\SXampp\\htdocs\\Jacwan\\affiliate\\vendor\\fruitcake\\laravel-cors\\src\\HandleCors.php(37): Illuminate\\Pipeline\\Pipeline->Illuminate\\Pipeline\\{closure}(Object(Illuminate\\Http\\Request))
#44 C:\\SXampp\\htdocs\\Jacwan\\affiliate\\vendor\\laravel\\framework\\src\\Illuminate\\Pipeline\\Pipeline.php(167): Fruitcake\\Cors\\HandleCors->handle(Object(Illuminate\\Http\\Request), Object(Closure))
#45 C:\\SXampp\\htdocs\\Jacwan\\affiliate\\vendor\\fideloper\\proxy\\src\\TrustProxies.php(57): Illuminate\\Pipeline\\Pipeline->Illuminate\\Pipeline\\{closure}(Object(Illuminate\\Http\\Request))
#46 C:\\SXampp\\htdocs\\Jacwan\\affiliate\\vendor\\laravel\\framework\\src\\Illuminate\\Pipeline\\Pipeline.php(167): Fideloper\\Proxy\\TrustProxies->handle(Object(Illuminate\\Http\\Request), Object(Closure))
#47 C:\\SXampp\\htdocs\\Jacwan\\affiliate\\vendor\\laravel\\framework\\src\\Illuminate\\Pipeline\\Pipeline.php(103): Illuminate\\Pipeline\\Pipeline->Illuminate\\Pipeline\\{closure}(Object(Illuminate\\Http\\Request))
#48 C:\\SXampp\\htdocs\\Jacwan\\affiliate\\vendor\\laravel\\framework\\src\\Illuminate\\Foundation\\Http\\Kernel.php(140): Illuminate\\Pipeline\\Pipeline->then(Object(Closure))
#49 C:\\SXampp\\htdocs\\Jacwan\\affiliate\\vendor\\laravel\\framework\\src\\Illuminate\\Foundation\\Http\\Kernel.php(109): Illuminate\\Foundation\\Http\\Kernel->sendRequestThroughRouter(Object(Illuminate\\Http\\Request))
#50 C:\\SXampp\\htdocs\\Jacwan\\affiliate\\index.php(55): Illuminate\\Foundation\\Http\\Kernel->handle(Object(Illuminate\\Http\\Request))
#51 {main}
"} 
[2022-06-17 17:50:50] local.ERROR: Trying to get property 'offer' of non-object (View: C:\SXampp\htdocs\Jacwan\affiliate\resources\views\admin\setting\bonusOffer.blade.php) {"exception":"[object] (Facade\\Ignition\\Exceptions\\ViewException(code: 0): Trying to get property 'offer' of non-object (View: C:\\SXampp\\htdocs\\Jacwan\\affiliate\esources\\views\\admin\\setting\\bonusOffer.blade.php) at C:\\SXampp\\htdocs\\Jacwan\\affiliate\esources\\views/admin/setting/bonusOffer.blade.php:21)
[stacktrace]
#0 C:\\SXampp\\htdocs\\Jacwan\\affiliate\esources\\views/admin/setting/bonusOffer.blade.php(21): Illuminate\\Foundation\\Bootstrap\\HandleExceptions->handleError(8, 'Trying to get p...', 'C:\\\\SXampp\\\\htdoc...', 21, Array)
#1 C:\\SXampp\\htdocs\\Jacwan\\affiliate\\vendor\\laravel\\framework\\src\\Illuminate\\View\\Engines\\PhpEngine.php(41): include('C:\\\\SXampp\\\\htdoc...')
#2 C:\\SXampp\\htdocs\\Jacwan\\affiliate\\vendor\\laravel\\framework\\src\\Illuminate\\View\\Engines\\CompilerEngine.php(57): Illuminate\\View\\Engines\\PhpEngine->evaluatePath('C:\\\\SXampp\\\\htdoc...', Array)
#3 C:\\SXampp\\htdocs\\Jacwan\\affiliate\\vendor\\facade\\ignition\\src\\Views\\Engines\\CompilerEngine.php(37): Illuminate\\View\\Engines\\CompilerEngine->get('C:\\\\SXampp\\\\htdoc...', Array)
#4 C:\\SXampp\\htdocs\\Jacwan\\affiliate\\vendor\\laravel\\framework\\src\\Illuminate\\View\\View.php(139): Facade\\Ignition\\Views\\Engines\\CompilerEngine->get('C:\\\\SXampp\\\\htdoc...', Array)
#5 C:\\SXampp\\htdocs\\Jacwan\\affiliate\\vendor\\laravel\\framework\\src\\Illuminate\\View\\View.php(122): Illuminate\\View\\View->getContents()
#6 C:\\SXampp\\htdocs\\Jacwan\\affiliate\\vendor\\laravel\\framework\\src\\Illuminate\\View\\View.php(91): Illuminate\\View\\View->renderContents()
#7 C:\\SXampp\\htdocs\\Jacwan\\affiliate\\vendor\\laravel\\framework\\src\\Illuminate\\Http\\Response.php(62): Illuminate\\View\\View->render()
#8 C:\\SXampp\\htdocs\\Jacwan\\affiliate\\vendor\\laravel\\framework\\src\\Illuminate\\Http\\Response.php(34): Illuminate\\Http\\Response->setContent(Object(Illuminate\\View\\View))
#9 C:\\SXampp\\htdocs\\Jacwan\\affiliate\\vendor\\laravel\\framework\\src\\Illuminate\\Routing\\Router.php(759): Illuminate\\Http\\Response->__construct(Object(Illuminate\\View\\View), 200, Array)
#10 C:\\SXampp\\htdocs\\Jacwan\\affiliate\\vendor\\laravel\\framework\\src\\Illuminate\\Routing\\Router.php(731): Illuminate\\Routing\\Router::toResponse(Object(Illuminate\\Http\\Request), Object(Illuminate\\View\\View))
#11 C:\\SXampp\\htdocs\\Jacwan\\affiliate\\vendor\\laravel\\framework\\src\\Illuminate\\Routing\\Router.php(685): Illuminate\\Routing\\Router->prepareResponse(Object(Illuminate\\Http\\Request), Object(Illuminate\\View\\View))
#12 C:\\SXampp\\htdocs\\Jacwan\\affiliate\\vendor\\laravel\\framework\\src\\Illuminate\\Pipeline\\Pipeline.php(128): Illuminate\\Routing\\Router->Illuminate\\Routing\\{closure}(Object(Illuminate\\Http\\Request))
#13 C:\\SXampp\\htdocs\\Jacwan\\affiliate\\app\\Http\\Middleware\\AdminMiddleware.php(25): Illuminate\\Pipeline\\Pipeline->Illuminate\\Pipeline\\{closure}(Object(Illuminate\\Http\\Request))
#14 C:\\SXampp\\htdocs\\Jacwan\\affiliate\\vendor\\laravel\\framework\\src\\Illuminate\\Pipeline\\Pipeline.php(167): App\\Http\\Middleware\\AdminMiddleware->handle(Object(Illuminate\\Http\\Request), Object(Closure))
#15 C:\\SXampp\\htdocs\\Jacwan\\affiliate\\vendor\\laravel\\framework\\src\\Illuminate\\Routing\\Middleware\\SubstituteBindings.php(41): Illuminate\\Pipeline\\Pipeline->Illuminate\\Pipeline\\{closure}(Object(Illuminate\\Http\\Request))
#16 C:\\SXampp\\htdocs\\Jacwan\\affiliate\\vendor\\laravel\\framework\\src\\Illuminate\\Pipeline\\Pipeline.php(167): Illuminate\\Routing\\Middleware\\SubstituteBindings->handle(Object(Illuminate\\Http\\Request), Object(Closure))
#17 C:\\SXampp\\htdocs\\Jacwan\\affiliate\\vendor\\laravel\\framework\\src\\Illuminate\\Foundation\\Http\\Middleware\\VerifyCsrfToken.php(78): Illuminate\\Pipeline\\Pipeline->Illuminate\\Pipeline\\{closure}(Object(Illuminate\\Http\\Request))
#18 C:\\SXampp\\htdocs\\Jacwan\\affiliate\\vendor\\laravel\\framework\\src\\Illuminate\\Pipeline\\Pipeline.php(167): Illuminate\\Foundation\\Http\\Middleware\\VerifyCsrfToken->handle(Object(Illuminate\\Http\\Request), Object(Closure))
#19 C:\\SXampp\\htdocs\\Jacwan\\affiliate\\vendor\\laravel\\framework\\src\\Illuminate\\View\\Middleware\\ShareErrorsFromSession.php(49): Illuminate\\Pipeline\\Pipeline->Illuminate\\Pipeline\\{closure}(Object(Illuminate\\Http\\Request))
#20 C:\\SXampp\\htdocs\\Jacwan\\affiliate\\vendor\\laravel\\framework\\src\\Illuminate\\Pipeline\\Pipeline.php(167): Illuminate\\View\\Middleware\\ShareErrorsFromSession->handle(Object(Illuminate\\Http\\Request), Object(Closure))
#21 C:\\SXampp\\htdocs\\Jacwan\\affiliate\\vendor\\laravel\\framework\\src\\Illuminate\\Session\\Middleware\\StartSession.php(116): Illuminate\\Pipeline\\Pipeline->Illuminate\\Pipeline\\{closure}(Object(Illuminate\\Http\\Request))
#22 C:\\SXampp\\htdocs\\Jacwan\\affiliate\\vendor\\laravel\\framework\\src\\Illuminate\\Session\\Middleware\\StartSession.php(62): Illuminate\\Session\\Middleware\\StartSession->handleStatefulRequest(Object(Illuminate\\Http\\Request), Object(Illuminate\\Session\\Store), Object(Closure))
#23 C:\\SXampp\\htdocs\\Jacwan\\affiliate\\vendor\\laravel\\framework\\src\\Illuminate\\Pipeline\\Pipeline.php(167): Illuminate\\Session\\Middleware\\StartSession->handle(Object(Illuminate\\Http\\Request), Object(Closure))
#24 C:\\SXampp\\htdocs\\Jacwan\\affiliate\\vendor\\laravel\\framework\\src\\Illuminate\\Cookie\\Middleware\\AddQueuedCookiesToResponse.php(37): Illuminate\\Pipeline\\Pipeline->Illuminate\\Pipeline\\{closure}(Object(Illuminate\\Http\\Request))
#25 C:\\SXampp\\htdocs\\Jacwan\\affiliate\\vendor\\laravel\\framework\\src\\Illuminate\\Pipeline\\Pipeline.php(167): Illuminate\\Cookie\\Middleware\\AddQueuedCookiesToResponse->handle(Object(Illuminate\\Http\\Request), Object(Closure))
#26 C:\\SXampp\\htdocs\\Jacwan\\affiliate\\vendor\\laravel\\framework\\src\\Illuminate\\Cookie\\Middleware\\EncryptCookies.php(67): Illuminate\\Pipeline\\Pipeline->Illuminate\\Pipeline\\{closure}(Object(Illuminate\\Http\\Request))
#27 C:\\SXampp\\htdocs\\Jacwan\\affiliate\\vendor\\laravel\\framework\\src\\Illuminate\\Pipeline\\Pipeline.php(167): Illuminate\\Cookie\\Middleware\\EncryptCookies->handle(Object(Illuminate\\Http\\Request), Object(Closure))
#28 C:\\SXampp\\htdocs\\Jacwan\\affiliate\\vendor\\laravel\\framework\\src\\Illuminate\\Pipeline\\Pipeline.php(103): Illuminate\\Pipeline\\Pipeline->Illuminate\\Pipeline\\{closure}(Object(Illuminate\\Http\\Request))
#29 C:\\SXampp\\htdocs\\Jacwan\\affiliate\\vendor\\laravel\\framework\\src\\Illuminate\\Routing\\Router.php(687): Illuminate\\Pipeline\\Pipeline->then(Object(Closure))
#30 C:\\SXampp\\htdocs\\Jacwan\\affiliate\\vendor\\laravel\\framework\\src\\Illuminate\\Routing\\Router.php(662): Illuminate\\Routing\\Router->runRouteWithinStack(Object(Illuminate\\Routing\\Route), Object(Illuminate\\Http\\Request))
#31 C:\\SXampp\\htdocs\\Jacwan\\affiliate\\vendor\\laravel\\framework\\src\\Illuminate\\Routing\\Router.php(628): Illuminate\\Routing\\Router->runRoute(Object(Illuminate\\Http\\Request), Object(Illuminate\\Routing\\Route))
#32 C:\\SXampp\\htdocs\\Jacwan\\affiliate\\vendor\\laravel\\framework\\src\\Illuminate\\Routing\\Router.php(617): Illuminate\\Routing\\Router->dispatchToRoute(Object(Illuminate\\Http\\Request))
#33 C:\\SXampp\\htdocs\\Jacwan\\affiliate\\vendor\\laravel\\framework\\src\\Illuminate\\Foundation\\Http\\Kernel.php(165): Illuminate\\Routing\\Router->dispatch(Object(Illuminate\\Http\\Request))
#34 C:\\SXampp\\htdocs\\Jacwan\\affiliate\\vendor\\laravel\\framework\\src\\Illuminate\\Pipeline\\Pipeline.php(128): Illuminate\\Foundation\\Http\\Kernel->Illuminate\\Foundation\\Http\\{closure}(Object(Illuminate\\Http\\Request))
#35 C:\\SXampp\\htdocs\\Jacwan\\affiliate\\vendor\\laravel\\framework\\src\\Illuminate\\Foundation\\Http\\Middleware\\TransformsRequest.php(21): Illuminate\\Pipeline\\Pipeline->Illuminate\\Pipeline\\{closure}(Object(Illuminate\\Http\\Request))
#36 C:\\SXampp\\htdocs\\Jacwan\\affiliate\\vendor\\laravel\\framework\\src\\Illuminate\\Pipeline\\Pipeline.php(167): Illuminate\\Foundation\\Http\\Middleware\\TransformsRequest->handle(Object(Illuminate\\Http\\Request), Object(Closure))
#37 C:\\SXampp\\htdocs\\Jacwan\\affiliate\\vendor\\laravel\\framework\\src\\Illuminate\\Foundation\\Http\\Middleware\\TransformsRequest.php(21): Illuminate\\Pipeline\\Pipeline->Illuminate\\Pipeline\\{closure}(Object(Illuminate\\Http\\Request))
#38 C:\\SXampp\\htdocs\\Jacwan\\affiliate\\vendor\\laravel\\framework\\src\\Illuminate\\Pipeline\\Pipeline.php(167): Illuminate\\Foundation\\Http\\Middleware\\TransformsRequest->handle(Object(Illuminate\\Http\\Request), Object(Closure))
#39 C:\\SXampp\\htdocs\\Jacwan\\affiliate\\vendor\\laravel\\framework\\src\\Illuminate\\Foundation\\Http\\Middleware\\ValidatePostSize.php(27): Illuminate\\Pipeline\\Pipeline->Illuminate\\Pipeline\\{closure}(Object(Illuminate\\Http\\Request))
#40 C:\\SXampp\\htdocs\\Jacwan\\affiliate\\vendor\\laravel\\framework\\src\\Illuminate\\Pipeline\\Pipeline.php(167): Illuminate\\Foundation\\Http\\Middleware\\ValidatePostSize->handle(Object(Illuminate\\Http\\Request), Object(Closure))
#41 C:\\SXampp\\htdocs\\Jacwan\\affiliate\\vendor\\laravel\\framework\\src\\Illuminate\\Foundation\\Http\\Middleware\\CheckForMaintenanceMode.php(63): Illuminate\\Pipeline\\Pipeline->Illuminate\\Pipeline\\{closure}(Object(Illuminate\\Http\\Request))
#42 C:\\SXampp\\htdocs\\Jacwan\\affiliate\\vendor\\laravel\\framework\\src\\Illuminate\\Pipeline\\Pipeline.php(167): Illuminate\\Foundation\\Http\\Middleware\\CheckForMaintenanceMode->handle(Object(Illuminate\\Http\\Request), Object(Closure))
#43 C:\\SXampp\\htdocs\\Jacwan\\affiliate\\vendor\\fruitcake\\laravel-cors\\src\\HandleCors.php(37): Illuminate\\Pipeline\\Pipeline->Illuminate\\Pipeline\\{closure}(Object(Illuminate\\Http\\Request))
#44 C:\\SXampp\\htdocs\\Jacwan\\affiliate\\vendor\\laravel\\framework\\src\\Illuminate\\Pipeline\\Pipeline.php(167): Fruitcake\\Cors\\HandleCors->handle(Object(Illuminate\\Http\\Request), Object(Closure))
#45 C:\\SXampp\\htdocs\\Jacwan\\affiliate\\vendor\\fideloper\\proxy\\src\\TrustProxies.php(57): Illuminate\\Pipeline\\Pipeline->Illuminate\\Pipeline\\{closure}(Object(Illuminate\\Http\\Request))
#46 C:\\SXampp\\htdocs\\Jacwan\\affiliate\\vendor\\laravel\\framework\\src\\Illuminate\\Pipeline\\Pipeline.php(167): Fideloper\\Proxy\\TrustProxies->handle(Object(Illuminate\\Http\\Request), Object(Closure))
#47 C:\\SXampp\\htdocs\\Jacwan\\affiliate\\vendor\\laravel\\framework\\src\\Illuminate\\Pipeline\\Pipeline.php(103): Illuminate\\Pipeline\\Pipeline->Illuminate\\Pipeline\\{closure}(Object(Illuminate\\Http\\Request))
#48 C:\\SXampp\\htdocs\\Jacwan\\affiliate\\vendor\\laravel\\framework\\src\\Illuminate\\Foundation\\Http\\Kernel.php(140): Illuminate\\Pipeline\\Pipeline->then(Object(Closure))
#49 C:\\SXampp\\htdocs\\Jacwan\\affiliate\\vendor\\laravel\\framework\\src\\Illuminate\\Foundation\\Http\\Kernel.php(109): Illuminate\\Foundation\\Http\\Kernel->sendRequestThroughRouter(Object(Illuminate\\Http\\Request))
#50 C:\\SXampp\\htdocs\\Jacwan\\affiliate\\index.php(55): Illuminate\\Foundation\\Http\\Kernel->handle(Object(Illuminate\\Http\\Request))
#51 {main}

[previous exception] [object] (ErrorException(code: 0): Trying to get property 'offer' of non-object at C:\\SXampp\\htdocs\\Jacwan\\affiliate\\storage\\framework\\views\\2bfdd56e9c570f92a8cd86b9739b4767aefb1afb.php:21)
[stacktrace]
#0 C:\\SXampp\\htdocs\\Jacwan\\affiliate\\storage\\framework\\views\\2bfdd56e9c570f92a8cd86b9739b4767aefb1afb.php(21): Illuminate\\Foundation\\Bootstrap\\HandleExceptions->handleError(8, 'Trying to get p...', 'C:\\\\SXampp\\\\htdoc...', 21, Array)
#1 C:\\SXampp\\htdocs\\Jacwan\\affiliate\\vendor\\laravel\\framework\\src\\Illuminate\\View\\Engines\\PhpEngine.php(41): include('C:\\\\SXampp\\\\htdoc...')
#2 C:\\SXampp\\htdocs\\Jacwan\\affiliate\\vendor\\laravel\\framework\\src\\Illuminate\\View\\Engines\\CompilerEngine.php(57): Illuminate\\View\\Engines\\PhpEngine->evaluatePath('C:\\\\SXampp\\\\htdoc...', Array)
#3 C:\\SXampp\\htdocs\\Jacwan\\affiliate\\vendor\\facade\\ignition\\src\\Views\\Engines\\CompilerEngine.php(37): Illuminate\\View\\Engines\\CompilerEngine->get('C:\\\\SXampp\\\\htdoc...', Array)
#4 C:\\SXampp\\htdocs\\Jacwan\\affiliate\\vendor\\laravel\\framework\\src\\Illuminate\\View\\View.php(139): Facade\\Ignition\\Views\\Engines\\CompilerEngine->get('C:\\\\SXampp\\\\htdoc...', Array)
#5 C:\\SXampp\\htdocs\\Jacwan\\affiliate\\vendor\\laravel\\framework\\src\\Illuminate\\View\\View.php(122): Illuminate\\View\\View->getContents()
#6 C:\\SXampp\\htdocs\\Jacwan\\affiliate\\vendor\\laravel\\framework\\src\\Illuminate\\View\\View.php(91): Illuminate\\View\\View->renderContents()
#7 C:\\SXampp\\htdocs\\Jacwan\\affiliate\\vendor\\laravel\\framework\\src\\Illuminate\\Http\\Response.php(62): Illuminate\\View\\View->render()
#8 C:\\SXampp\\htdocs\\Jacwan\\affiliate\\vendor\\laravel\\framework\\src\\Illuminate\\Http\\Response.php(34): Illuminate\\Http\\Response->setContent(Object(Illuminate\\View\\View))
#9 C:\\SXampp\\htdocs\\Jacwan\\affiliate\\vendor\\laravel\\framework\\src\\Illuminate\\Routing\\Router.php(759): Illuminate\\Http\\Response->__construct(Object(Illuminate\\View\\View), 200, Array)
#10 C:\\SXampp\\htdocs\\Jacwan\\affiliate\\vendor\\laravel\\framework\\src\\Illuminate\\Routing\\Router.php(731): Illuminate\\Routing\\Router::toResponse(Object(Illuminate\\Http\\Request), Object(Illuminate\\View\\View))
#11 C:\\SXampp\\htdocs\\Jacwan\\affiliate\\vendor\\laravel\\framework\\src\\Illuminate\\Routing\\Router.php(685): Illuminate\\Routing\\Router->prepareResponse(Object(Illuminate\\Http\\Request), Object(Illuminate\\View\\View))
#12 C:\\SXampp\\htdocs\\Jacwan\\affiliate\\vendor\\laravel\\framework\\src\\Illuminate\\Pipeline\\Pipeline.php(128): Illuminate\\Routing\\Router->Illuminate\\Routing\\{closure}(Object(Illuminate\\Http\\Request))
#13 C:\\SXampp\\htdocs\\Jacwan\\affiliate\\app\\Http\\Middleware\\AdminMiddleware.php(25): Illuminate\\Pipeline\\Pipeline->Illuminate\\Pipeline\\{closure}(Object(Illuminate\\Http\\Request))
#14 C:\\SXampp\\htdocs\\Jacwan\\affiliate\\vendor\\laravel\\framework\\src\\Illuminate\\Pipeline\\Pipeline.php(167): App\\Http\\Middleware\\AdminMiddleware->handle(Object(Illuminate\\Http\\Request), Object(Closure))
#15 C:\\SXampp\\htdocs\\Jacwan\\affiliate\\vendor\\laravel\\framework\\src\\Illuminate\\Routing\\Middleware\\SubstituteBindings.php(41): Illuminate\\Pipeline\\Pipeline->Illuminate\\Pipeline\\{closure}(Object(Illuminate\\Http\\Request))
#16 C:\\SXampp\\htdocs\\Jacwan\\affiliate\\vendor\\laravel\\framework\\src\\Illuminate\\Pipeline\\Pipeline.php(167): Illuminate\\Routing\\Middleware\\SubstituteBindings->handle(Object(Illuminate\\Http\\Request), Object(Closure))
#17 C:\\SXampp\\htdocs\\Jacwan\\affiliate\\vendor\\laravel\\framework\\src\\Illuminate\\Foundation\\Http\\Middleware\\VerifyCsrfToken.php(78): Illuminate\\Pipeline\\Pipeline->Illuminate\\Pipeline\\{closure}(Object(Illuminate\\Http\\Request))
#18 C:\\SXampp\\htdocs\\Jacwan\\affiliate\\vendor\\laravel\\framework\\src\\Illuminate\\Pipeline\\Pipeline.php(167): Illuminate\\Foundation\\Http\\Middleware\\VerifyCsrfToken->handle(Object(Illuminate\\Http\\Request), Object(Closure))
#19 C:\\SXampp\\htdocs\\Jacwan\\affiliate\\vendor\\laravel\\framework\\src\\Illuminate\\View\\Middleware\\ShareErrorsFromSession.php(49): Illuminate\\Pipeline\\Pipeline->Illuminate\\Pipeline\\{closure}(Object(Illuminate\\Http\\Request))
#20 C:\\SXampp\\htdocs\\Jacwan\\affiliate\\vendor\\laravel\\framework\\src\\Illuminate\\Pipeline\\Pipeline.php(167): Illuminate\\View\\Middleware\\ShareErrorsFromSession->handle(Object(Illuminate\\Http\\Request), Object(Closure))
#21 C:\\SXampp\\htdocs\\Jacwan\\affiliate\\vendor\\laravel\\framework\\src\\Illuminate\\Session\\Middleware\\StartSession.php(116): Illuminate\\Pipeline\\Pipeline->Illuminate\\Pipeline\\{closure}(Object(Illuminate\\Http\\Request))
#22 C:\\SXampp\\htdocs\\Jacwan\\affiliate\\vendor\\laravel\\framework\\src\\Illuminate\\Session\\Middleware\\StartSession.php(62): Illuminate\\Session\\Middleware\\StartSession->handleStatefulRequest(Object(Illuminate\\Http\\Request), Object(Illuminate\\Session\\Store), Object(Closure))
#23 C:\\SXampp\\htdocs\\Jacwan\\affiliate\\vendor\\laravel\\framework\\src\\Illuminate\\Pipeline\\Pipeline.php(167): Illuminate\\Session\\Middleware\\StartSession->handle(Object(Illuminate\\Http\\Request), Object(Closure))
#24 C:\\SXampp\\htdocs\\Jacwan\\affiliate\\vendor\\laravel\\framework\\src\\Illuminate\\Cookie\\Middleware\\AddQueuedCookiesToResponse.php(37): Illuminate\\Pipeline\\Pipeline->Illuminate\\Pipeline\\{closure}(Object(Illuminate\\Http\\Request))
#25 C:\\SXampp\\htdocs\\Jacwan\\affiliate\\vendor\\laravel\\framework\\src\\Illuminate\\Pipeline\\Pipeline.php(167): Illuminate\\Cookie\\Middleware\\AddQueuedCookiesToResponse->handle(Object(Illuminate\\Http\\Request), Object(Closure))
#26 C:\\SXampp\\htdocs\\Jacwan\\affiliate\\vendor\\laravel\\framework\\src\\Illuminate\\Cookie\\Middleware\\EncryptCookies.php(67): Illuminate\\Pipeline\\Pipeline->Illuminate\\Pipeline\\{closure}(Object(Illuminate\\Http\\Request))
#27 C:\\SXampp\\htdocs\\Jacwan\\affiliate\\vendor\\laravel\\framework\\src\\Illuminate\\Pipeline\\Pipeline.php(167): Illuminate\\Cookie\\Middleware\\EncryptCookies->handle(Object(Illuminate\\Http\\Request), Object(Closure))
#28 C:\\SXampp\\htdocs\\Jacwan\\affiliate\\vendor\\laravel\\framework\\src\\Illuminate\\Pipeline\\Pipeline.php(103): Illuminate\\Pipeline\\Pipeline->Illuminate\\Pipeline\\{closure}(Object(Illuminate\\Http\\Request))
#29 C:\\SXampp\\htdocs\\Jacwan\\affiliate\\vendor\\laravel\\framework\\src\\Illuminate\\Routing\\Router.php(687): Illuminate\\Pipeline\\Pipeline->then(Object(Closure))
#30 C:\\SXampp\\htdocs\\Jacwan\\affiliate\\vendor\\laravel\\framework\\src\\Illuminate\\Routing\\Router.php(662): Illuminate\\Routing\\Router->runRouteWithinStack(Object(Illuminate\\Routing\\Route), Object(Illuminate\\Http\\Request))
#31 C:\\SXampp\\htdocs\\Jacwan\\affiliate\\vendor\\laravel\\framework\\src\\Illuminate\\Routing\\Router.php(628): Illuminate\\Routing\\Router->runRoute(Object(Illuminate\\Http\\Request), Object(Illuminate\\Routing\\Route))
#32 C:\\SXampp\\htdocs\\Jacwan\\affiliate\\vendor\\laravel\\framework\\src\\Illuminate\\Routing\\Router.php(617): Illuminate\\Routing\\Router->dispatchToRoute(Object(Illuminate\\Http\\Request))
#33 C:\\SXampp\\htdocs\\Jacwan\\affiliate\\vendor\\laravel\\framework\\src\\Illuminate\\Foundation\\Http\\Kernel.php(165): Illuminate\\Routing\\Router->dispatch(Object(Illuminate\\Http\\Request))
#34 C:\\SXampp\\htdocs\\Jacwan\\affiliate\\vendor\\laravel\\framework\\src\\Illuminate\\Pipeline\\Pipeline.php(128): Illuminate\\Foundation\\Http\\Kernel->Illuminate\\Foundation\\Http\\{closure}(Object(Illuminate\\Http\\Request))
#35 C:\\SXampp\\htdocs\\Jacwan\\affiliate\\vendor\\laravel\\framework\\src\\Illuminate\\Foundation\\Http\\Middleware\\TransformsRequest.php(21): Illuminate\\Pipeline\\Pipeline->Illuminate\\Pipeline\\{closure}(Object(Illuminate\\Http\\Request))
#36 C:\\SXampp\\htdocs\\Jacwan\\affiliate\\vendor\\laravel\\framework\\src\\Illuminate\\Pipeline\\Pipeline.php(167): Illuminate\\Foundation\\Http\\Middleware\\TransformsRequest->handle(Object(Illuminate\\Http\\Request), Object(Closure))
#37 C:\\SXampp\\htdocs\\Jacwan\\affiliate\\vendor\\laravel\\framework\\src\\Illuminate\\Foundation\\Http\\Middleware\\TransformsRequest.php(21): Illuminate\\Pipeline\\Pipeline->Illuminate\\Pipeline\\{closure}(Object(Illuminate\\Http\\Request))
#38 C:\\SXampp\\htdocs\\Jacwan\\affiliate\\vendor\\laravel\\framework\\src\\Illuminate\\Pipeline\\Pipeline.php(167): Illuminate\\Foundation\\Http\\Middleware\\TransformsRequest->handle(Object(Illuminate\\Http\\Request), Object(Closure))
#39 C:\\SXampp\\htdocs\\Jacwan\\affiliate\\vendor\\laravel\\framework\\src\\Illuminate\\Foundation\\Http\\Middleware\\ValidatePostSize.php(27): Illuminate\\Pipeline\\Pipeline->Illuminate\\Pipeline\\{closure}(Object(Illuminate\\Http\\Request))
#40 C:\\SXampp\\htdocs\\Jacwan\\affiliate\\vendor\\laravel\\framework\\src\\Illuminate\\Pipeline\\Pipeline.php(167): Illuminate\\Foundation\\Http\\Middleware\\ValidatePostSize->handle(Object(Illuminate\\Http\\Request), Object(Closure))
#41 C:\\SXampp\\htdocs\\Jacwan\\affiliate\\vendor\\laravel\\framework\\src\\Illuminate\\Foundation\\Http\\Middleware\\CheckForMaintenanceMode.php(63): Illuminate\\Pipeline\\Pipeline->Illuminate\\Pipeline\\{closure}(Object(Illuminate\\Http\\Request))
#42 C:\\SXampp\\htdocs\\Jacwan\\affiliate\\vendor\\laravel\\framework\\src\\Illuminate\\Pipeline\\Pipeline.php(167): Illuminate\\Foundation\\Http\\Middleware\\CheckForMaintenanceMode->handle(Object(Illuminate\\Http\\Request), Object(Closure))
#43 C:\\SXampp\\htdocs\\Jacwan\\affiliate\\vendor\\fruitcake\\laravel-cors\\src\\HandleCors.php(37): Illuminate\\Pipeline\\Pipeline->Illuminate\\Pipeline\\{closure}(Object(Illuminate\\Http\\Request))
#44 C:\\SXampp\\htdocs\\Jacwan\\affiliate\\vendor\\laravel\\framework\\src\\Illuminate\\Pipeline\\Pipeline.php(167): Fruitcake\\Cors\\HandleCors->handle(Object(Illuminate\\Http\\Request), Object(Closure))
#45 C:\\SXampp\\htdocs\\Jacwan\\affiliate\\vendor\\fideloper\\proxy\\src\\TrustProxies.php(57): Illuminate\\Pipeline\\Pipeline->Illuminate\\Pipeline\\{closure}(Object(Illuminate\\Http\\Request))
#46 C:\\SXampp\\htdocs\\Jacwan\\affiliate\\vendor\\laravel\\framework\\src\\Illuminate\\Pipeline\\Pipeline.php(167): Fideloper\\Proxy\\TrustProxies->handle(Object(Illuminate\\Http\\Request), Object(Closure))
#47 C:\\SXampp\\htdocs\\Jacwan\\affiliate\\vendor\\laravel\\framework\\src\\Illuminate\\Pipeline\\Pipeline.php(103): Illuminate\\Pipeline\\Pipeline->Illuminate\\Pipeline\\{closure}(Object(Illuminate\\Http\\Request))
#48 C:\\SXampp\\htdocs\\Jacwan\\affiliate\\vendor\\laravel\\framework\\src\\Illuminate\\Foundation\\Http\\Kernel.php(140): Illuminate\\Pipeline\\Pipeline->then(Object(Closure))
#49 C:\\SXampp\\htdocs\\Jacwan\\affiliate\\vendor\\laravel\\framework\\src\\Illuminate\\Foundation\\Http\\Kernel.php(109): Illuminate\\Foundation\\Http\\Kernel->sendRequestThroughRouter(Object(Illuminate\\Http\\Request))
#50 C:\\SXampp\\htdocs\\Jacwan\\affiliate\\index.php(55): Illuminate\\Foundation\\Http\\Kernel->handle(Object(Illuminate\\Http\\Request))
#51 {main}
"} 
[2022-06-25 16:48:12] local.ERROR: Class 'App\Http\Controllers\admin\File' not found {"exception":"[object] (Error(code: 0): Class 'App\\Http\\Controllers\\admin\\File' not found at C:\\SXampp\\htdocs\\Jacwan\\affiliate\\app\\Http\\Controllers\\admin\\AffiliteController.php:453)
[stacktrace]
#0 C:\\SXampp\\htdocs\\Jacwan\\affiliate\\vendor\\laravel\\framework\\src\\Illuminate\\Routing\\Controller.php(54): App\\Http\\Controllers\\admin\\AffiliteController->profile_store(Object(Illuminate\\Http\\Request))
#1 C:\\SXampp\\htdocs\\Jacwan\\affiliate\\vendor\\laravel\\framework\\src\\Illuminate\\Routing\\ControllerDispatcher.php(45): Illuminate\\Routing\\Controller->callAction('profile_store', Array)
#2 C:\\SXampp\\htdocs\\Jacwan\\affiliate\\vendor\\laravel\\framework\\src\\Illuminate\\Routing\\Route.php(239): Illuminate\\Routing\\ControllerDispatcher->dispatch(Object(Illuminate\\Routing\\Route), Object(App\\Http\\Controllers\\admin\\AffiliteController), 'profile_store')
#3 C:\\SXampp\\htdocs\\Jacwan\\affiliate\\vendor\\laravel\\framework\\src\\Illuminate\\Routing\\Route.php(196): Illuminate\\Routing\\Route->runController()
#4 C:\\SXampp\\htdocs\\Jacwan\\affiliate\\vendor\\laravel\\framework\\src\\Illuminate\\Routing\\Router.php(685): Illuminate\\Routing\\Route->run()
#5 C:\\SXampp\\htdocs\\Jacwan\\affiliate\\vendor\\laravel\\framework\\src\\Illuminate\\Pipeline\\Pipeline.php(128): Illuminate\\Routing\\Router->Illuminate\\Routing\\{closure}(Object(Illuminate\\Http\\Request))
#6 C:\\SXampp\\htdocs\\Jacwan\\affiliate\\app\\Http\\Middleware\\AdminMiddleware.php(25): Illuminate\\Pipeline\\Pipeline->Illuminate\\Pipeline\\{closure}(Object(Illuminate\\Http\\Request))
#7 C:\\SXampp\\htdocs\\Jacwan\\affiliate\\vendor\\laravel\\framework\\src\\Illuminate\\Pipeline\\Pipeline.php(167): App\\Http\\Middleware\\AdminMiddleware->handle(Object(Illuminate\\Http\\Request), Object(Closure))
#8 C:\\SXampp\\htdocs\\Jacwan\\affiliate\\vendor\\laravel\\framework\\src\\Illuminate\\Routing\\Middleware\\SubstituteBindings.php(41): Illuminate\\Pipeline\\Pipeline->Illuminate\\Pipeline\\{closure}(Object(Illuminate\\Http\\Request))
#9 C:\\SXampp\\htdocs\\Jacwan\\affiliate\\vendor\\laravel\\framework\\src\\Illuminate\\Pipeline\\Pipeline.php(167): Illuminate\\Routing\\Middleware\\SubstituteBindings->handle(Object(Illuminate\\Http\\Request), Object(Closure))
#10 C:\\SXampp\\htdocs\\Jacwan\\affiliate\\vendor\\laravel\\framework\\src\\Illuminate\\Foundation\\Http\\Middleware\\VerifyCsrfToken.php(78): Illuminate\\Pipeline\\Pipeline->Illuminate\\Pipeline\\{closure}(Object(Illuminate\\Http\\Request))
#11 C:\\SXampp\\htdocs\\Jacwan\\affiliate\\vendor\\laravel\\framework\\src\\Illuminate\\Pipeline\\Pipeline.php(167): Illuminate\\Foundation\\Http\\Middleware\\VerifyCsrfToken->handle(Object(Illuminate\\Http\\Request), Object(Closure))
#12 C:\\SXampp\\htdocs\\Jacwan\\affiliate\\vendor\\laravel\\framework\\src\\Illuminate\\View\\Middleware\\ShareErrorsFromSession.php(49): Illuminate\\Pipeline\\Pipeline->Illuminate\\Pipeline\\{closure}(Object(Illuminate\\Http\\Request))
#13 C:\\SXampp\\htdocs\\Jacwan\\affiliate\\vendor\\laravel\\framework\\src\\Illuminate\\Pipeline\\Pipeline.php(167): Illuminate\\View\\Middleware\\ShareErrorsFromSession->handle(Object(Illuminate\\Http\\Request), Object(Closure))
#14 C:\\SXampp\\htdocs\\Jacwan\\affiliate\\vendor\\laravel\\framework\\src\\Illuminate\\Session\\Middleware\\StartSession.php(116): Illuminate\\Pipeline\\Pipeline->Illuminate\\Pipeline\\{closure}(Object(Illuminate\\Http\\Request))
#15 C:\\SXampp\\htdocs\\Jacwan\\affiliate\\vendor\\laravel\\framework\\src\\Illuminate\\Session\\Middleware\\StartSession.php(62): Illuminate\\Session\\Middleware\\StartSession->handleStatefulRequest(Object(Illuminate\\Http\\Request), Object(Illuminate\\Session\\Store), Object(Closure))
#16 C:\\SXampp\\htdocs\\Jacwan\\affiliate\\vendor\\laravel\\framework\\src\\Illuminate\\Pipeline\\Pipeline.php(167): Illuminate\\Session\\Middleware\\StartSession->handle(Object(Illuminate\\Http\\Request), Object(Closure))
#17 C:\\SXampp\\htdocs\\Jacwan\\affiliate\\vendor\\laravel\\framework\\src\\Illuminate\\Cookie\\Middleware\\AddQueuedCookiesToResponse.php(37): Illuminate\\Pipeline\\Pipeline->Illuminate\\Pipeline\\{closure}(Object(Illuminate\\Http\\Request))
#18 C:\\SXampp\\htdocs\\Jacwan\\affiliate\\vendor\\laravel\\framework\\src\\Illuminate\\Pipeline\\Pipeline.php(167): Illuminate\\Cookie\\Middleware\\AddQueuedCookiesToResponse->handle(Object(Illuminate\\Http\\Request), Object(Closure))
#19 C:\\SXampp\\htdocs\\Jacwan\\affiliate\\vendor\\laravel\\framework\\src\\Illuminate\\Cookie\\Middleware\\EncryptCookies.php(67): Illuminate\\Pipeline\\Pipeline->Illuminate\\Pipeline\\{closure}(Object(Illuminate\\Http\\Request))
#20 C:\\SXampp\\htdocs\\Jacwan\\affiliate\\vendor\\laravel\\framework\\src\\Illuminate\\Pipeline\\Pipeline.php(167): Illuminate\\Cookie\\Middleware\\EncryptCookies->handle(Object(Illuminate\\Http\\Request), Object(Closure))
#21 C:\\SXampp\\htdocs\\Jacwan\\affiliate\\vendor\\laravel\\framework\\src\\Illuminate\\Pipeline\\Pipeline.php(103): Illuminate\\Pipeline\\Pipeline->Illuminate\\Pipeline\\{closure}(Object(Illuminate\\Http\\Request))
#22 C:\\SXampp\\htdocs\\Jacwan\\affiliate\\vendor\\laravel\\framework\\src\\Illuminate\\Routing\\Router.php(687): Illuminate\\Pipeline\\Pipeline->then(Object(Closure))
#23 C:\\SXampp\\htdocs\\Jacwan\\affiliate\\vendor\\laravel\\framework\\src\\Illuminate\\Routing\\Router.php(662): Illuminate\\Routing\\Router->runRouteWithinStack(Object(Illuminate\\Routing\\Route), Object(Illuminate\\Http\\Request))
#24 C:\\SXampp\\htdocs\\Jacwan\\affiliate\\vendor\\laravel\\framework\\src\\Illuminate\\Routing\\Router.php(628): Illuminate\\Routing\\Router->runRoute(Object(Illuminate\\Http\\Request), Object(Illuminate\\Routing\\Route))
#25 C:\\SXampp\\htdocs\\Jacwan\\affiliate\\vendor\\laravel\\framework\\src\\Illuminate\\Routing\\Router.php(617): Illuminate\\Routing\\Router->dispatchToRoute(Object(Illuminate\\Http\\Request))
#26 C:\\SXampp\\htdocs\\Jacwan\\affiliate\\vendor\\laravel\\framework\\src\\Illuminate\\Foundation\\Http\\Kernel.php(165): Illuminate\\Routing\\Router->dispatch(Object(Illuminate\\Http\\Request))
#27 C:\\SXampp\\htdocs\\Jacwan\\affiliate\\vendor\\laravel\\framework\\src\\Illuminate\\Pipeline\\Pipeline.php(128): Illuminate\\Foundation\\Http\\Kernel->Illuminate\\Foundation\\Http\\{closure}(Object(Illuminate\\Http\\Request))
#28 C:\\SXampp\\htdocs\\Jacwan\\affiliate\\vendor\\laravel\\framework\\src\\Illuminate\\Foundation\\Http\\Middleware\\TransformsRequest.php(21): Illuminate\\Pipeline\\Pipeline->Illuminate\\Pipeline\\{closure}(Object(Illuminate\\Http\\Request))
#29 C:\\SXampp\\htdocs\\Jacwan\\affiliate\\vendor\\laravel\\framework\\src\\Illuminate\\Pipeline\\Pipeline.php(167): Illuminate\\Foundation\\Http\\Middleware\\TransformsRequest->handle(Object(Illuminate\\Http\\Request), Object(Closure))
#30 C:\\SXampp\\htdocs\\Jacwan\\affiliate\\vendor\\laravel\\framework\\src\\Illuminate\\Foundation\\Http\\Middleware\\TransformsRequest.php(21): Illuminate\\Pipeline\\Pipeline->Illuminate\\Pipeline\\{closure}(Object(Illuminate\\Http\\Request))
#31 C:\\SXampp\\htdocs\\Jacwan\\affiliate\\vendor\\laravel\\framework\\src\\Illuminate\\Pipeline\\Pipeline.php(167): Illuminate\\Foundation\\Http\\Middleware\\TransformsRequest->handle(Object(Illuminate\\Http\\Request), Object(Closure))
#32 C:\\SXampp\\htdocs\\Jacwan\\affiliate\\vendor\\laravel\\framework\\src\\Illuminate\\Foundation\\Http\\Middleware\\ValidatePostSize.php(27): Illuminate\\Pipeline\\Pipeline->Illuminate\\Pipeline\\{closure}(Object(Illuminate\\Http\\Request))
#33 C:\\SXampp\\htdocs\\Jacwan\\affiliate\\vendor\\laravel\\framework\\src\\Illuminate\\Pipeline\\Pipeline.php(167): Illuminate\\Foundation\\Http\\Middleware\\ValidatePostSize->handle(Object(Illuminate\\Http\\Request), Object(Closure))
#34 C:\\SXampp\\htdocs\\Jacwan\\affiliate\\vendor\\laravel\\framework\\src\\Illuminate\\Foundation\\Http\\Middleware\\CheckForMaintenanceMode.php(63): Illuminate\\Pipeline\\Pipeline->Illuminate\\Pipeline\\{closure}(Object(Illuminate\\Http\\Request))
#35 C:\\SXampp\\htdocs\\Jacwan\\affiliate\\vendor\\laravel\\framework\\src\\Illuminate\\Pipeline\\Pipeline.php(167): Illuminate\\Foundation\\Http\\Middleware\\CheckForMaintenanceMode->handle(Object(Illuminate\\Http\\Request), Object(Closure))
#36 C:\\SXampp\\htdocs\\Jacwan\\affiliate\\vendor\\fruitcake\\laravel-cors\\src\\HandleCors.php(37): Illuminate\\Pipeline\\Pipeline->Illuminate\\Pipeline\\{closure}(Object(Illuminate\\Http\\Request))
#37 C:\\SXampp\\htdocs\\Jacwan\\affiliate\\vendor\\laravel\\framework\\src\\Illuminate\\Pipeline\\Pipeline.php(167): Fruitcake\\Cors\\HandleCors->handle(Object(Illuminate\\Http\\Request), Object(Closure))
#38 C:\\SXampp\\htdocs\\Jacwan\\affiliate\\vendor\\fideloper\\proxy\\src\\TrustProxies.php(57): Illuminate\\Pipeline\\Pipeline->Illuminate\\Pipeline\\{closure}(Object(Illuminate\\Http\\Request))
#39 C:\\SXampp\\htdocs\\Jacwan\\affiliate\\vendor\\laravel\\framework\\src\\Illuminate\\Pipeline\\Pipeline.php(167): Fideloper\\Proxy\\TrustProxies->handle(Object(Illuminate\\Http\\Request), Object(Closure))
#40 C:\\SXampp\\htdocs\\Jacwan\\affiliate\\vendor\\laravel\\framework\\src\\Illuminate\\Pipeline\\Pipeline.php(103): Illuminate\\Pipeline\\Pipeline->Illuminate\\Pipeline\\{closure}(Object(Illuminate\\Http\\Request))
#41 C:\\SXampp\\htdocs\\Jacwan\\affiliate\\vendor\\laravel\\framework\\src\\Illuminate\\Foundation\\Http\\Kernel.php(140): Illuminate\\Pipeline\\Pipeline->then(Object(Closure))
#42 C:\\SXampp\\htdocs\\Jacwan\\affiliate\\vendor\\laravel\\framework\\src\\Illuminate\\Foundation\\Http\\Kernel.php(109): Illuminate\\Foundation\\Http\\Kernel->sendRequestThroughRouter(Object(Illuminate\\Http\\Request))
#43 C:\\SXampp\\htdocs\\Jacwan\\affiliate\\index.php(55): Illuminate\\Foundation\\Http\\Kernel->handle(Object(Illuminate\\Http\\Request))
#44 {main}
"} 
[2022-07-29 18:44:42] local.ERROR: Expected response code 354 but got code "503", with message "503-All RCPT commands were rejected with this error:
503-The mail server could not deliver mail to sssd@dkfjdf.dfdfj.  The account
503-or domain may not exist, they may be blacklisted, or missing the proper dns
503-entries.
503 Valid RCPT command must precede DATA
" {"exception":"[object] (Swift_TransportException(code: 503): Expected response code 354 but got code \"503\", with message \"503-All RCPT commands were rejected with this error:
503-The mail server could not deliver mail to sssd@dkfjdf.dfdfj.  The account
503-or domain may not exist, they may be blacklisted, or missing the proper dns
503-entries.
503 Valid RCPT command must precede DATA
\" at C:\\SXampp\\htdocs\\Jacwan\\affiliate\\vendor\\swiftmailer\\swiftmailer\\lib\\classes\\Swift\\Transport\\AbstractSmtpTransport.php:459)
[stacktrace]
#0 C:\\SXampp\\htdocs\\Jacwan\\affiliate\\vendor\\swiftmailer\\swiftmailer\\lib\\classes\\Swift\\Transport\\AbstractSmtpTransport.php(344): Swift_Transport_AbstractSmtpTransport->assertResponseCode('503-All RCPT co...', Array)
#1 C:\\SXampp\\htdocs\\Jacwan\\affiliate\\vendor\\swiftmailer\\swiftmailer\\lib\\classes\\Swift\\Transport\\EsmtpTransport.php(305): Swift_Transport_AbstractSmtpTransport->executeCommand('DATA\\
', Array, Array, false, NULL)
#2 C:\\SXampp\\htdocs\\Jacwan\\affiliate\\vendor\\swiftmailer\\swiftmailer\\lib\\classes\\Swift\\Transport\\AbstractSmtpTransport.php(392): Swift_Transport_EsmtpTransport->executeCommand('DATA\\
', Array, Array)
#3 C:\\SXampp\\htdocs\\Jacwan\\affiliate\\vendor\\swiftmailer\\swiftmailer\\lib\\classes\\Swift\\Transport\\AbstractSmtpTransport.php(499): Swift_Transport_AbstractSmtpTransport->doDataCommand(Array)
#4 C:\\SXampp\\htdocs\\Jacwan\\affiliate\\vendor\\swiftmailer\\swiftmailer\\lib\\classes\\Swift\\Transport\\AbstractSmtpTransport.php(518): Swift_Transport_AbstractSmtpTransport->doMailTransaction(Object(Swift_Message), 'support@zakwanb...', Array, Array)
#5 C:\\SXampp\\htdocs\\Jacwan\\affiliate\\vendor\\swiftmailer\\swiftmailer\\lib\\classes\\Swift\\Transport\\AbstractSmtpTransport.php(206): Swift_Transport_AbstractSmtpTransport->sendTo(Object(Swift_Message), 'support@zakwanb...', Array, Array)
#6 C:\\SXampp\\htdocs\\Jacwan\\affiliate\\vendor\\swiftmailer\\swiftmailer\\lib\\classes\\Swift\\Mailer.php(71): Swift_Transport_AbstractSmtpTransport->send(Object(Swift_Message), Array)
#7 C:\\SXampp\\htdocs\\Jacwan\\affiliate\\vendor\\laravel\\framework\\src\\Illuminate\\Mail\\Mailer.php(521): Swift_Mailer->send(Object(Swift_Message), Array)
#8 C:\\SXampp\\htdocs\\Jacwan\\affiliate\\vendor\\laravel\\framework\\src\\Illuminate\\Mail\\Mailer.php(288): Illuminate\\Mail\\Mailer->sendSwiftMessage(Object(Swift_Message))
#9 C:\\SXampp\\htdocs\\Jacwan\\affiliate\\vendor\\laravel\\framework\\src\\Illuminate\\Mail\\MailManager.php(466): Illuminate\\Mail\\Mailer->send(NULL, Array, Object(Closure))
#10 C:\\SXampp\\htdocs\\Jacwan\\affiliate\\vendor\\laravel\\framework\\src\\Illuminate\\Support\\Facades\\Facade.php(261): Illuminate\\Mail\\MailManager->__call('send', Array)
#11 C:\\SXampp\\htdocs\\Jacwan\\affiliate\\app\\Http\\Controllers\\HomeController.php(1367): Illuminate\\Support\\Facades\\Facade::__callStatic('send', Array)
#12 C:\\SXampp\\htdocs\\Jacwan\\affiliate\\vendor\\laravel\\framework\\src\\Illuminate\\Routing\\Controller.php(54): App\\Http\\Controllers\\HomeController->email_check(Object(Illuminate\\Http\\Request))
#13 C:\\SXampp\\htdocs\\Jacwan\\affiliate\\vendor\\laravel\\framework\\src\\Illuminate\\Routing\\ControllerDispatcher.php(45): Illuminate\\Routing\\Controller->callAction('email_check', Array)
#14 C:\\SXampp\\htdocs\\Jacwan\\affiliate\\vendor\\laravel\\framework\\src\\Illuminate\\Routing\\Route.php(239): Illuminate\\Routing\\ControllerDispatcher->dispatch(Object(Illuminate\\Routing\\Route), Object(App\\Http\\Controllers\\HomeController), 'email_check')
#15 C:\\SXampp\\htdocs\\Jacwan\\affiliate\\vendor\\laravel\\framework\\src\\Illuminate\\Routing\\Route.php(196): Illuminate\\Routing\\Route->runController()
#16 C:\\SXampp\\htdocs\\Jacwan\\affiliate\\vendor\\laravel\\framework\\src\\Illuminate\\Routing\\Router.php(685): Illuminate\\Routing\\Route->run()
#17 C:\\SXampp\\htdocs\\Jacwan\\affiliate\\vendor\\laravel\\framework\\src\\Illuminate\\Pipeline\\Pipeline.php(128): Illuminate\\Routing\\Router->Illuminate\\Routing\\{closure}(Object(Illuminate\\Http\\Request))
#18 C:\\SXampp\\htdocs\\Jacwan\\affiliate\\vendor\\laravel\\framework\\src\\Illuminate\\Routing\\Middleware\\SubstituteBindings.php(41): Illuminate\\Pipeline\\Pipeline->Illuminate\\Pipeline\\{closure}(Object(Illuminate\\Http\\Request))
#19 C:\\SXampp\\htdocs\\Jacwan\\affiliate\\vendor\\laravel\\framework\\src\\Illuminate\\Pipeline\\Pipeline.php(167): Illuminate\\Routing\\Middleware\\SubstituteBindings->handle(Object(Illuminate\\Http\\Request), Object(Closure))
#20 C:\\SXampp\\htdocs\\Jacwan\\affiliate\\vendor\\laravel\\framework\\src\\Illuminate\\Foundation\\Http\\Middleware\\VerifyCsrfToken.php(78): Illuminate\\Pipeline\\Pipeline->Illuminate\\Pipeline\\{closure}(Object(Illuminate\\Http\\Request))
#21 C:\\SXampp\\htdocs\\Jacwan\\affiliate\\vendor\\laravel\\framework\\src\\Illuminate\\Pipeline\\Pipeline.php(167): Illuminate\\Foundation\\Http\\Middleware\\VerifyCsrfToken->handle(Object(Illuminate\\Http\\Request), Object(Closure))
#22 C:\\SXampp\\htdocs\\Jacwan\\affiliate\\vendor\\laravel\\framework\\src\\Illuminate\\View\\Middleware\\ShareErrorsFromSession.php(49): Illuminate\\Pipeline\\Pipeline->Illuminate\\Pipeline\\{closure}(Object(Illuminate\\Http\\Request))
#23 C:\\SXampp\\htdocs\\Jacwan\\affiliate\\vendor\\laravel\\framework\\src\\Illuminate\\Pipeline\\Pipeline.php(167): Illuminate\\View\\Middleware\\ShareErrorsFromSession->handle(Object(Illuminate\\Http\\Request), Object(Closure))
#24 C:\\SXampp\\htdocs\\Jacwan\\affiliate\\vendor\\laravel\\framework\\src\\Illuminate\\Session\\Middleware\\StartSession.php(116): Illuminate\\Pipeline\\Pipeline->Illuminate\\Pipeline\\{closure}(Object(Illuminate\\Http\\Request))
#25 C:\\SXampp\\htdocs\\Jacwan\\affiliate\\vendor\\laravel\\framework\\src\\Illuminate\\Session\\Middleware\\StartSession.php(62): Illuminate\\Session\\Middleware\\StartSession->handleStatefulRequest(Object(Illuminate\\Http\\Request), Object(Illuminate\\Session\\Store), Object(Closure))
#26 C:\\SXampp\\htdocs\\Jacwan\\affiliate\\vendor\\laravel\\framework\\src\\Illuminate\\Pipeline\\Pipeline.php(167): Illuminate\\Session\\Middleware\\StartSession->handle(Object(Illuminate\\Http\\Request), Object(Closure))
#27 C:\\SXampp\\htdocs\\Jacwan\\affiliate\\vendor\\laravel\\framework\\src\\Illuminate\\Cookie\\Middleware\\AddQueuedCookiesToResponse.php(37): Illuminate\\Pipeline\\Pipeline->Illuminate\\Pipeline\\{closure}(Object(Illuminate\\Http\\Request))
#28 C:\\SXampp\\htdocs\\Jacwan\\affiliate\\vendor\\laravel\\framework\\src\\Illuminate\\Pipeline\\Pipeline.php(167): Illuminate\\Cookie\\Middleware\\AddQueuedCookiesToResponse->handle(Object(Illuminate\\Http\\Request), Object(Closure))
#29 C:\\SXampp\\htdocs\\Jacwan\\affiliate\\vendor\\laravel\\framework\\src\\Illuminate\\Cookie\\Middleware\\EncryptCookies.php(67): Illuminate\\Pipeline\\Pipeline->Illuminate\\Pipeline\\{closure}(Object(Illuminate\\Http\\Request))
#30 C:\\SXampp\\htdocs\\Jacwan\\affiliate\\vendor\\laravel\\framework\\src\\Illuminate\\Pipeline\\Pipeline.php(167): Illuminate\\Cookie\\Middleware\\EncryptCookies->handle(Object(Illuminate\\Http\\Request), Object(Closure))
#31 C:\\SXampp\\htdocs\\Jacwan\\affiliate\\vendor\\laravel\\framework\\src\\Illuminate\\Pipeline\\Pipeline.php(103): Illuminate\\Pipeline\\Pipeline->Illuminate\\Pipeline\\{closure}(Object(Illuminate\\Http\\Request))
#32 C:\\SXampp\\htdocs\\Jacwan\\affiliate\\vendor\\laravel\\framework\\src\\Illuminate\\Routing\\Router.php(687): Illuminate\\Pipeline\\Pipeline->then(Object(Closure))
#33 C:\\SXampp\\htdocs\\Jacwan\\affiliate\\vendor\\laravel\\framework\\src\\Illuminate\\Routing\\Router.php(662): Illuminate\\Routing\\Router->runRouteWithinStack(Object(Illuminate\\Routing\\Route), Object(Illuminate\\Http\\Request))
#34 C:\\SXampp\\htdocs\\Jacwan\\affiliate\\vendor\\laravel\\framework\\src\\Illuminate\\Routing\\Router.php(628): Illuminate\\Routing\\Router->runRoute(Object(Illuminate\\Http\\Request), Object(Illuminate\\Routing\\Route))
#35 C:\\SXampp\\htdocs\\Jacwan\\affiliate\\vendor\\laravel\\framework\\src\\Illuminate\\Routing\\Router.php(617): Illuminate\\Routing\\Router->dispatchToRoute(Object(Illuminate\\Http\\Request))
#36 C:\\SXampp\\htdocs\\Jacwan\\affiliate\\vendor\\laravel\\framework\\src\\Illuminate\\Foundation\\Http\\Kernel.php(165): Illuminate\\Routing\\Router->dispatch(Object(Illuminate\\Http\\Request))
#37 C:\\SXampp\\htdocs\\Jacwan\\affiliate\\vendor\\laravel\\framework\\src\\Illuminate\\Pipeline\\Pipeline.php(128): Illuminate\\Foundation\\Http\\Kernel->Illuminate\\Foundation\\Http\\{closure}(Object(Illuminate\\Http\\Request))
#38 C:\\SXampp\\htdocs\\Jacwan\\affiliate\\vendor\\laravel\\framework\\src\\Illuminate\\Foundation\\Http\\Middleware\\TransformsRequest.php(21): Illuminate\\Pipeline\\Pipeline->Illuminate\\Pipeline\\{closure}(Object(Illuminate\\Http\\Request))
#39 C:\\SXampp\\htdocs\\Jacwan\\affiliate\\vendor\\laravel\\framework\\src\\Illuminate\\Pipeline\\Pipeline.php(167): Illuminate\\Foundation\\Http\\Middleware\\TransformsRequest->handle(Object(Illuminate\\Http\\Request), Object(Closure))
#40 C:\\SXampp\\htdocs\\Jacwan\\affiliate\\vendor\\laravel\\framework\\src\\Illuminate\\Foundation\\Http\\Middleware\\TransformsRequest.php(21): Illuminate\\Pipeline\\Pipeline->Illuminate\\Pipeline\\{closure}(Object(Illuminate\\Http\\Request))
#41 C:\\SXampp\\htdocs\\Jacwan\\affiliate\\vendor\\laravel\\framework\\src\\Illuminate\\Pipeline\\Pipeline.php(167): Illuminate\\Foundation\\Http\\Middleware\\TransformsRequest->handle(Object(Illuminate\\Http\\Request), Object(Closure))
#42 C:\\SXampp\\htdocs\\Jacwan\\affiliate\\vendor\\laravel\\framework\\src\\Illuminate\\Foundation\\Http\\Middleware\\ValidatePostSize.php(27): Illuminate\\Pipeline\\Pipeline->Illuminate\\Pipeline\\{closure}(Object(Illuminate\\Http\\Request))
#43 C:\\SXampp\\htdocs\\Jacwan\\affiliate\\vendor\\laravel\\framework\\src\\Illuminate\\Pipeline\\Pipeline.php(167): Illuminate\\Foundation\\Http\\Middleware\\ValidatePostSize->handle(Object(Illuminate\\Http\\Request), Object(Closure))
#44 C:\\SXampp\\htdocs\\Jacwan\\affiliate\\vendor\\laravel\\framework\\src\\Illuminate\\Foundation\\Http\\Middleware\\CheckForMaintenanceMode.php(63): Illuminate\\Pipeline\\Pipeline->Illuminate\\Pipeline\\{closure}(Object(Illuminate\\Http\\Request))
#45 C:\\SXampp\\htdocs\\Jacwan\\affiliate\\vendor\\laravel\\framework\\src\\Illuminate\\Pipeline\\Pipeline.php(167): Illuminate\\Foundation\\Http\\Middleware\\CheckForMaintenanceMode->handle(Object(Illuminate\\Http\\Request), Object(Closure))
#46 C:\\SXampp\\htdocs\\Jacwan\\affiliate\\vendor\\fruitcake\\laravel-cors\\src\\HandleCors.php(37): Illuminate\\Pipeline\\Pipeline->Illuminate\\Pipeline\\{closure}(Object(Illuminate\\Http\\Request))
#47 C:\\SXampp\\htdocs\\Jacwan\\affiliate\\vendor\\laravel\\framework\\src\\Illuminate\\Pipeline\\Pipeline.php(167): Fruitcake\\Cors\\HandleCors->handle(Object(Illuminate\\Http\\Request), Object(Closure))
#48 C:\\SXampp\\htdocs\\Jacwan\\affiliate\\vendor\\fideloper\\proxy\\src\\TrustProxies.php(57): Illuminate\\Pipeline\\Pipeline->Illuminate\\Pipeline\\{closure}(Object(Illuminate\\Http\\Request))
#49 C:\\SXampp\\htdocs\\Jacwan\\affiliate\\vendor\\laravel\\framework\\src\\Illuminate\\Pipeline\\Pipeline.php(167): Fideloper\\Proxy\\TrustProxies->handle(Object(Illuminate\\Http\\Request), Object(Closure))
#50 C:\\SXampp\\htdocs\\Jacwan\\affiliate\\vendor\\laravel\\framework\\src\\Illuminate\\Pipeline\\Pipeline.php(103): Illuminate\\Pipeline\\Pipeline->Illuminate\\Pipeline\\{closure}(Object(Illuminate\\Http\\Request))
#51 C:\\SXampp\\htdocs\\Jacwan\\affiliate\\vendor\\laravel\\framework\\src\\Illuminate\\Foundation\\Http\\Kernel.php(140): Illuminate\\Pipeline\\Pipeline->then(Object(Closure))
#52 C:\\SXampp\\htdocs\\Jacwan\\affiliate\\vendor\\laravel\\framework\\src\\Illuminate\\Foundation\\Http\\Kernel.php(109): Illuminate\\Foundation\\Http\\Kernel->sendRequestThroughRouter(Object(Illuminate\\Http\\Request))
#53 C:\\SXampp\\htdocs\\Jacwan\\affiliate\\index.php(55): Illuminate\\Foundation\\Http\\Kernel->handle(Object(Illuminate\\Http\\Request))
#54 {main}
"} 
[2025-04-14 12:57:17] production.ERROR: SQLSTATE[HY000] [1045] Access denied for user 'forge'@'localhost' (using password: NO) (SQL: select * from `smtp` where `id` = 1 limit 1) {"exception":"[object] (Illuminate\\Database\\QueryException(code: 1045): SQLSTATE[HY000] [1045] Access denied for user 'forge'@'localhost' (using password: NO) (SQL: select * from `smtp` where `id` = 1 limit 1) at D:\\xampp7\\htdocs\\zakwanbd\\affiliate\\vendor\\laravel\\framework\\src\\Illuminate\\Database\\Connection.php:671)
[stacktrace]
#0 D:\\xampp7\\htdocs\\zakwanbd\\affiliate\\vendor\\laravel\\framework\\src\\Illuminate\\Database\\Connection.php(631): Illuminate\\Database\\Connection->runQueryCallback('select * from `...', Array, Object(Closure))
#1 D:\\xampp7\\htdocs\\zakwanbd\\affiliate\\vendor\\laravel\\framework\\src\\Illuminate\\Database\\Connection.php(339): Illuminate\\Database\\Connection->run('select * from `...', Array, Object(Closure))
#2 D:\\xampp7\\htdocs\\zakwanbd\\affiliate\\vendor\\laravel\\framework\\src\\Illuminate\\Database\\Query\\Builder.php(2270): Illuminate\\Database\\Connection->select('select * from `...', Array, true)
#3 D:\\xampp7\\htdocs\\zakwanbd\\affiliate\\vendor\\laravel\\framework\\src\\Illuminate\\Database\\Query\\Builder.php(2258): Illuminate\\Database\\Query\\Builder->runSelect()
#4 D:\\xampp7\\htdocs\\zakwanbd\\affiliate\\vendor\\laravel\\framework\\src\\Illuminate\\Database\\Query\\Builder.php(2753): Illuminate\\Database\\Query\\Builder->Illuminate\\Database\\Query\\{closure}()
#5 D:\\xampp7\\htdocs\\zakwanbd\\affiliate\\vendor\\laravel\\framework\\src\\Illuminate\\Database\\Query\\Builder.php(2259): Illuminate\\Database\\Query\\Builder->onceWithColumns(Array, Object(Closure))
#6 D:\\xampp7\\htdocs\\zakwanbd\\affiliate\\vendor\\laravel\\framework\\src\\Illuminate\\Database\\Concerns\\BuildsQueries.php(143): Illuminate\\Database\\Query\\Builder->get(Array)
#7 D:\\xampp7\\htdocs\\zakwanbd\\affiliate\\app\\Providers\\MailConfigServiceProvider.php(29): Illuminate\\Database\\Query\\Builder->first()
#8 D:\\xampp7\\htdocs\\zakwanbd\\affiliate\\vendor\\laravel\\framework\\src\\Illuminate\\Container\\BoundMethod.php(36): App\\Providers\\MailConfigServiceProvider->boot()
#9 D:\\xampp7\\htdocs\\zakwanbd\\affiliate\\vendor\\laravel\\framework\\src\\Illuminate\\Container\\Util.php(37): Illuminate\\Container\\BoundMethod::Illuminate\\Container\\{closure}()
#10 D:\\xampp7\\htdocs\\zakwanbd\\affiliate\\vendor\\laravel\\framework\\src\\Illuminate\\Container\\BoundMethod.php(93): Illuminate\\Container\\Util::unwrapIfClosure(Object(Closure))
#11 D:\\xampp7\\htdocs\\zakwanbd\\affiliate\\vendor\\laravel\\framework\\src\\Illuminate\\Container\\BoundMethod.php(37): Illuminate\\Container\\BoundMethod::callBoundMethod(Object(Illuminate\\Foundation\\Application), Array, Object(Closure))
#12 D:\\xampp7\\htdocs\\zakwanbd\\affiliate\\vendor\\laravel\\framework\\src\\Illuminate\\Container\\Container.php(596): Illuminate\\Container\\BoundMethod::call(Object(Illuminate\\Foundation\\Application), Array, Array, NULL)
#13 D:\\xampp7\\htdocs\\zakwanbd\\affiliate\\vendor\\laravel\\framework\\src\\Illuminate\\Foundation\\Application.php(867): Illuminate\\Container\\Container->call(Array)
#14 D:\\xampp7\\htdocs\\zakwanbd\\affiliate\\vendor\\laravel\\framework\\src\\Illuminate\\Foundation\\Application.php(850): Illuminate\\Foundation\\Application->bootProvider(Object(App\\Providers\\MailConfigServiceProvider))
#15 [internal function]: Illuminate\\Foundation\\Application->Illuminate\\Foundation\\{closure}(Object(App\\Providers\\MailConfigServiceProvider), 21)
#16 D:\\xampp7\\htdocs\\zakwanbd\\affiliate\\vendor\\laravel\\framework\\src\\Illuminate\\Foundation\\Application.php(851): array_walk(Array, Object(Closure))
#17 D:\\xampp7\\htdocs\\zakwanbd\\affiliate\\vendor\\laravel\\framework\\src\\Illuminate\\Foundation\\Bootstrap\\BootProviders.php(17): Illuminate\\Foundation\\Application->boot()
#18 D:\\xampp7\\htdocs\\zakwanbd\\affiliate\\vendor\\laravel\\framework\\src\\Illuminate\\Foundation\\Application.php(230): Illuminate\\Foundation\\Bootstrap\\BootProviders->bootstrap(Object(Illuminate\\Foundation\\Application))
#19 D:\\xampp7\\htdocs\\zakwanbd\\affiliate\\vendor\\laravel\\framework\\src\\Illuminate\\Foundation\\Console\\Kernel.php(310): Illuminate\\Foundation\\Application->bootstrapWith(Array)
#20 D:\\xampp7\\htdocs\\zakwanbd\\affiliate\\vendor\\laravel\\framework\\src\\Illuminate\\Foundation\\Console\\Kernel.php(127): Illuminate\\Foundation\\Console\\Kernel->bootstrap()
#21 D:\\xampp7\\htdocs\\zakwanbd\\affiliate\\artisan(37): Illuminate\\Foundation\\Console\\Kernel->handle(Object(Symfony\\Component\\Console\\Input\\ArgvInput), Object(Symfony\\Component\\Console\\Output\\ConsoleOutput))
#22 {main}

[previous exception] [object] (PDOException(code: 1045): SQLSTATE[HY000] [1045] Access denied for user 'forge'@'localhost' (using password: NO) at D:\\xampp7\\htdocs\\zakwanbd\\affiliate\\vendor\\laravel\\framework\\src\\Illuminate\\Database\\Connectors\\Connector.php:70)
[stacktrace]
#0 D:\\xampp7\\htdocs\\zakwanbd\\affiliate\\vendor\\laravel\\framework\\src\\Illuminate\\Database\\Connectors\\Connector.php(70): PDO->__construct('mysql:host=127....', 'forge', '', Array)
#1 D:\\xampp7\\htdocs\\zakwanbd\\affiliate\\vendor\\laravel\\framework\\src\\Illuminate\\Database\\Connectors\\Connector.php(46): Illuminate\\Database\\Connectors\\Connector->createPdoConnection('mysql:host=127....', 'forge', '', Array)
#2 D:\\xampp7\\htdocs\\zakwanbd\\affiliate\\vendor\\laravel\\framework\\src\\Illuminate\\Database\\Connectors\\MySqlConnector.php(24): Illuminate\\Database\\Connectors\\Connector->createConnection('mysql:host=127....', Array, Array)
#3 D:\\xampp7\\htdocs\\zakwanbd\\affiliate\\vendor\\laravel\\framework\\src\\Illuminate\\Database\\Connectors\\ConnectionFactory.php(184): Illuminate\\Database\\Connectors\\MySqlConnector->connect(Array)
#4 [internal function]: Illuminate\\Database\\Connectors\\ConnectionFactory->Illuminate\\Database\\Connectors\\{closure}()
#5 D:\\xampp7\\htdocs\\zakwanbd\\affiliate\\vendor\\laravel\\framework\\src\\Illuminate\\Database\\Connection.php(926): call_user_func(Object(Closure))
#6 D:\\xampp7\\htdocs\\zakwanbd\\affiliate\\vendor\\laravel\\framework\\src\\Illuminate\\Database\\Connection.php(961): Illuminate\\Database\\Connection->getPdo()
#7 D:\\xampp7\\htdocs\\zakwanbd\\affiliate\\vendor\\laravel\\framework\\src\\Illuminate\\Database\\Connection.php(405): Illuminate\\Database\\Connection->getReadPdo()
#8 D:\\xampp7\\htdocs\\zakwanbd\\affiliate\\vendor\\laravel\\framework\\src\\Illuminate\\Database\\Connection.php(331): Illuminate\\Database\\Connection->getPdoForSelect(true)
#9 D:\\xampp7\\htdocs\\zakwanbd\\affiliate\\vendor\\laravel\\framework\\src\\Illuminate\\Database\\Connection.php(664): Illuminate\\Database\\Connection->Illuminate\\Database\\{closure}('select * from `...', Array)
#10 D:\\xampp7\\htdocs\\zakwanbd\\affiliate\\vendor\\laravel\\framework\\src\\Illuminate\\Database\\Connection.php(631): Illuminate\\Database\\Connection->runQueryCallback('select * from `...', Array, Object(Closure))
#11 D:\\xampp7\\htdocs\\zakwanbd\\affiliate\\vendor\\laravel\\framework\\src\\Illuminate\\Database\\Connection.php(339): Illuminate\\Database\\Connection->run('select * from `...', Array, Object(Closure))
#12 D:\\xampp7\\htdocs\\zakwanbd\\affiliate\\vendor\\laravel\\framework\\src\\Illuminate\\Database\\Query\\Builder.php(2270): Illuminate\\Database\\Connection->select('select * from `...', Array, true)
#13 D:\\xampp7\\htdocs\\zakwanbd\\affiliate\\vendor\\laravel\\framework\\src\\Illuminate\\Database\\Query\\Builder.php(2258): Illuminate\\Database\\Query\\Builder->runSelect()
#14 D:\\xampp7\\htdocs\\zakwanbd\\affiliate\\vendor\\laravel\\framework\\src\\Illuminate\\Database\\Query\\Builder.php(2753): Illuminate\\Database\\Query\\Builder->Illuminate\\Database\\Query\\{closure}()
#15 D:\\xampp7\\htdocs\\zakwanbd\\affiliate\\vendor\\laravel\\framework\\src\\Illuminate\\Database\\Query\\Builder.php(2259): Illuminate\\Database\\Query\\Builder->onceWithColumns(Array, Object(Closure))
#16 D:\\xampp7\\htdocs\\zakwanbd\\affiliate\\vendor\\laravel\\framework\\src\\Illuminate\\Database\\Concerns\\BuildsQueries.php(143): Illuminate\\Database\\Query\\Builder->get(Array)
#17 D:\\xampp7\\htdocs\\zakwanbd\\affiliate\\app\\Providers\\MailConfigServiceProvider.php(29): Illuminate\\Database\\Query\\Builder->first()
#18 D:\\xampp7\\htdocs\\zakwanbd\\affiliate\\vendor\\laravel\\framework\\src\\Illuminate\\Container\\BoundMethod.php(36): App\\Providers\\MailConfigServiceProvider->boot()
#19 D:\\xampp7\\htdocs\\zakwanbd\\affiliate\\vendor\\laravel\\framework\\src\\Illuminate\\Container\\Util.php(37): Illuminate\\Container\\BoundMethod::Illuminate\\Container\\{closure}()
#20 D:\\xampp7\\htdocs\\zakwanbd\\affiliate\\vendor\\laravel\\framework\\src\\Illuminate\\Container\\BoundMethod.php(93): Illuminate\\Container\\Util::unwrapIfClosure(Object(Closure))
#21 D:\\xampp7\\htdocs\\zakwanbd\\affiliate\\vendor\\laravel\\framework\\src\\Illuminate\\Container\\BoundMethod.php(37): Illuminate\\Container\\BoundMethod::callBoundMethod(Object(Illuminate\\Foundation\\Application), Array, Object(Closure))
#22 D:\\xampp7\\htdocs\\zakwanbd\\affiliate\\vendor\\laravel\\framework\\src\\Illuminate\\Container\\Container.php(596): Illuminate\\Container\\BoundMethod::call(Object(Illuminate\\Foundation\\Application), Array, Array, NULL)
#23 D:\\xampp7\\htdocs\\zakwanbd\\affiliate\\vendor\\laravel\\framework\\src\\Illuminate\\Foundation\\Application.php(867): Illuminate\\Container\\Container->call(Array)
#24 D:\\xampp7\\htdocs\\zakwanbd\\affiliate\\vendor\\laravel\\framework\\src\\Illuminate\\Foundation\\Application.php(850): Illuminate\\Foundation\\Application->bootProvider(Object(App\\Providers\\MailConfigServiceProvider))
#25 [internal function]: Illuminate\\Foundation\\Application->Illuminate\\Foundation\\{closure}(Object(App\\Providers\\MailConfigServiceProvider), 21)
#26 D:\\xampp7\\htdocs\\zakwanbd\\affiliate\\vendor\\laravel\\framework\\src\\Illuminate\\Foundation\\Application.php(851): array_walk(Array, Object(Closure))
#27 D:\\xampp7\\htdocs\\zakwanbd\\affiliate\\vendor\\laravel\\framework\\src\\Illuminate\\Foundation\\Bootstrap\\BootProviders.php(17): Illuminate\\Foundation\\Application->boot()
#28 D:\\xampp7\\htdocs\\zakwanbd\\affiliate\\vendor\\laravel\\framework\\src\\Illuminate\\Foundation\\Application.php(230): Illuminate\\Foundation\\Bootstrap\\BootProviders->bootstrap(Object(Illuminate\\Foundation\\Application))
#29 D:\\xampp7\\htdocs\\zakwanbd\\affiliate\\vendor\\laravel\\framework\\src\\Illuminate\\Foundation\\Console\\Kernel.php(310): Illuminate\\Foundation\\Application->bootstrapWith(Array)
#30 D:\\xampp7\\htdocs\\zakwanbd\\affiliate\\vendor\\laravel\\framework\\src\\Illuminate\\Foundation\\Console\\Kernel.php(127): Illuminate\\Foundation\\Console\\Kernel->bootstrap()
#31 D:\\xampp7\\htdocs\\zakwanbd\\affiliate\\artisan(37): Illuminate\\Foundation\\Console\\Kernel->handle(Object(Symfony\\Component\\Console\\Input\\ArgvInput), Object(Symfony\\Component\\Console\\Output\\ConsoleOutput))
#32 {main}
"} 
[2025-04-14 12:58:42] production.ERROR: SQLSTATE[HY000] [1045] Access denied for user 'forge'@'localhost' (using password: NO) (SQL: select * from `smtp` where `id` = 1 limit 1) {"exception":"[object] (Illuminate\\Database\\QueryException(code: 1045): SQLSTATE[HY000] [1045] Access denied for user 'forge'@'localhost' (using password: NO) (SQL: select * from `smtp` where `id` = 1 limit 1) at D:\\xampp7\\htdocs\\zakwanbd\\affiliate\\vendor\\laravel\\framework\\src\\Illuminate\\Database\\Connection.php:671)
[stacktrace]
#0 D:\\xampp7\\htdocs\\zakwanbd\\affiliate\\vendor\\laravel\\framework\\src\\Illuminate\\Database\\Connection.php(631): Illuminate\\Database\\Connection->runQueryCallback('select * from `...', Array, Object(Closure))
#1 D:\\xampp7\\htdocs\\zakwanbd\\affiliate\\vendor\\laravel\\framework\\src\\Illuminate\\Database\\Connection.php(339): Illuminate\\Database\\Connection->run('select * from `...', Array, Object(Closure))
#2 D:\\xampp7\\htdocs\\zakwanbd\\affiliate\\vendor\\laravel\\framework\\src\\Illuminate\\Database\\Query\\Builder.php(2270): Illuminate\\Database\\Connection->select('select * from `...', Array, true)
#3 D:\\xampp7\\htdocs\\zakwanbd\\affiliate\\vendor\\laravel\\framework\\src\\Illuminate\\Database\\Query\\Builder.php(2258): Illuminate\\Database\\Query\\Builder->runSelect()
#4 D:\\xampp7\\htdocs\\zakwanbd\\affiliate\\vendor\\laravel\\framework\\src\\Illuminate\\Database\\Query\\Builder.php(2753): Illuminate\\Database\\Query\\Builder->Illuminate\\Database\\Query\\{closure}()
#5 D:\\xampp7\\htdocs\\zakwanbd\\affiliate\\vendor\\laravel\\framework\\src\\Illuminate\\Database\\Query\\Builder.php(2259): Illuminate\\Database\\Query\\Builder->onceWithColumns(Array, Object(Closure))
#6 D:\\xampp7\\htdocs\\zakwanbd\\affiliate\\vendor\\laravel\\framework\\src\\Illuminate\\Database\\Concerns\\BuildsQueries.php(143): Illuminate\\Database\\Query\\Builder->get(Array)
#7 D:\\xampp7\\htdocs\\zakwanbd\\affiliate\\app\\Providers\\MailConfigServiceProvider.php(29): Illuminate\\Database\\Query\\Builder->first()
#8 D:\\xampp7\\htdocs\\zakwanbd\\affiliate\\vendor\\laravel\\framework\\src\\Illuminate\\Container\\BoundMethod.php(36): App\\Providers\\MailConfigServiceProvider->boot()
#9 D:\\xampp7\\htdocs\\zakwanbd\\affiliate\\vendor\\laravel\\framework\\src\\Illuminate\\Container\\Util.php(37): Illuminate\\Container\\BoundMethod::Illuminate\\Container\\{closure}()
#10 D:\\xampp7\\htdocs\\zakwanbd\\affiliate\\vendor\\laravel\\framework\\src\\Illuminate\\Container\\BoundMethod.php(93): Illuminate\\Container\\Util::unwrapIfClosure(Object(Closure))
#11 D:\\xampp7\\htdocs\\zakwanbd\\affiliate\\vendor\\laravel\\framework\\src\\Illuminate\\Container\\BoundMethod.php(37): Illuminate\\Container\\BoundMethod::callBoundMethod(Object(Illuminate\\Foundation\\Application), Array, Object(Closure))
#12 D:\\xampp7\\htdocs\\zakwanbd\\affiliate\\vendor\\laravel\\framework\\src\\Illuminate\\Container\\Container.php(596): Illuminate\\Container\\BoundMethod::call(Object(Illuminate\\Foundation\\Application), Array, Array, NULL)
#13 D:\\xampp7\\htdocs\\zakwanbd\\affiliate\\vendor\\laravel\\framework\\src\\Illuminate\\Foundation\\Application.php(867): Illuminate\\Container\\Container->call(Array)
#14 D:\\xampp7\\htdocs\\zakwanbd\\affiliate\\vendor\\laravel\\framework\\src\\Illuminate\\Foundation\\Application.php(850): Illuminate\\Foundation\\Application->bootProvider(Object(App\\Providers\\MailConfigServiceProvider))
#15 [internal function]: Illuminate\\Foundation\\Application->Illuminate\\Foundation\\{closure}(Object(App\\Providers\\MailConfigServiceProvider), 21)
#16 D:\\xampp7\\htdocs\\zakwanbd\\affiliate\\vendor\\laravel\\framework\\src\\Illuminate\\Foundation\\Application.php(851): array_walk(Array, Object(Closure))
#17 D:\\xampp7\\htdocs\\zakwanbd\\affiliate\\vendor\\laravel\\framework\\src\\Illuminate\\Foundation\\Bootstrap\\BootProviders.php(17): Illuminate\\Foundation\\Application->boot()
#18 D:\\xampp7\\htdocs\\zakwanbd\\affiliate\\vendor\\laravel\\framework\\src\\Illuminate\\Foundation\\Application.php(230): Illuminate\\Foundation\\Bootstrap\\BootProviders->bootstrap(Object(Illuminate\\Foundation\\Application))
#19 D:\\xampp7\\htdocs\\zakwanbd\\affiliate\\vendor\\laravel\\framework\\src\\Illuminate\\Foundation\\Http\\Kernel.php(151): Illuminate\\Foundation\\Application->bootstrapWith(Array)
#20 D:\\xampp7\\htdocs\\zakwanbd\\affiliate\\vendor\\laravel\\framework\\src\\Illuminate\\Foundation\\Http\\Kernel.php(135): Illuminate\\Foundation\\Http\\Kernel->bootstrap()
#21 D:\\xampp7\\htdocs\\zakwanbd\\affiliate\\vendor\\laravel\\framework\\src\\Illuminate\\Foundation\\Http\\Kernel.php(109): Illuminate\\Foundation\\Http\\Kernel->sendRequestThroughRouter(Object(Illuminate\\Http\\Request))
#22 D:\\xampp7\\htdocs\\zakwanbd\\affiliate\\index.php(55): Illuminate\\Foundation\\Http\\Kernel->handle(Object(Illuminate\\Http\\Request))
#23 {main}

[previous exception] [object] (PDOException(code: 1045): SQLSTATE[HY000] [1045] Access denied for user 'forge'@'localhost' (using password: NO) at D:\\xampp7\\htdocs\\zakwanbd\\affiliate\\vendor\\laravel\\framework\\src\\Illuminate\\Database\\Connectors\\Connector.php:70)
[stacktrace]
#0 D:\\xampp7\\htdocs\\zakwanbd\\affiliate\\vendor\\laravel\\framework\\src\\Illuminate\\Database\\Connectors\\Connector.php(70): PDO->__construct('mysql:host=127....', 'forge', '', Array)
#1 D:\\xampp7\\htdocs\\zakwanbd\\affiliate\\vendor\\laravel\\framework\\src\\Illuminate\\Database\\Connectors\\Connector.php(46): Illuminate\\Database\\Connectors\\Connector->createPdoConnection('mysql:host=127....', 'forge', '', Array)
#2 D:\\xampp7\\htdocs\\zakwanbd\\affiliate\\vendor\\laravel\\framework\\src\\Illuminate\\Database\\Connectors\\MySqlConnector.php(24): Illuminate\\Database\\Connectors\\Connector->createConnection('mysql:host=127....', Array, Array)
#3 D:\\xampp7\\htdocs\\zakwanbd\\affiliate\\vendor\\laravel\\framework\\src\\Illuminate\\Database\\Connectors\\ConnectionFactory.php(184): Illuminate\\Database\\Connectors\\MySqlConnector->connect(Array)
#4 [internal function]: Illuminate\\Database\\Connectors\\ConnectionFactory->Illuminate\\Database\\Connectors\\{closure}()
#5 D:\\xampp7\\htdocs\\zakwanbd\\affiliate\\vendor\\laravel\\framework\\src\\Illuminate\\Database\\Connection.php(926): call_user_func(Object(Closure))
#6 D:\\xampp7\\htdocs\\zakwanbd\\affiliate\\vendor\\laravel\\framework\\src\\Illuminate\\Database\\Connection.php(961): Illuminate\\Database\\Connection->getPdo()
#7 D:\\xampp7\\htdocs\\zakwanbd\\affiliate\\vendor\\laravel\\framework\\src\\Illuminate\\Database\\Connection.php(405): Illuminate\\Database\\Connection->getReadPdo()
#8 D:\\xampp7\\htdocs\\zakwanbd\\affiliate\\vendor\\laravel\\framework\\src\\Illuminate\\Database\\Connection.php(331): Illuminate\\Database\\Connection->getPdoForSelect(true)
#9 D:\\xampp7\\htdocs\\zakwanbd\\affiliate\\vendor\\laravel\\framework\\src\\Illuminate\\Database\\Connection.php(664): Illuminate\\Database\\Connection->Illuminate\\Database\\{closure}('select * from `...', Array)
#10 D:\\xampp7\\htdocs\\zakwanbd\\affiliate\\vendor\\laravel\\framework\\src\\Illuminate\\Database\\Connection.php(631): Illuminate\\Database\\Connection->runQueryCallback('select * from `...', Array, Object(Closure))
#11 D:\\xampp7\\htdocs\\zakwanbd\\affiliate\\vendor\\laravel\\framework\\src\\Illuminate\\Database\\Connection.php(339): Illuminate\\Database\\Connection->run('select * from `...', Array, Object(Closure))
#12 D:\\xampp7\\htdocs\\zakwanbd\\affiliate\\vendor\\laravel\\framework\\src\\Illuminate\\Database\\Query\\Builder.php(2270): Illuminate\\Database\\Connection->select('select * from `...', Array, true)
#13 D:\\xampp7\\htdocs\\zakwanbd\\affiliate\\vendor\\laravel\\framework\\src\\Illuminate\\Database\\Query\\Builder.php(2258): Illuminate\\Database\\Query\\Builder->runSelect()
#14 D:\\xampp7\\htdocs\\zakwanbd\\affiliate\\vendor\\laravel\\framework\\src\\Illuminate\\Database\\Query\\Builder.php(2753): Illuminate\\Database\\Query\\Builder->Illuminate\\Database\\Query\\{closure}()
#15 D:\\xampp7\\htdocs\\zakwanbd\\affiliate\\vendor\\laravel\\framework\\src\\Illuminate\\Database\\Query\\Builder.php(2259): Illuminate\\Database\\Query\\Builder->onceWithColumns(Array, Object(Closure))
#16 D:\\xampp7\\htdocs\\zakwanbd\\affiliate\\vendor\\laravel\\framework\\src\\Illuminate\\Database\\Concerns\\BuildsQueries.php(143): Illuminate\\Database\\Query\\Builder->get(Array)
#17 D:\\xampp7\\htdocs\\zakwanbd\\affiliate\\app\\Providers\\MailConfigServiceProvider.php(29): Illuminate\\Database\\Query\\Builder->first()
#18 D:\\xampp7\\htdocs\\zakwanbd\\affiliate\\vendor\\laravel\\framework\\src\\Illuminate\\Container\\BoundMethod.php(36): App\\Providers\\MailConfigServiceProvider->boot()
#19 D:\\xampp7\\htdocs\\zakwanbd\\affiliate\\vendor\\laravel\\framework\\src\\Illuminate\\Container\\Util.php(37): Illuminate\\Container\\BoundMethod::Illuminate\\Container\\{closure}()
#20 D:\\xampp7\\htdocs\\zakwanbd\\affiliate\\vendor\\laravel\\framework\\src\\Illuminate\\Container\\BoundMethod.php(93): Illuminate\\Container\\Util::unwrapIfClosure(Object(Closure))
#21 D:\\xampp7\\htdocs\\zakwanbd\\affiliate\\vendor\\laravel\\framework\\src\\Illuminate\\Container\\BoundMethod.php(37): Illuminate\\Container\\BoundMethod::callBoundMethod(Object(Illuminate\\Foundation\\Application), Array, Object(Closure))
#22 D:\\xampp7\\htdocs\\zakwanbd\\affiliate\\vendor\\laravel\\framework\\src\\Illuminate\\Container\\Container.php(596): Illuminate\\Container\\BoundMethod::call(Object(Illuminate\\Foundation\\Application), Array, Array, NULL)
#23 D:\\xampp7\\htdocs\\zakwanbd\\affiliate\\vendor\\laravel\\framework\\src\\Illuminate\\Foundation\\Application.php(867): Illuminate\\Container\\Container->call(Array)
#24 D:\\xampp7\\htdocs\\zakwanbd\\affiliate\\vendor\\laravel\\framework\\src\\Illuminate\\Foundation\\Application.php(850): Illuminate\\Foundation\\Application->bootProvider(Object(App\\Providers\\MailConfigServiceProvider))
#25 [internal function]: Illuminate\\Foundation\\Application->Illuminate\\Foundation\\{closure}(Object(App\\Providers\\MailConfigServiceProvider), 21)
#26 D:\\xampp7\\htdocs\\zakwanbd\\affiliate\\vendor\\laravel\\framework\\src\\Illuminate\\Foundation\\Application.php(851): array_walk(Array, Object(Closure))
#27 D:\\xampp7\\htdocs\\zakwanbd\\affiliate\\vendor\\laravel\\framework\\src\\Illuminate\\Foundation\\Bootstrap\\BootProviders.php(17): Illuminate\\Foundation\\Application->boot()
#28 D:\\xampp7\\htdocs\\zakwanbd\\affiliate\\vendor\\laravel\\framework\\src\\Illuminate\\Foundation\\Application.php(230): Illuminate\\Foundation\\Bootstrap\\BootProviders->bootstrap(Object(Illuminate\\Foundation\\Application))
#29 D:\\xampp7\\htdocs\\zakwanbd\\affiliate\\vendor\\laravel\\framework\\src\\Illuminate\\Foundation\\Http\\Kernel.php(151): Illuminate\\Foundation\\Application->bootstrapWith(Array)
#30 D:\\xampp7\\htdocs\\zakwanbd\\affiliate\\vendor\\laravel\\framework\\src\\Illuminate\\Foundation\\Http\\Kernel.php(135): Illuminate\\Foundation\\Http\\Kernel->bootstrap()
#31 D:\\xampp7\\htdocs\\zakwanbd\\affiliate\\vendor\\laravel\\framework\\src\\Illuminate\\Foundation\\Http\\Kernel.php(109): Illuminate\\Foundation\\Http\\Kernel->sendRequestThroughRouter(Object(Illuminate\\Http\\Request))
#32 D:\\xampp7\\htdocs\\zakwanbd\\affiliate\\index.php(55): Illuminate\\Foundation\\Http\\Kernel->handle(Object(Illuminate\\Http\\Request))
#33 {main}
"} 
[2025-04-14 12:59:02] local.ERROR: SQLSTATE[HY000] [1049] Unknown database 'laravel' (SQL: select * from `smtp` where `id` = 1 limit 1) {"exception":"[object] (Illuminate\\Database\\QueryException(code: 1049): SQLSTATE[HY000] [1049] Unknown database 'laravel' (SQL: select * from `smtp` where `id` = 1 limit 1) at D:\\xampp7\\htdocs\\zakwanbd\\affiliate\\vendor\\laravel\\framework\\src\\Illuminate\\Database\\Connection.php:671)
[stacktrace]
#0 D:\\xampp7\\htdocs\\zakwanbd\\affiliate\\vendor\\laravel\\framework\\src\\Illuminate\\Database\\Connection.php(631): Illuminate\\Database\\Connection->runQueryCallback('select * from `...', Array, Object(Closure))
#1 D:\\xampp7\\htdocs\\zakwanbd\\affiliate\\vendor\\laravel\\framework\\src\\Illuminate\\Database\\Connection.php(339): Illuminate\\Database\\Connection->run('select * from `...', Array, Object(Closure))
#2 D:\\xampp7\\htdocs\\zakwanbd\\affiliate\\vendor\\laravel\\framework\\src\\Illuminate\\Database\\Query\\Builder.php(2270): Illuminate\\Database\\Connection->select('select * from `...', Array, true)
#3 D:\\xampp7\\htdocs\\zakwanbd\\affiliate\\vendor\\laravel\\framework\\src\\Illuminate\\Database\\Query\\Builder.php(2258): Illuminate\\Database\\Query\\Builder->runSelect()
#4 D:\\xampp7\\htdocs\\zakwanbd\\affiliate\\vendor\\laravel\\framework\\src\\Illuminate\\Database\\Query\\Builder.php(2753): Illuminate\\Database\\Query\\Builder->Illuminate\\Database\\Query\\{closure}()
#5 D:\\xampp7\\htdocs\\zakwanbd\\affiliate\\vendor\\laravel\\framework\\src\\Illuminate\\Database\\Query\\Builder.php(2259): Illuminate\\Database\\Query\\Builder->onceWithColumns(Array, Object(Closure))
#6 D:\\xampp7\\htdocs\\zakwanbd\\affiliate\\vendor\\laravel\\framework\\src\\Illuminate\\Database\\Concerns\\BuildsQueries.php(143): Illuminate\\Database\\Query\\Builder->get(Array)
#7 D:\\xampp7\\htdocs\\zakwanbd\\affiliate\\app\\Providers\\MailConfigServiceProvider.php(29): Illuminate\\Database\\Query\\Builder->first()
#8 D:\\xampp7\\htdocs\\zakwanbd\\affiliate\\vendor\\laravel\\framework\\src\\Illuminate\\Container\\BoundMethod.php(36): App\\Providers\\MailConfigServiceProvider->boot()
#9 D:\\xampp7\\htdocs\\zakwanbd\\affiliate\\vendor\\laravel\\framework\\src\\Illuminate\\Container\\Util.php(37): Illuminate\\Container\\BoundMethod::Illuminate\\Container\\{closure}()
#10 D:\\xampp7\\htdocs\\zakwanbd\\affiliate\\vendor\\laravel\\framework\\src\\Illuminate\\Container\\BoundMethod.php(93): Illuminate\\Container\\Util::unwrapIfClosure(Object(Closure))
#11 D:\\xampp7\\htdocs\\zakwanbd\\affiliate\\vendor\\laravel\\framework\\src\\Illuminate\\Container\\BoundMethod.php(37): Illuminate\\Container\\BoundMethod::callBoundMethod(Object(Illuminate\\Foundation\\Application), Array, Object(Closure))
#12 D:\\xampp7\\htdocs\\zakwanbd\\affiliate\\vendor\\laravel\\framework\\src\\Illuminate\\Container\\Container.php(596): Illuminate\\Container\\BoundMethod::call(Object(Illuminate\\Foundation\\Application), Array, Array, NULL)
#13 D:\\xampp7\\htdocs\\zakwanbd\\affiliate\\vendor\\laravel\\framework\\src\\Illuminate\\Foundation\\Application.php(867): Illuminate\\Container\\Container->call(Array)
#14 D:\\xampp7\\htdocs\\zakwanbd\\affiliate\\vendor\\laravel\\framework\\src\\Illuminate\\Foundation\\Application.php(850): Illuminate\\Foundation\\Application->bootProvider(Object(App\\Providers\\MailConfigServiceProvider))
#15 [internal function]: Illuminate\\Foundation\\Application->Illuminate\\Foundation\\{closure}(Object(App\\Providers\\MailConfigServiceProvider), 21)
#16 D:\\xampp7\\htdocs\\zakwanbd\\affiliate\\vendor\\laravel\\framework\\src\\Illuminate\\Foundation\\Application.php(851): array_walk(Array, Object(Closure))
#17 D:\\xampp7\\htdocs\\zakwanbd\\affiliate\\vendor\\laravel\\framework\\src\\Illuminate\\Foundation\\Bootstrap\\BootProviders.php(17): Illuminate\\Foundation\\Application->boot()
#18 D:\\xampp7\\htdocs\\zakwanbd\\affiliate\\vendor\\laravel\\framework\\src\\Illuminate\\Foundation\\Application.php(230): Illuminate\\Foundation\\Bootstrap\\BootProviders->bootstrap(Object(Illuminate\\Foundation\\Application))
#19 D:\\xampp7\\htdocs\\zakwanbd\\affiliate\\vendor\\laravel\\framework\\src\\Illuminate\\Foundation\\Http\\Kernel.php(151): Illuminate\\Foundation\\Application->bootstrapWith(Array)
#20 D:\\xampp7\\htdocs\\zakwanbd\\affiliate\\vendor\\laravel\\framework\\src\\Illuminate\\Foundation\\Http\\Kernel.php(135): Illuminate\\Foundation\\Http\\Kernel->bootstrap()
#21 D:\\xampp7\\htdocs\\zakwanbd\\affiliate\\vendor\\laravel\\framework\\src\\Illuminate\\Foundation\\Http\\Kernel.php(109): Illuminate\\Foundation\\Http\\Kernel->sendRequestThroughRouter(Object(Illuminate\\Http\\Request))
#22 D:\\xampp7\\htdocs\\zakwanbd\\affiliate\\index.php(55): Illuminate\\Foundation\\Http\\Kernel->handle(Object(Illuminate\\Http\\Request))
#23 {main}

[previous exception] [object] (PDOException(code: 1049): SQLSTATE[HY000] [1049] Unknown database 'laravel' at D:\\xampp7\\htdocs\\zakwanbd\\affiliate\\vendor\\laravel\\framework\\src\\Illuminate\\Database\\Connectors\\Connector.php:70)
[stacktrace]
#0 D:\\xampp7\\htdocs\\zakwanbd\\affiliate\\vendor\\laravel\\framework\\src\\Illuminate\\Database\\Connectors\\Connector.php(70): PDO->__construct('mysql:host=127....', 'root', '', Array)
#1 D:\\xampp7\\htdocs\\zakwanbd\\affiliate\\vendor\\laravel\\framework\\src\\Illuminate\\Database\\Connectors\\Connector.php(46): Illuminate\\Database\\Connectors\\Connector->createPdoConnection('mysql:host=127....', 'root', '', Array)
#2 D:\\xampp7\\htdocs\\zakwanbd\\affiliate\\vendor\\laravel\\framework\\src\\Illuminate\\Database\\Connectors\\MySqlConnector.php(24): Illuminate\\Database\\Connectors\\Connector->createConnection('mysql:host=127....', Array, Array)
#3 D:\\xampp7\\htdocs\\zakwanbd\\affiliate\\vendor\\laravel\\framework\\src\\Illuminate\\Database\\Connectors\\ConnectionFactory.php(184): Illuminate\\Database\\Connectors\\MySqlConnector->connect(Array)
#4 [internal function]: Illuminate\\Database\\Connectors\\ConnectionFactory->Illuminate\\Database\\Connectors\\{closure}()
#5 D:\\xampp7\\htdocs\\zakwanbd\\affiliate\\vendor\\laravel\\framework\\src\\Illuminate\\Database\\Connection.php(926): call_user_func(Object(Closure))
#6 D:\\xampp7\\htdocs\\zakwanbd\\affiliate\\vendor\\laravel\\framework\\src\\Illuminate\\Database\\Connection.php(961): Illuminate\\Database\\Connection->getPdo()
#7 D:\\xampp7\\htdocs\\zakwanbd\\affiliate\\vendor\\laravel\\framework\\src\\Illuminate\\Database\\Connection.php(405): Illuminate\\Database\\Connection->getReadPdo()
#8 D:\\xampp7\\htdocs\\zakwanbd\\affiliate\\vendor\\laravel\\framework\\src\\Illuminate\\Database\\Connection.php(331): Illuminate\\Database\\Connection->getPdoForSelect(true)
#9 D:\\xampp7\\htdocs\\zakwanbd\\affiliate\\vendor\\laravel\\framework\\src\\Illuminate\\Database\\Connection.php(664): Illuminate\\Database\\Connection->Illuminate\\Database\\{closure}('select * from `...', Array)
#10 D:\\xampp7\\htdocs\\zakwanbd\\affiliate\\vendor\\laravel\\framework\\src\\Illuminate\\Database\\Connection.php(631): Illuminate\\Database\\Connection->runQueryCallback('select * from `...', Array, Object(Closure))
#11 D:\\xampp7\\htdocs\\zakwanbd\\affiliate\\vendor\\laravel\\framework\\src\\Illuminate\\Database\\Connection.php(339): Illuminate\\Database\\Connection->run('select * from `...', Array, Object(Closure))
#12 D:\\xampp7\\htdocs\\zakwanbd\\affiliate\\vendor\\laravel\\framework\\src\\Illuminate\\Database\\Query\\Builder.php(2270): Illuminate\\Database\\Connection->select('select * from `...', Array, true)
#13 D:\\xampp7\\htdocs\\zakwanbd\\affiliate\\vendor\\laravel\\framework\\src\\Illuminate\\Database\\Query\\Builder.php(2258): Illuminate\\Database\\Query\\Builder->runSelect()
#14 D:\\xampp7\\htdocs\\zakwanbd\\affiliate\\vendor\\laravel\\framework\\src\\Illuminate\\Database\\Query\\Builder.php(2753): Illuminate\\Database\\Query\\Builder->Illuminate\\Database\\Query\\{closure}()
#15 D:\\xampp7\\htdocs\\zakwanbd\\affiliate\\vendor\\laravel\\framework\\src\\Illuminate\\Database\\Query\\Builder.php(2259): Illuminate\\Database\\Query\\Builder->onceWithColumns(Array, Object(Closure))
#16 D:\\xampp7\\htdocs\\zakwanbd\\affiliate\\vendor\\laravel\\framework\\src\\Illuminate\\Database\\Concerns\\BuildsQueries.php(143): Illuminate\\Database\\Query\\Builder->get(Array)
#17 D:\\xampp7\\htdocs\\zakwanbd\\affiliate\\app\\Providers\\MailConfigServiceProvider.php(29): Illuminate\\Database\\Query\\Builder->first()
#18 D:\\xampp7\\htdocs\\zakwanbd\\affiliate\\vendor\\laravel\\framework\\src\\Illuminate\\Container\\BoundMethod.php(36): App\\Providers\\MailConfigServiceProvider->boot()
#19 D:\\xampp7\\htdocs\\zakwanbd\\affiliate\\vendor\\laravel\\framework\\src\\Illuminate\\Container\\Util.php(37): Illuminate\\Container\\BoundMethod::Illuminate\\Container\\{closure}()
#20 D:\\xampp7\\htdocs\\zakwanbd\\affiliate\\vendor\\laravel\\framework\\src\\Illuminate\\Container\\BoundMethod.php(93): Illuminate\\Container\\Util::unwrapIfClosure(Object(Closure))
#21 D:\\xampp7\\htdocs\\zakwanbd\\affiliate\\vendor\\laravel\\framework\\src\\Illuminate\\Container\\BoundMethod.php(37): Illuminate\\Container\\BoundMethod::callBoundMethod(Object(Illuminate\\Foundation\\Application), Array, Object(Closure))
#22 D:\\xampp7\\htdocs\\zakwanbd\\affiliate\\vendor\\laravel\\framework\\src\\Illuminate\\Container\\Container.php(596): Illuminate\\Container\\BoundMethod::call(Object(Illuminate\\Foundation\\Application), Array, Array, NULL)
#23 D:\\xampp7\\htdocs\\zakwanbd\\affiliate\\vendor\\laravel\\framework\\src\\Illuminate\\Foundation\\Application.php(867): Illuminate\\Container\\Container->call(Array)
#24 D:\\xampp7\\htdocs\\zakwanbd\\affiliate\\vendor\\laravel\\framework\\src\\Illuminate\\Foundation\\Application.php(850): Illuminate\\Foundation\\Application->bootProvider(Object(App\\Providers\\MailConfigServiceProvider))
#25 [internal function]: Illuminate\\Foundation\\Application->Illuminate\\Foundation\\{closure}(Object(App\\Providers\\MailConfigServiceProvider), 21)
#26 D:\\xampp7\\htdocs\\zakwanbd\\affiliate\\vendor\\laravel\\framework\\src\\Illuminate\\Foundation\\Application.php(851): array_walk(Array, Object(Closure))
#27 D:\\xampp7\\htdocs\\zakwanbd\\affiliate\\vendor\\laravel\\framework\\src\\Illuminate\\Foundation\\Bootstrap\\BootProviders.php(17): Illuminate\\Foundation\\Application->boot()
#28 D:\\xampp7\\htdocs\\zakwanbd\\affiliate\\vendor\\laravel\\framework\\src\\Illuminate\\Foundation\\Application.php(230): Illuminate\\Foundation\\Bootstrap\\BootProviders->bootstrap(Object(Illuminate\\Foundation\\Application))
#29 D:\\xampp7\\htdocs\\zakwanbd\\affiliate\\vendor\\laravel\\framework\\src\\Illuminate\\Foundation\\Http\\Kernel.php(151): Illuminate\\Foundation\\Application->bootstrapWith(Array)
#30 D:\\xampp7\\htdocs\\zakwanbd\\affiliate\\vendor\\laravel\\framework\\src\\Illuminate\\Foundation\\Http\\Kernel.php(135): Illuminate\\Foundation\\Http\\Kernel->bootstrap()
#31 D:\\xampp7\\htdocs\\zakwanbd\\affiliate\\vendor\\laravel\\framework\\src\\Illuminate\\Foundation\\Http\\Kernel.php(109): Illuminate\\Foundation\\Http\\Kernel->sendRequestThroughRouter(Object(Illuminate\\Http\\Request))
#32 D:\\xampp7\\htdocs\\zakwanbd\\affiliate\\index.php(55): Illuminate\\Foundation\\Http\\Kernel->handle(Object(Illuminate\\Http\\Request))
#33 {main}
"} 
[2025-04-14 12:59:02] local.ERROR: SQLSTATE[HY000] [1049] Unknown database 'laravel' (SQL: select * from `smtp` where `id` = 1 limit 1) {"exception":"[object] (Illuminate\\Database\\QueryException(code: 1049): SQLSTATE[HY000] [1049] Unknown database 'laravel' (SQL: select * from `smtp` where `id` = 1 limit 1) at D:\\xampp7\\htdocs\\zakwanbd\\affiliate\\vendor\\laravel\\framework\\src\\Illuminate\\Database\\Connection.php:671)
[stacktrace]
#0 D:\\xampp7\\htdocs\\zakwanbd\\affiliate\\vendor\\laravel\\framework\\src\\Illuminate\\Database\\Connection.php(631): Illuminate\\Database\\Connection->runQueryCallback('select * from `...', Array, Object(Closure))
#1 D:\\xampp7\\htdocs\\zakwanbd\\affiliate\\vendor\\laravel\\framework\\src\\Illuminate\\Database\\Connection.php(339): Illuminate\\Database\\Connection->run('select * from `...', Array, Object(Closure))
#2 D:\\xampp7\\htdocs\\zakwanbd\\affiliate\\vendor\\laravel\\framework\\src\\Illuminate\\Database\\Query\\Builder.php(2270): Illuminate\\Database\\Connection->select('select * from `...', Array, true)
#3 D:\\xampp7\\htdocs\\zakwanbd\\affiliate\\vendor\\laravel\\framework\\src\\Illuminate\\Database\\Query\\Builder.php(2258): Illuminate\\Database\\Query\\Builder->runSelect()
#4 D:\\xampp7\\htdocs\\zakwanbd\\affiliate\\vendor\\laravel\\framework\\src\\Illuminate\\Database\\Query\\Builder.php(2753): Illuminate\\Database\\Query\\Builder->Illuminate\\Database\\Query\\{closure}()
#5 D:\\xampp7\\htdocs\\zakwanbd\\affiliate\\vendor\\laravel\\framework\\src\\Illuminate\\Database\\Query\\Builder.php(2259): Illuminate\\Database\\Query\\Builder->onceWithColumns(Array, Object(Closure))
#6 D:\\xampp7\\htdocs\\zakwanbd\\affiliate\\vendor\\laravel\\framework\\src\\Illuminate\\Database\\Concerns\\BuildsQueries.php(143): Illuminate\\Database\\Query\\Builder->get(Array)
#7 D:\\xampp7\\htdocs\\zakwanbd\\affiliate\\app\\Providers\\MailConfigServiceProvider.php(29): Illuminate\\Database\\Query\\Builder->first()
#8 D:\\xampp7\\htdocs\\zakwanbd\\affiliate\\vendor\\laravel\\framework\\src\\Illuminate\\Container\\BoundMethod.php(36): App\\Providers\\MailConfigServiceProvider->boot()
#9 D:\\xampp7\\htdocs\\zakwanbd\\affiliate\\vendor\\laravel\\framework\\src\\Illuminate\\Container\\Util.php(37): Illuminate\\Container\\BoundMethod::Illuminate\\Container\\{closure}()
#10 D:\\xampp7\\htdocs\\zakwanbd\\affiliate\\vendor\\laravel\\framework\\src\\Illuminate\\Container\\BoundMethod.php(93): Illuminate\\Container\\Util::unwrapIfClosure(Object(Closure))
#11 D:\\xampp7\\htdocs\\zakwanbd\\affiliate\\vendor\\laravel\\framework\\src\\Illuminate\\Container\\BoundMethod.php(37): Illuminate\\Container\\BoundMethod::callBoundMethod(Object(Illuminate\\Foundation\\Application), Array, Object(Closure))
#12 D:\\xampp7\\htdocs\\zakwanbd\\affiliate\\vendor\\laravel\\framework\\src\\Illuminate\\Container\\Container.php(596): Illuminate\\Container\\BoundMethod::call(Object(Illuminate\\Foundation\\Application), Array, Array, NULL)
#13 D:\\xampp7\\htdocs\\zakwanbd\\affiliate\\vendor\\laravel\\framework\\src\\Illuminate\\Foundation\\Application.php(867): Illuminate\\Container\\Container->call(Array)
#14 D:\\xampp7\\htdocs\\zakwanbd\\affiliate\\vendor\\laravel\\framework\\src\\Illuminate\\Foundation\\Application.php(850): Illuminate\\Foundation\\Application->bootProvider(Object(App\\Providers\\MailConfigServiceProvider))
#15 [internal function]: Illuminate\\Foundation\\Application->Illuminate\\Foundation\\{closure}(Object(App\\Providers\\MailConfigServiceProvider), 21)
#16 D:\\xampp7\\htdocs\\zakwanbd\\affiliate\\vendor\\laravel\\framework\\src\\Illuminate\\Foundation\\Application.php(851): array_walk(Array, Object(Closure))
#17 D:\\xampp7\\htdocs\\zakwanbd\\affiliate\\vendor\\laravel\\framework\\src\\Illuminate\\Foundation\\Bootstrap\\BootProviders.php(17): Illuminate\\Foundation\\Application->boot()
#18 D:\\xampp7\\htdocs\\zakwanbd\\affiliate\\vendor\\laravel\\framework\\src\\Illuminate\\Foundation\\Application.php(230): Illuminate\\Foundation\\Bootstrap\\BootProviders->bootstrap(Object(Illuminate\\Foundation\\Application))
#19 D:\\xampp7\\htdocs\\zakwanbd\\affiliate\\vendor\\laravel\\framework\\src\\Illuminate\\Foundation\\Http\\Kernel.php(151): Illuminate\\Foundation\\Application->bootstrapWith(Array)
#20 D:\\xampp7\\htdocs\\zakwanbd\\affiliate\\vendor\\laravel\\framework\\src\\Illuminate\\Foundation\\Http\\Kernel.php(135): Illuminate\\Foundation\\Http\\Kernel->bootstrap()
#21 D:\\xampp7\\htdocs\\zakwanbd\\affiliate\\vendor\\laravel\\framework\\src\\Illuminate\\Foundation\\Http\\Kernel.php(109): Illuminate\\Foundation\\Http\\Kernel->sendRequestThroughRouter(Object(Illuminate\\Http\\Request))
#22 D:\\xampp7\\htdocs\\zakwanbd\\affiliate\\index.php(55): Illuminate\\Foundation\\Http\\Kernel->handle(Object(Illuminate\\Http\\Request))
#23 {main}

[previous exception] [object] (PDOException(code: 1049): SQLSTATE[HY000] [1049] Unknown database 'laravel' at D:\\xampp7\\htdocs\\zakwanbd\\affiliate\\vendor\\laravel\\framework\\src\\Illuminate\\Database\\Connectors\\Connector.php:70)
[stacktrace]
#0 D:\\xampp7\\htdocs\\zakwanbd\\affiliate\\vendor\\laravel\\framework\\src\\Illuminate\\Database\\Connectors\\Connector.php(70): PDO->__construct('mysql:host=127....', 'root', '', Array)
#1 D:\\xampp7\\htdocs\\zakwanbd\\affiliate\\vendor\\laravel\\framework\\src\\Illuminate\\Database\\Connectors\\Connector.php(46): Illuminate\\Database\\Connectors\\Connector->createPdoConnection('mysql:host=127....', 'root', '', Array)
#2 D:\\xampp7\\htdocs\\zakwanbd\\affiliate\\vendor\\laravel\\framework\\src\\Illuminate\\Database\\Connectors\\MySqlConnector.php(24): Illuminate\\Database\\Connectors\\Connector->createConnection('mysql:host=127....', Array, Array)
#3 D:\\xampp7\\htdocs\\zakwanbd\\affiliate\\vendor\\laravel\\framework\\src\\Illuminate\\Database\\Connectors\\ConnectionFactory.php(184): Illuminate\\Database\\Connectors\\MySqlConnector->connect(Array)
#4 [internal function]: Illuminate\\Database\\Connectors\\ConnectionFactory->Illuminate\\Database\\Connectors\\{closure}()
#5 D:\\xampp7\\htdocs\\zakwanbd\\affiliate\\vendor\\laravel\\framework\\src\\Illuminate\\Database\\Connection.php(926): call_user_func(Object(Closure))
#6 D:\\xampp7\\htdocs\\zakwanbd\\affiliate\\vendor\\laravel\\framework\\src\\Illuminate\\Database\\Connection.php(961): Illuminate\\Database\\Connection->getPdo()
#7 D:\\xampp7\\htdocs\\zakwanbd\\affiliate\\vendor\\laravel\\framework\\src\\Illuminate\\Database\\Connection.php(405): Illuminate\\Database\\Connection->getReadPdo()
#8 D:\\xampp7\\htdocs\\zakwanbd\\affiliate\\vendor\\laravel\\framework\\src\\Illuminate\\Database\\Connection.php(331): Illuminate\\Database\\Connection->getPdoForSelect(true)
#9 D:\\xampp7\\htdocs\\zakwanbd\\affiliate\\vendor\\laravel\\framework\\src\\Illuminate\\Database\\Connection.php(664): Illuminate\\Database\\Connection->Illuminate\\Database\\{closure}('select * from `...', Array)
#10 D:\\xampp7\\htdocs\\zakwanbd\\affiliate\\vendor\\laravel\\framework\\src\\Illuminate\\Database\\Connection.php(631): Illuminate\\Database\\Connection->runQueryCallback('select * from `...', Array, Object(Closure))
#11 D:\\xampp7\\htdocs\\zakwanbd\\affiliate\\vendor\\laravel\\framework\\src\\Illuminate\\Database\\Connection.php(339): Illuminate\\Database\\Connection->run('select * from `...', Array, Object(Closure))
#12 D:\\xampp7\\htdocs\\zakwanbd\\affiliate\\vendor\\laravel\\framework\\src\\Illuminate\\Database\\Query\\Builder.php(2270): Illuminate\\Database\\Connection->select('select * from `...', Array, true)
#13 D:\\xampp7\\htdocs\\zakwanbd\\affiliate\\vendor\\laravel\\framework\\src\\Illuminate\\Database\\Query\\Builder.php(2258): Illuminate\\Database\\Query\\Builder->runSelect()
#14 D:\\xampp7\\htdocs\\zakwanbd\\affiliate\\vendor\\laravel\\framework\\src\\Illuminate\\Database\\Query\\Builder.php(2753): Illuminate\\Database\\Query\\Builder->Illuminate\\Database\\Query\\{closure}()
#15 D:\\xampp7\\htdocs\\zakwanbd\\affiliate\\vendor\\laravel\\framework\\src\\Illuminate\\Database\\Query\\Builder.php(2259): Illuminate\\Database\\Query\\Builder->onceWithColumns(Array, Object(Closure))
#16 D:\\xampp7\\htdocs\\zakwanbd\\affiliate\\vendor\\laravel\\framework\\src\\Illuminate\\Database\\Concerns\\BuildsQueries.php(143): Illuminate\\Database\\Query\\Builder->get(Array)
#17 D:\\xampp7\\htdocs\\zakwanbd\\affiliate\\app\\Providers\\MailConfigServiceProvider.php(29): Illuminate\\Database\\Query\\Builder->first()
#18 D:\\xampp7\\htdocs\\zakwanbd\\affiliate\\vendor\\laravel\\framework\\src\\Illuminate\\Container\\BoundMethod.php(36): App\\Providers\\MailConfigServiceProvider->boot()
#19 D:\\xampp7\\htdocs\\zakwanbd\\affiliate\\vendor\\laravel\\framework\\src\\Illuminate\\Container\\Util.php(37): Illuminate\\Container\\BoundMethod::Illuminate\\Container\\{closure}()
#20 D:\\xampp7\\htdocs\\zakwanbd\\affiliate\\vendor\\laravel\\framework\\src\\Illuminate\\Container\\BoundMethod.php(93): Illuminate\\Container\\Util::unwrapIfClosure(Object(Closure))
#21 D:\\xampp7\\htdocs\\zakwanbd\\affiliate\\vendor\\laravel\\framework\\src\\Illuminate\\Container\\BoundMethod.php(37): Illuminate\\Container\\BoundMethod::callBoundMethod(Object(Illuminate\\Foundation\\Application), Array, Object(Closure))
#22 D:\\xampp7\\htdocs\\zakwanbd\\affiliate\\vendor\\laravel\\framework\\src\\Illuminate\\Container\\Container.php(596): Illuminate\\Container\\BoundMethod::call(Object(Illuminate\\Foundation\\Application), Array, Array, NULL)
#23 D:\\xampp7\\htdocs\\zakwanbd\\affiliate\\vendor\\laravel\\framework\\src\\Illuminate\\Foundation\\Application.php(867): Illuminate\\Container\\Container->call(Array)
#24 D:\\xampp7\\htdocs\\zakwanbd\\affiliate\\vendor\\laravel\\framework\\src\\Illuminate\\Foundation\\Application.php(850): Illuminate\\Foundation\\Application->bootProvider(Object(App\\Providers\\MailConfigServiceProvider))
#25 [internal function]: Illuminate\\Foundation\\Application->Illuminate\\Foundation\\{closure}(Object(App\\Providers\\MailConfigServiceProvider), 21)
#26 D:\\xampp7\\htdocs\\zakwanbd\\affiliate\\vendor\\laravel\\framework\\src\\Illuminate\\Foundation\\Application.php(851): array_walk(Array, Object(Closure))
#27 D:\\xampp7\\htdocs\\zakwanbd\\affiliate\\vendor\\laravel\\framework\\src\\Illuminate\\Foundation\\Bootstrap\\BootProviders.php(17): Illuminate\\Foundation\\Application->boot()
#28 D:\\xampp7\\htdocs\\zakwanbd\\affiliate\\vendor\\laravel\\framework\\src\\Illuminate\\Foundation\\Application.php(230): Illuminate\\Foundation\\Bootstrap\\BootProviders->bootstrap(Object(Illuminate\\Foundation\\Application))
#29 D:\\xampp7\\htdocs\\zakwanbd\\affiliate\\vendor\\laravel\\framework\\src\\Illuminate\\Foundation\\Http\\Kernel.php(151): Illuminate\\Foundation\\Application->bootstrapWith(Array)
#30 D:\\xampp7\\htdocs\\zakwanbd\\affiliate\\vendor\\laravel\\framework\\src\\Illuminate\\Foundation\\Http\\Kernel.php(135): Illuminate\\Foundation\\Http\\Kernel->bootstrap()
#31 D:\\xampp7\\htdocs\\zakwanbd\\affiliate\\vendor\\laravel\\framework\\src\\Illuminate\\Foundation\\Http\\Kernel.php(109): Illuminate\\Foundation\\Http\\Kernel->sendRequestThroughRouter(Object(Illuminate\\Http\\Request))
#32 D:\\xampp7\\htdocs\\zakwanbd\\affiliate\\index.php(55): Illuminate\\Foundation\\Http\\Kernel->handle(Object(Illuminate\\Http\\Request))
#33 {main}
"} 
[2025-04-14 13:07:20] local.ERROR: SQLSTATE[42S02]: Base table or view not found: 1146 Table 'zakwanbd.contest_fund_history' doesn't exist (SQL: select count(*) as aggregate from `contest_fund_history` inner join `users_public` on `contest_fund_history`.`user_id` = `users_public`.`id`) {"exception":"[object] (Illuminate\\Database\\QueryException(code: 42S02): SQLSTATE[42S02]: Base table or view not found: 1146 Table 'zakwanbd.contest_fund_history' doesn't exist (SQL: select count(*) as aggregate from `contest_fund_history` inner join `users_public` on `contest_fund_history`.`user_id` = `users_public`.`id`) at D:\\xampp7\\htdocs\\zakwanbd\\affiliate\\vendor\\laravel\\framework\\src\\Illuminate\\Database\\Connection.php:671)
[stacktrace]
#0 D:\\xampp7\\htdocs\\zakwanbd\\affiliate\\vendor\\laravel\\framework\\src\\Illuminate\\Database\\Connection.php(631): Illuminate\\Database\\Connection->runQueryCallback('select count(*)...', Array, Object(Closure))
#1 D:\\xampp7\\htdocs\\zakwanbd\\affiliate\\vendor\\laravel\\framework\\src\\Illuminate\\Database\\Connection.php(339): Illuminate\\Database\\Connection->run('select count(*)...', Array, Object(Closure))
#2 D:\\xampp7\\htdocs\\zakwanbd\\affiliate\\vendor\\laravel\\framework\\src\\Illuminate\\Database\\Query\\Builder.php(2270): Illuminate\\Database\\Connection->select('select count(*)...', Array, true)
#3 D:\\xampp7\\htdocs\\zakwanbd\\affiliate\\vendor\\laravel\\framework\\src\\Illuminate\\Database\\Query\\Builder.php(2258): Illuminate\\Database\\Query\\Builder->runSelect()
#4 D:\\xampp7\\htdocs\\zakwanbd\\affiliate\\vendor\\laravel\\framework\\src\\Illuminate\\Database\\Query\\Builder.php(2753): Illuminate\\Database\\Query\\Builder->Illuminate\\Database\\Query\\{closure}()
#5 D:\\xampp7\\htdocs\\zakwanbd\\affiliate\\vendor\\laravel\\framework\\src\\Illuminate\\Database\\Query\\Builder.php(2259): Illuminate\\Database\\Query\\Builder->onceWithColumns(Array, Object(Closure))
#6 D:\\xampp7\\htdocs\\zakwanbd\\affiliate\\vendor\\laravel\\framework\\src\\Illuminate\\Database\\Query\\Builder.php(2369): Illuminate\\Database\\Query\\Builder->get()
#7 D:\\xampp7\\htdocs\\zakwanbd\\affiliate\\vendor\\laravel\\framework\\src\\Illuminate\\Database\\Query\\Builder.php(2328): Illuminate\\Database\\Query\\Builder->runPaginationCountQuery(Array)
#8 D:\\xampp7\\htdocs\\zakwanbd\\affiliate\\vendor\\laravel\\framework\\src\\Illuminate\\Database\\Query\\Builder.php(2287): Illuminate\\Database\\Query\\Builder->getCountForPagination()
#9 D:\\xampp7\\htdocs\\zakwanbd\\affiliate\\app\\Http\\Controllers\\admin\\AdminAffiliteController.php(811): Illuminate\\Database\\Query\\Builder->paginate(20)
#10 D:\\xampp7\\htdocs\\zakwanbd\\affiliate\\vendor\\laravel\\framework\\src\\Illuminate\\Routing\\Controller.php(54): App\\Http\\Controllers\\admin\\AdminAffiliteController->contestHistory()
#11 D:\\xampp7\\htdocs\\zakwanbd\\affiliate\\vendor\\laravel\\framework\\src\\Illuminate\\Routing\\ControllerDispatcher.php(45): Illuminate\\Routing\\Controller->callAction('contestHistory', Array)
#12 D:\\xampp7\\htdocs\\zakwanbd\\affiliate\\vendor\\laravel\\framework\\src\\Illuminate\\Routing\\Route.php(239): Illuminate\\Routing\\ControllerDispatcher->dispatch(Object(Illuminate\\Routing\\Route), Object(App\\Http\\Controllers\\admin\\AdminAffiliteController), 'contestHistory')
#13 D:\\xampp7\\htdocs\\zakwanbd\\affiliate\\vendor\\laravel\\framework\\src\\Illuminate\\Routing\\Route.php(196): Illuminate\\Routing\\Route->runController()
#14 D:\\xampp7\\htdocs\\zakwanbd\\affiliate\\vendor\\laravel\\framework\\src\\Illuminate\\Routing\\Router.php(685): Illuminate\\Routing\\Route->run()
#15 D:\\xampp7\\htdocs\\zakwanbd\\affiliate\\vendor\\laravel\\framework\\src\\Illuminate\\Pipeline\\Pipeline.php(128): Illuminate\\Routing\\Router->Illuminate\\Routing\\{closure}(Object(Illuminate\\Http\\Request))
#16 D:\\xampp7\\htdocs\\zakwanbd\\affiliate\\app\\Http\\Middleware\\AdminMiddleware.php(25): Illuminate\\Pipeline\\Pipeline->Illuminate\\Pipeline\\{closure}(Object(Illuminate\\Http\\Request))
#17 D:\\xampp7\\htdocs\\zakwanbd\\affiliate\\vendor\\laravel\\framework\\src\\Illuminate\\Pipeline\\Pipeline.php(167): App\\Http\\Middleware\\AdminMiddleware->handle(Object(Illuminate\\Http\\Request), Object(Closure))
#18 D:\\xampp7\\htdocs\\zakwanbd\\affiliate\\vendor\\laravel\\framework\\src\\Illuminate\\Routing\\Middleware\\SubstituteBindings.php(41): Illuminate\\Pipeline\\Pipeline->Illuminate\\Pipeline\\{closure}(Object(Illuminate\\Http\\Request))
#19 D:\\xampp7\\htdocs\\zakwanbd\\affiliate\\vendor\\laravel\\framework\\src\\Illuminate\\Pipeline\\Pipeline.php(167): Illuminate\\Routing\\Middleware\\SubstituteBindings->handle(Object(Illuminate\\Http\\Request), Object(Closure))
#20 D:\\xampp7\\htdocs\\zakwanbd\\affiliate\\vendor\\laravel\\framework\\src\\Illuminate\\Foundation\\Http\\Middleware\\VerifyCsrfToken.php(78): Illuminate\\Pipeline\\Pipeline->Illuminate\\Pipeline\\{closure}(Object(Illuminate\\Http\\Request))
#21 D:\\xampp7\\htdocs\\zakwanbd\\affiliate\\vendor\\laravel\\framework\\src\\Illuminate\\Pipeline\\Pipeline.php(167): Illuminate\\Foundation\\Http\\Middleware\\VerifyCsrfToken->handle(Object(Illuminate\\Http\\Request), Object(Closure))
#22 D:\\xampp7\\htdocs\\zakwanbd\\affiliate\\vendor\\laravel\\framework\\src\\Illuminate\\View\\Middleware\\ShareErrorsFromSession.php(49): Illuminate\\Pipeline\\Pipeline->Illuminate\\Pipeline\\{closure}(Object(Illuminate\\Http\\Request))
#23 D:\\xampp7\\htdocs\\zakwanbd\\affiliate\\vendor\\laravel\\framework\\src\\Illuminate\\Pipeline\\Pipeline.php(167): Illuminate\\View\\Middleware\\ShareErrorsFromSession->handle(Object(Illuminate\\Http\\Request), Object(Closure))
#24 D:\\xampp7\\htdocs\\zakwanbd\\affiliate\\vendor\\laravel\\framework\\src\\Illuminate\\Session\\Middleware\\StartSession.php(116): Illuminate\\Pipeline\\Pipeline->Illuminate\\Pipeline\\{closure}(Object(Illuminate\\Http\\Request))
#25 D:\\xampp7\\htdocs\\zakwanbd\\affiliate\\vendor\\laravel\\framework\\src\\Illuminate\\Session\\Middleware\\StartSession.php(62): Illuminate\\Session\\Middleware\\StartSession->handleStatefulRequest(Object(Illuminate\\Http\\Request), Object(Illuminate\\Session\\Store), Object(Closure))
#26 D:\\xampp7\\htdocs\\zakwanbd\\affiliate\\vendor\\laravel\\framework\\src\\Illuminate\\Pipeline\\Pipeline.php(167): Illuminate\\Session\\Middleware\\StartSession->handle(Object(Illuminate\\Http\\Request), Object(Closure))
#27 D:\\xampp7\\htdocs\\zakwanbd\\affiliate\\vendor\\laravel\\framework\\src\\Illuminate\\Cookie\\Middleware\\AddQueuedCookiesToResponse.php(37): Illuminate\\Pipeline\\Pipeline->Illuminate\\Pipeline\\{closure}(Object(Illuminate\\Http\\Request))
#28 D:\\xampp7\\htdocs\\zakwanbd\\affiliate\\vendor\\laravel\\framework\\src\\Illuminate\\Pipeline\\Pipeline.php(167): Illuminate\\Cookie\\Middleware\\AddQueuedCookiesToResponse->handle(Object(Illuminate\\Http\\Request), Object(Closure))
#29 D:\\xampp7\\htdocs\\zakwanbd\\affiliate\\vendor\\laravel\\framework\\src\\Illuminate\\Cookie\\Middleware\\EncryptCookies.php(67): Illuminate\\Pipeline\\Pipeline->Illuminate\\Pipeline\\{closure}(Object(Illuminate\\Http\\Request))
#30 D:\\xampp7\\htdocs\\zakwanbd\\affiliate\\vendor\\laravel\\framework\\src\\Illuminate\\Pipeline\\Pipeline.php(167): Illuminate\\Cookie\\Middleware\\EncryptCookies->handle(Object(Illuminate\\Http\\Request), Object(Closure))
#31 D:\\xampp7\\htdocs\\zakwanbd\\affiliate\\vendor\\laravel\\framework\\src\\Illuminate\\Pipeline\\Pipeline.php(103): Illuminate\\Pipeline\\Pipeline->Illuminate\\Pipeline\\{closure}(Object(Illuminate\\Http\\Request))
#32 D:\\xampp7\\htdocs\\zakwanbd\\affiliate\\vendor\\laravel\\framework\\src\\Illuminate\\Routing\\Router.php(687): Illuminate\\Pipeline\\Pipeline->then(Object(Closure))
#33 D:\\xampp7\\htdocs\\zakwanbd\\affiliate\\vendor\\laravel\\framework\\src\\Illuminate\\Routing\\Router.php(662): Illuminate\\Routing\\Router->runRouteWithinStack(Object(Illuminate\\Routing\\Route), Object(Illuminate\\Http\\Request))
#34 D:\\xampp7\\htdocs\\zakwanbd\\affiliate\\vendor\\laravel\\framework\\src\\Illuminate\\Routing\\Router.php(628): Illuminate\\Routing\\Router->runRoute(Object(Illuminate\\Http\\Request), Object(Illuminate\\Routing\\Route))
#35 D:\\xampp7\\htdocs\\zakwanbd\\affiliate\\vendor\\laravel\\framework\\src\\Illuminate\\Routing\\Router.php(617): Illuminate\\Routing\\Router->dispatchToRoute(Object(Illuminate\\Http\\Request))
#36 D:\\xampp7\\htdocs\\zakwanbd\\affiliate\\vendor\\laravel\\framework\\src\\Illuminate\\Foundation\\Http\\Kernel.php(165): Illuminate\\Routing\\Router->dispatch(Object(Illuminate\\Http\\Request))
#37 D:\\xampp7\\htdocs\\zakwanbd\\affiliate\\vendor\\laravel\\framework\\src\\Illuminate\\Pipeline\\Pipeline.php(128): Illuminate\\Foundation\\Http\\Kernel->Illuminate\\Foundation\\Http\\{closure}(Object(Illuminate\\Http\\Request))
#38 D:\\xampp7\\htdocs\\zakwanbd\\affiliate\\vendor\\laravel\\framework\\src\\Illuminate\\Foundation\\Http\\Middleware\\TransformsRequest.php(21): Illuminate\\Pipeline\\Pipeline->Illuminate\\Pipeline\\{closure}(Object(Illuminate\\Http\\Request))
#39 D:\\xampp7\\htdocs\\zakwanbd\\affiliate\\vendor\\laravel\\framework\\src\\Illuminate\\Pipeline\\Pipeline.php(167): Illuminate\\Foundation\\Http\\Middleware\\TransformsRequest->handle(Object(Illuminate\\Http\\Request), Object(Closure))
#40 D:\\xampp7\\htdocs\\zakwanbd\\affiliate\\vendor\\laravel\\framework\\src\\Illuminate\\Foundation\\Http\\Middleware\\TransformsRequest.php(21): Illuminate\\Pipeline\\Pipeline->Illuminate\\Pipeline\\{closure}(Object(Illuminate\\Http\\Request))
#41 D:\\xampp7\\htdocs\\zakwanbd\\affiliate\\vendor\\laravel\\framework\\src\\Illuminate\\Pipeline\\Pipeline.php(167): Illuminate\\Foundation\\Http\\Middleware\\TransformsRequest->handle(Object(Illuminate\\Http\\Request), Object(Closure))
#42 D:\\xampp7\\htdocs\\zakwanbd\\affiliate\\vendor\\laravel\\framework\\src\\Illuminate\\Foundation\\Http\\Middleware\\ValidatePostSize.php(27): Illuminate\\Pipeline\\Pipeline->Illuminate\\Pipeline\\{closure}(Object(Illuminate\\Http\\Request))
#43 D:\\xampp7\\htdocs\\zakwanbd\\affiliate\\vendor\\laravel\\framework\\src\\Illuminate\\Pipeline\\Pipeline.php(167): Illuminate\\Foundation\\Http\\Middleware\\ValidatePostSize->handle(Object(Illuminate\\Http\\Request), Object(Closure))
#44 D:\\xampp7\\htdocs\\zakwanbd\\affiliate\\vendor\\laravel\\framework\\src\\Illuminate\\Foundation\\Http\\Middleware\\CheckForMaintenanceMode.php(63): Illuminate\\Pipeline\\Pipeline->Illuminate\\Pipeline\\{closure}(Object(Illuminate\\Http\\Request))
#45 D:\\xampp7\\htdocs\\zakwanbd\\affiliate\\vendor\\laravel\\framework\\src\\Illuminate\\Pipeline\\Pipeline.php(167): Illuminate\\Foundation\\Http\\Middleware\\CheckForMaintenanceMode->handle(Object(Illuminate\\Http\\Request), Object(Closure))
#46 D:\\xampp7\\htdocs\\zakwanbd\\affiliate\\vendor\\fruitcake\\laravel-cors\\src\\HandleCors.php(37): Illuminate\\Pipeline\\Pipeline->Illuminate\\Pipeline\\{closure}(Object(Illuminate\\Http\\Request))
#47 D:\\xampp7\\htdocs\\zakwanbd\\affiliate\\vendor\\laravel\\framework\\src\\Illuminate\\Pipeline\\Pipeline.php(167): Fruitcake\\Cors\\HandleCors->handle(Object(Illuminate\\Http\\Request), Object(Closure))
#48 D:\\xampp7\\htdocs\\zakwanbd\\affiliate\\vendor\\fideloper\\proxy\\src\\TrustProxies.php(57): Illuminate\\Pipeline\\Pipeline->Illuminate\\Pipeline\\{closure}(Object(Illuminate\\Http\\Request))
#49 D:\\xampp7\\htdocs\\zakwanbd\\affiliate\\vendor\\laravel\\framework\\src\\Illuminate\\Pipeline\\Pipeline.php(167): Fideloper\\Proxy\\TrustProxies->handle(Object(Illuminate\\Http\\Request), Object(Closure))
#50 D:\\xampp7\\htdocs\\zakwanbd\\affiliate\\vendor\\laravel\\framework\\src\\Illuminate\\Pipeline\\Pipeline.php(103): Illuminate\\Pipeline\\Pipeline->Illuminate\\Pipeline\\{closure}(Object(Illuminate\\Http\\Request))
#51 D:\\xampp7\\htdocs\\zakwanbd\\affiliate\\vendor\\laravel\\framework\\src\\Illuminate\\Foundation\\Http\\Kernel.php(140): Illuminate\\Pipeline\\Pipeline->then(Object(Closure))
#52 D:\\xampp7\\htdocs\\zakwanbd\\affiliate\\vendor\\laravel\\framework\\src\\Illuminate\\Foundation\\Http\\Kernel.php(109): Illuminate\\Foundation\\Http\\Kernel->sendRequestThroughRouter(Object(Illuminate\\Http\\Request))
#53 D:\\xampp7\\htdocs\\zakwanbd\\affiliate\\index.php(55): Illuminate\\Foundation\\Http\\Kernel->handle(Object(Illuminate\\Http\\Request))
#54 {main}

[previous exception] [object] (PDOException(code: 42S02): SQLSTATE[42S02]: Base table or view not found: 1146 Table 'zakwanbd.contest_fund_history' doesn't exist at D:\\xampp7\\htdocs\\zakwanbd\\affiliate\\vendor\\laravel\\framework\\src\\Illuminate\\Database\\Connection.php:331)
[stacktrace]
#0 D:\\xampp7\\htdocs\\zakwanbd\\affiliate\\vendor\\laravel\\framework\\src\\Illuminate\\Database\\Connection.php(331): PDO->prepare('select count(*)...')
#1 D:\\xampp7\\htdocs\\zakwanbd\\affiliate\\vendor\\laravel\\framework\\src\\Illuminate\\Database\\Connection.php(664): Illuminate\\Database\\Connection->Illuminate\\Database\\{closure}('select count(*)...', Array)
#2 D:\\xampp7\\htdocs\\zakwanbd\\affiliate\\vendor\\laravel\\framework\\src\\Illuminate\\Database\\Connection.php(631): Illuminate\\Database\\Connection->runQueryCallback('select count(*)...', Array, Object(Closure))
#3 D:\\xampp7\\htdocs\\zakwanbd\\affiliate\\vendor\\laravel\\framework\\src\\Illuminate\\Database\\Connection.php(339): Illuminate\\Database\\Connection->run('select count(*)...', Array, Object(Closure))
#4 D:\\xampp7\\htdocs\\zakwanbd\\affiliate\\vendor\\laravel\\framework\\src\\Illuminate\\Database\\Query\\Builder.php(2270): Illuminate\\Database\\Connection->select('select count(*)...', Array, true)
#5 D:\\xampp7\\htdocs\\zakwanbd\\affiliate\\vendor\\laravel\\framework\\src\\Illuminate\\Database\\Query\\Builder.php(2258): Illuminate\\Database\\Query\\Builder->runSelect()
#6 D:\\xampp7\\htdocs\\zakwanbd\\affiliate\\vendor\\laravel\\framework\\src\\Illuminate\\Database\\Query\\Builder.php(2753): Illuminate\\Database\\Query\\Builder->Illuminate\\Database\\Query\\{closure}()
#7 D:\\xampp7\\htdocs\\zakwanbd\\affiliate\\vendor\\laravel\\framework\\src\\Illuminate\\Database\\Query\\Builder.php(2259): Illuminate\\Database\\Query\\Builder->onceWithColumns(Array, Object(Closure))
#8 D:\\xampp7\\htdocs\\zakwanbd\\affiliate\\vendor\\laravel\\framework\\src\\Illuminate\\Database\\Query\\Builder.php(2369): Illuminate\\Database\\Query\\Builder->get()
#9 D:\\xampp7\\htdocs\\zakwanbd\\affiliate\\vendor\\laravel\\framework\\src\\Illuminate\\Database\\Query\\Builder.php(2328): Illuminate\\Database\\Query\\Builder->runPaginationCountQuery(Array)
#10 D:\\xampp7\\htdocs\\zakwanbd\\affiliate\\vendor\\laravel\\framework\\src\\Illuminate\\Database\\Query\\Builder.php(2287): Illuminate\\Database\\Query\\Builder->getCountForPagination()
#11 D:\\xampp7\\htdocs\\zakwanbd\\affiliate\\app\\Http\\Controllers\\admin\\AdminAffiliteController.php(811): Illuminate\\Database\\Query\\Builder->paginate(20)
#12 D:\\xampp7\\htdocs\\zakwanbd\\affiliate\\vendor\\laravel\\framework\\src\\Illuminate\\Routing\\Controller.php(54): App\\Http\\Controllers\\admin\\AdminAffiliteController->contestHistory()
#13 D:\\xampp7\\htdocs\\zakwanbd\\affiliate\\vendor\\laravel\\framework\\src\\Illuminate\\Routing\\ControllerDispatcher.php(45): Illuminate\\Routing\\Controller->callAction('contestHistory', Array)
#14 D:\\xampp7\\htdocs\\zakwanbd\\affiliate\\vendor\\laravel\\framework\\src\\Illuminate\\Routing\\Route.php(239): Illuminate\\Routing\\ControllerDispatcher->dispatch(Object(Illuminate\\Routing\\Route), Object(App\\Http\\Controllers\\admin\\AdminAffiliteController), 'contestHistory')
#15 D:\\xampp7\\htdocs\\zakwanbd\\affiliate\\vendor\\laravel\\framework\\src\\Illuminate\\Routing\\Route.php(196): Illuminate\\Routing\\Route->runController()
#16 D:\\xampp7\\htdocs\\zakwanbd\\affiliate\\vendor\\laravel\\framework\\src\\Illuminate\\Routing\\Router.php(685): Illuminate\\Routing\\Route->run()
#17 D:\\xampp7\\htdocs\\zakwanbd\\affiliate\\vendor\\laravel\\framework\\src\\Illuminate\\Pipeline\\Pipeline.php(128): Illuminate\\Routing\\Router->Illuminate\\Routing\\{closure}(Object(Illuminate\\Http\\Request))
#18 D:\\xampp7\\htdocs\\zakwanbd\\affiliate\\app\\Http\\Middleware\\AdminMiddleware.php(25): Illuminate\\Pipeline\\Pipeline->Illuminate\\Pipeline\\{closure}(Object(Illuminate\\Http\\Request))
#19 D:\\xampp7\\htdocs\\zakwanbd\\affiliate\\vendor\\laravel\\framework\\src\\Illuminate\\Pipeline\\Pipeline.php(167): App\\Http\\Middleware\\AdminMiddleware->handle(Object(Illuminate\\Http\\Request), Object(Closure))
#20 D:\\xampp7\\htdocs\\zakwanbd\\affiliate\\vendor\\laravel\\framework\\src\\Illuminate\\Routing\\Middleware\\SubstituteBindings.php(41): Illuminate\\Pipeline\\Pipeline->Illuminate\\Pipeline\\{closure}(Object(Illuminate\\Http\\Request))
#21 D:\\xampp7\\htdocs\\zakwanbd\\affiliate\\vendor\\laravel\\framework\\src\\Illuminate\\Pipeline\\Pipeline.php(167): Illuminate\\Routing\\Middleware\\SubstituteBindings->handle(Object(Illuminate\\Http\\Request), Object(Closure))
#22 D:\\xampp7\\htdocs\\zakwanbd\\affiliate\\vendor\\laravel\\framework\\src\\Illuminate\\Foundation\\Http\\Middleware\\VerifyCsrfToken.php(78): Illuminate\\Pipeline\\Pipeline->Illuminate\\Pipeline\\{closure}(Object(Illuminate\\Http\\Request))
#23 D:\\xampp7\\htdocs\\zakwanbd\\affiliate\\vendor\\laravel\\framework\\src\\Illuminate\\Pipeline\\Pipeline.php(167): Illuminate\\Foundation\\Http\\Middleware\\VerifyCsrfToken->handle(Object(Illuminate\\Http\\Request), Object(Closure))
#24 D:\\xampp7\\htdocs\\zakwanbd\\affiliate\\vendor\\laravel\\framework\\src\\Illuminate\\View\\Middleware\\ShareErrorsFromSession.php(49): Illuminate\\Pipeline\\Pipeline->Illuminate\\Pipeline\\{closure}(Object(Illuminate\\Http\\Request))
#25 D:\\xampp7\\htdocs\\zakwanbd\\affiliate\\vendor\\laravel\\framework\\src\\Illuminate\\Pipeline\\Pipeline.php(167): Illuminate\\View\\Middleware\\ShareErrorsFromSession->handle(Object(Illuminate\\Http\\Request), Object(Closure))
#26 D:\\xampp7\\htdocs\\zakwanbd\\affiliate\\vendor\\laravel\\framework\\src\\Illuminate\\Session\\Middleware\\StartSession.php(116): Illuminate\\Pipeline\\Pipeline->Illuminate\\Pipeline\\{closure}(Object(Illuminate\\Http\\Request))
#27 D:\\xampp7\\htdocs\\zakwanbd\\affiliate\\vendor\\laravel\\framework\\src\\Illuminate\\Session\\Middleware\\StartSession.php(62): Illuminate\\Session\\Middleware\\StartSession->handleStatefulRequest(Object(Illuminate\\Http\\Request), Object(Illuminate\\Session\\Store), Object(Closure))
#28 D:\\xampp7\\htdocs\\zakwanbd\\affiliate\\vendor\\laravel\\framework\\src\\Illuminate\\Pipeline\\Pipeline.php(167): Illuminate\\Session\\Middleware\\StartSession->handle(Object(Illuminate\\Http\\Request), Object(Closure))
#29 D:\\xampp7\\htdocs\\zakwanbd\\affiliate\\vendor\\laravel\\framework\\src\\Illuminate\\Cookie\\Middleware\\AddQueuedCookiesToResponse.php(37): Illuminate\\Pipeline\\Pipeline->Illuminate\\Pipeline\\{closure}(Object(Illuminate\\Http\\Request))
#30 D:\\xampp7\\htdocs\\zakwanbd\\affiliate\\vendor\\laravel\\framework\\src\\Illuminate\\Pipeline\\Pipeline.php(167): Illuminate\\Cookie\\Middleware\\AddQueuedCookiesToResponse->handle(Object(Illuminate\\Http\\Request), Object(Closure))
#31 D:\\xampp7\\htdocs\\zakwanbd\\affiliate\\vendor\\laravel\\framework\\src\\Illuminate\\Cookie\\Middleware\\EncryptCookies.php(67): Illuminate\\Pipeline\\Pipeline->Illuminate\\Pipeline\\{closure}(Object(Illuminate\\Http\\Request))
#32 D:\\xampp7\\htdocs\\zakwanbd\\affiliate\\vendor\\laravel\\framework\\src\\Illuminate\\Pipeline\\Pipeline.php(167): Illuminate\\Cookie\\Middleware\\EncryptCookies->handle(Object(Illuminate\\Http\\Request), Object(Closure))
#33 D:\\xampp7\\htdocs\\zakwanbd\\affiliate\\vendor\\laravel\\framework\\src\\Illuminate\\Pipeline\\Pipeline.php(103): Illuminate\\Pipeline\\Pipeline->Illuminate\\Pipeline\\{closure}(Object(Illuminate\\Http\\Request))
#34 D:\\xampp7\\htdocs\\zakwanbd\\affiliate\\vendor\\laravel\\framework\\src\\Illuminate\\Routing\\Router.php(687): Illuminate\\Pipeline\\Pipeline->then(Object(Closure))
#35 D:\\xampp7\\htdocs\\zakwanbd\\affiliate\\vendor\\laravel\\framework\\src\\Illuminate\\Routing\\Router.php(662): Illuminate\\Routing\\Router->runRouteWithinStack(Object(Illuminate\\Routing\\Route), Object(Illuminate\\Http\\Request))
#36 D:\\xampp7\\htdocs\\zakwanbd\\affiliate\\vendor\\laravel\\framework\\src\\Illuminate\\Routing\\Router.php(628): Illuminate\\Routing\\Router->runRoute(Object(Illuminate\\Http\\Request), Object(Illuminate\\Routing\\Route))
#37 D:\\xampp7\\htdocs\\zakwanbd\\affiliate\\vendor\\laravel\\framework\\src\\Illuminate\\Routing\\Router.php(617): Illuminate\\Routing\\Router->dispatchToRoute(Object(Illuminate\\Http\\Request))
#38 D:\\xampp7\\htdocs\\zakwanbd\\affiliate\\vendor\\laravel\\framework\\src\\Illuminate\\Foundation\\Http\\Kernel.php(165): Illuminate\\Routing\\Router->dispatch(Object(Illuminate\\Http\\Request))
#39 D:\\xampp7\\htdocs\\zakwanbd\\affiliate\\vendor\\laravel\\framework\\src\\Illuminate\\Pipeline\\Pipeline.php(128): Illuminate\\Foundation\\Http\\Kernel->Illuminate\\Foundation\\Http\\{closure}(Object(Illuminate\\Http\\Request))
#40 D:\\xampp7\\htdocs\\zakwanbd\\affiliate\\vendor\\laravel\\framework\\src\\Illuminate\\Foundation\\Http\\Middleware\\TransformsRequest.php(21): Illuminate\\Pipeline\\Pipeline->Illuminate\\Pipeline\\{closure}(Object(Illuminate\\Http\\Request))
#41 D:\\xampp7\\htdocs\\zakwanbd\\affiliate\\vendor\\laravel\\framework\\src\\Illuminate\\Pipeline\\Pipeline.php(167): Illuminate\\Foundation\\Http\\Middleware\\TransformsRequest->handle(Object(Illuminate\\Http\\Request), Object(Closure))
#42 D:\\xampp7\\htdocs\\zakwanbd\\affiliate\\vendor\\laravel\\framework\\src\\Illuminate\\Foundation\\Http\\Middleware\\TransformsRequest.php(21): Illuminate\\Pipeline\\Pipeline->Illuminate\\Pipeline\\{closure}(Object(Illuminate\\Http\\Request))
#43 D:\\xampp7\\htdocs\\zakwanbd\\affiliate\\vendor\\laravel\\framework\\src\\Illuminate\\Pipeline\\Pipeline.php(167): Illuminate\\Foundation\\Http\\Middleware\\TransformsRequest->handle(Object(Illuminate\\Http\\Request), Object(Closure))
#44 D:\\xampp7\\htdocs\\zakwanbd\\affiliate\\vendor\\laravel\\framework\\src\\Illuminate\\Foundation\\Http\\Middleware\\ValidatePostSize.php(27): Illuminate\\Pipeline\\Pipeline->Illuminate\\Pipeline\\{closure}(Object(Illuminate\\Http\\Request))
#45 D:\\xampp7\\htdocs\\zakwanbd\\affiliate\\vendor\\laravel\\framework\\src\\Illuminate\\Pipeline\\Pipeline.php(167): Illuminate\\Foundation\\Http\\Middleware\\ValidatePostSize->handle(Object(Illuminate\\Http\\Request), Object(Closure))
#46 D:\\xampp7\\htdocs\\zakwanbd\\affiliate\\vendor\\laravel\\framework\\src\\Illuminate\\Foundation\\Http\\Middleware\\CheckForMaintenanceMode.php(63): Illuminate\\Pipeline\\Pipeline->Illuminate\\Pipeline\\{closure}(Object(Illuminate\\Http\\Request))
#47 D:\\xampp7\\htdocs\\zakwanbd\\affiliate\\vendor\\laravel\\framework\\src\\Illuminate\\Pipeline\\Pipeline.php(167): Illuminate\\Foundation\\Http\\Middleware\\CheckForMaintenanceMode->handle(Object(Illuminate\\Http\\Request), Object(Closure))
#48 D:\\xampp7\\htdocs\\zakwanbd\\affiliate\\vendor\\fruitcake\\laravel-cors\\src\\HandleCors.php(37): Illuminate\\Pipeline\\Pipeline->Illuminate\\Pipeline\\{closure}(Object(Illuminate\\Http\\Request))
#49 D:\\xampp7\\htdocs\\zakwanbd\\affiliate\\vendor\\laravel\\framework\\src\\Illuminate\\Pipeline\\Pipeline.php(167): Fruitcake\\Cors\\HandleCors->handle(Object(Illuminate\\Http\\Request), Object(Closure))
#50 D:\\xampp7\\htdocs\\zakwanbd\\affiliate\\vendor\\fideloper\\proxy\\src\\TrustProxies.php(57): Illuminate\\Pipeline\\Pipeline->Illuminate\\Pipeline\\{closure}(Object(Illuminate\\Http\\Request))
#51 D:\\xampp7\\htdocs\\zakwanbd\\affiliate\\vendor\\laravel\\framework\\src\\Illuminate\\Pipeline\\Pipeline.php(167): Fideloper\\Proxy\\TrustProxies->handle(Object(Illuminate\\Http\\Request), Object(Closure))
#52 D:\\xampp7\\htdocs\\zakwanbd\\affiliate\\vendor\\laravel\\framework\\src\\Illuminate\\Pipeline\\Pipeline.php(103): Illuminate\\Pipeline\\Pipeline->Illuminate\\Pipeline\\{closure}(Object(Illuminate\\Http\\Request))
#53 D:\\xampp7\\htdocs\\zakwanbd\\affiliate\\vendor\\laravel\\framework\\src\\Illuminate\\Foundation\\Http\\Kernel.php(140): Illuminate\\Pipeline\\Pipeline->then(Object(Closure))
#54 D:\\xampp7\\htdocs\\zakwanbd\\affiliate\\vendor\\laravel\\framework\\src\\Illuminate\\Foundation\\Http\\Kernel.php(109): Illuminate\\Foundation\\Http\\Kernel->sendRequestThroughRouter(Object(Illuminate\\Http\\Request))
#55 D:\\xampp7\\htdocs\\zakwanbd\\affiliate\\index.php(55): Illuminate\\Foundation\\Http\\Kernel->handle(Object(Illuminate\\Http\\Request))
#56 {main}
"} 
[2025-04-14 13:07:57] local.ERROR: SQLSTATE[42S02]: Base table or view not found: 1146 Table 'zakwanbd.contest_fund' doesn't exist (SQL: select * from `contest_fund` limit 1) {"exception":"[object] (Illuminate\\Database\\QueryException(code: 42S02): SQLSTATE[42S02]: Base table or view not found: 1146 Table 'zakwanbd.contest_fund' doesn't exist (SQL: select * from `contest_fund` limit 1) at D:\\xampp7\\htdocs\\zakwanbd\\affiliate\\vendor\\laravel\\framework\\src\\Illuminate\\Database\\Connection.php:671)
[stacktrace]
#0 D:\\xampp7\\htdocs\\zakwanbd\\affiliate\\vendor\\laravel\\framework\\src\\Illuminate\\Database\\Connection.php(631): Illuminate\\Database\\Connection->runQueryCallback('select * from `...', Array, Object(Closure))
#1 D:\\xampp7\\htdocs\\zakwanbd\\affiliate\\vendor\\laravel\\framework\\src\\Illuminate\\Database\\Connection.php(339): Illuminate\\Database\\Connection->run('select * from `...', Array, Object(Closure))
#2 D:\\xampp7\\htdocs\\zakwanbd\\affiliate\\vendor\\laravel\\framework\\src\\Illuminate\\Database\\Query\\Builder.php(2270): Illuminate\\Database\\Connection->select('select * from `...', Array, true)
#3 D:\\xampp7\\htdocs\\zakwanbd\\affiliate\\vendor\\laravel\\framework\\src\\Illuminate\\Database\\Query\\Builder.php(2258): Illuminate\\Database\\Query\\Builder->runSelect()
#4 D:\\xampp7\\htdocs\\zakwanbd\\affiliate\\vendor\\laravel\\framework\\src\\Illuminate\\Database\\Query\\Builder.php(2753): Illuminate\\Database\\Query\\Builder->Illuminate\\Database\\Query\\{closure}()
#5 D:\\xampp7\\htdocs\\zakwanbd\\affiliate\\vendor\\laravel\\framework\\src\\Illuminate\\Database\\Query\\Builder.php(2259): Illuminate\\Database\\Query\\Builder->onceWithColumns(Array, Object(Closure))
#6 D:\\xampp7\\htdocs\\zakwanbd\\affiliate\\vendor\\laravel\\framework\\src\\Illuminate\\Database\\Concerns\\BuildsQueries.php(143): Illuminate\\Database\\Query\\Builder->get(Array)
#7 D:\\xampp7\\htdocs\\zakwanbd\\affiliate\\app\\Http\\Controllers\\admin\\AdminAffiliteController.php(813): Illuminate\\Database\\Query\\Builder->first()
#8 D:\\xampp7\\htdocs\\zakwanbd\\affiliate\\vendor\\laravel\\framework\\src\\Illuminate\\Routing\\Controller.php(54): App\\Http\\Controllers\\admin\\AdminAffiliteController->contestHistory()
#9 D:\\xampp7\\htdocs\\zakwanbd\\affiliate\\vendor\\laravel\\framework\\src\\Illuminate\\Routing\\ControllerDispatcher.php(45): Illuminate\\Routing\\Controller->callAction('contestHistory', Array)
#10 D:\\xampp7\\htdocs\\zakwanbd\\affiliate\\vendor\\laravel\\framework\\src\\Illuminate\\Routing\\Route.php(239): Illuminate\\Routing\\ControllerDispatcher->dispatch(Object(Illuminate\\Routing\\Route), Object(App\\Http\\Controllers\\admin\\AdminAffiliteController), 'contestHistory')
#11 D:\\xampp7\\htdocs\\zakwanbd\\affiliate\\vendor\\laravel\\framework\\src\\Illuminate\\Routing\\Route.php(196): Illuminate\\Routing\\Route->runController()
#12 D:\\xampp7\\htdocs\\zakwanbd\\affiliate\\vendor\\laravel\\framework\\src\\Illuminate\\Routing\\Router.php(685): Illuminate\\Routing\\Route->run()
#13 D:\\xampp7\\htdocs\\zakwanbd\\affiliate\\vendor\\laravel\\framework\\src\\Illuminate\\Pipeline\\Pipeline.php(128): Illuminate\\Routing\\Router->Illuminate\\Routing\\{closure}(Object(Illuminate\\Http\\Request))
#14 D:\\xampp7\\htdocs\\zakwanbd\\affiliate\\app\\Http\\Middleware\\AdminMiddleware.php(25): Illuminate\\Pipeline\\Pipeline->Illuminate\\Pipeline\\{closure}(Object(Illuminate\\Http\\Request))
#15 D:\\xampp7\\htdocs\\zakwanbd\\affiliate\\vendor\\laravel\\framework\\src\\Illuminate\\Pipeline\\Pipeline.php(167): App\\Http\\Middleware\\AdminMiddleware->handle(Object(Illuminate\\Http\\Request), Object(Closure))
#16 D:\\xampp7\\htdocs\\zakwanbd\\affiliate\\vendor\\laravel\\framework\\src\\Illuminate\\Routing\\Middleware\\SubstituteBindings.php(41): Illuminate\\Pipeline\\Pipeline->Illuminate\\Pipeline\\{closure}(Object(Illuminate\\Http\\Request))
#17 D:\\xampp7\\htdocs\\zakwanbd\\affiliate\\vendor\\laravel\\framework\\src\\Illuminate\\Pipeline\\Pipeline.php(167): Illuminate\\Routing\\Middleware\\SubstituteBindings->handle(Object(Illuminate\\Http\\Request), Object(Closure))
#18 D:\\xampp7\\htdocs\\zakwanbd\\affiliate\\vendor\\laravel\\framework\\src\\Illuminate\\Foundation\\Http\\Middleware\\VerifyCsrfToken.php(78): Illuminate\\Pipeline\\Pipeline->Illuminate\\Pipeline\\{closure}(Object(Illuminate\\Http\\Request))
#19 D:\\xampp7\\htdocs\\zakwanbd\\affiliate\\vendor\\laravel\\framework\\src\\Illuminate\\Pipeline\\Pipeline.php(167): Illuminate\\Foundation\\Http\\Middleware\\VerifyCsrfToken->handle(Object(Illuminate\\Http\\Request), Object(Closure))
#20 D:\\xampp7\\htdocs\\zakwanbd\\affiliate\\vendor\\laravel\\framework\\src\\Illuminate\\View\\Middleware\\ShareErrorsFromSession.php(49): Illuminate\\Pipeline\\Pipeline->Illuminate\\Pipeline\\{closure}(Object(Illuminate\\Http\\Request))
#21 D:\\xampp7\\htdocs\\zakwanbd\\affiliate\\vendor\\laravel\\framework\\src\\Illuminate\\Pipeline\\Pipeline.php(167): Illuminate\\View\\Middleware\\ShareErrorsFromSession->handle(Object(Illuminate\\Http\\Request), Object(Closure))
#22 D:\\xampp7\\htdocs\\zakwanbd\\affiliate\\vendor\\laravel\\framework\\src\\Illuminate\\Session\\Middleware\\StartSession.php(116): Illuminate\\Pipeline\\Pipeline->Illuminate\\Pipeline\\{closure}(Object(Illuminate\\Http\\Request))
#23 D:\\xampp7\\htdocs\\zakwanbd\\affiliate\\vendor\\laravel\\framework\\src\\Illuminate\\Session\\Middleware\\StartSession.php(62): Illuminate\\Session\\Middleware\\StartSession->handleStatefulRequest(Object(Illuminate\\Http\\Request), Object(Illuminate\\Session\\Store), Object(Closure))
#24 D:\\xampp7\\htdocs\\zakwanbd\\affiliate\\vendor\\laravel\\framework\\src\\Illuminate\\Pipeline\\Pipeline.php(167): Illuminate\\Session\\Middleware\\StartSession->handle(Object(Illuminate\\Http\\Request), Object(Closure))
#25 D:\\xampp7\\htdocs\\zakwanbd\\affiliate\\vendor\\laravel\\framework\\src\\Illuminate\\Cookie\\Middleware\\AddQueuedCookiesToResponse.php(37): Illuminate\\Pipeline\\Pipeline->Illuminate\\Pipeline\\{closure}(Object(Illuminate\\Http\\Request))
#26 D:\\xampp7\\htdocs\\zakwanbd\\affiliate\\vendor\\laravel\\framework\\src\\Illuminate\\Pipeline\\Pipeline.php(167): Illuminate\\Cookie\\Middleware\\AddQueuedCookiesToResponse->handle(Object(Illuminate\\Http\\Request), Object(Closure))
#27 D:\\xampp7\\htdocs\\zakwanbd\\affiliate\\vendor\\laravel\\framework\\src\\Illuminate\\Cookie\\Middleware\\EncryptCookies.php(67): Illuminate\\Pipeline\\Pipeline->Illuminate\\Pipeline\\{closure}(Object(Illuminate\\Http\\Request))
#28 D:\\xampp7\\htdocs\\zakwanbd\\affiliate\\vendor\\laravel\\framework\\src\\Illuminate\\Pipeline\\Pipeline.php(167): Illuminate\\Cookie\\Middleware\\EncryptCookies->handle(Object(Illuminate\\Http\\Request), Object(Closure))
#29 D:\\xampp7\\htdocs\\zakwanbd\\affiliate\\vendor\\laravel\\framework\\src\\Illuminate\\Pipeline\\Pipeline.php(103): Illuminate\\Pipeline\\Pipeline->Illuminate\\Pipeline\\{closure}(Object(Illuminate\\Http\\Request))
#30 D:\\xampp7\\htdocs\\zakwanbd\\affiliate\\vendor\\laravel\\framework\\src\\Illuminate\\Routing\\Router.php(687): Illuminate\\Pipeline\\Pipeline->then(Object(Closure))
#31 D:\\xampp7\\htdocs\\zakwanbd\\affiliate\\vendor\\laravel\\framework\\src\\Illuminate\\Routing\\Router.php(662): Illuminate\\Routing\\Router->runRouteWithinStack(Object(Illuminate\\Routing\\Route), Object(Illuminate\\Http\\Request))
#32 D:\\xampp7\\htdocs\\zakwanbd\\affiliate\\vendor\\laravel\\framework\\src\\Illuminate\\Routing\\Router.php(628): Illuminate\\Routing\\Router->runRoute(Object(Illuminate\\Http\\Request), Object(Illuminate\\Routing\\Route))
#33 D:\\xampp7\\htdocs\\zakwanbd\\affiliate\\vendor\\laravel\\framework\\src\\Illuminate\\Routing\\Router.php(617): Illuminate\\Routing\\Router->dispatchToRoute(Object(Illuminate\\Http\\Request))
#34 D:\\xampp7\\htdocs\\zakwanbd\\affiliate\\vendor\\laravel\\framework\\src\\Illuminate\\Foundation\\Http\\Kernel.php(165): Illuminate\\Routing\\Router->dispatch(Object(Illuminate\\Http\\Request))
#35 D:\\xampp7\\htdocs\\zakwanbd\\affiliate\\vendor\\laravel\\framework\\src\\Illuminate\\Pipeline\\Pipeline.php(128): Illuminate\\Foundation\\Http\\Kernel->Illuminate\\Foundation\\Http\\{closure}(Object(Illuminate\\Http\\Request))
#36 D:\\xampp7\\htdocs\\zakwanbd\\affiliate\\vendor\\laravel\\framework\\src\\Illuminate\\Foundation\\Http\\Middleware\\TransformsRequest.php(21): Illuminate\\Pipeline\\Pipeline->Illuminate\\Pipeline\\{closure}(Object(Illuminate\\Http\\Request))
#37 D:\\xampp7\\htdocs\\zakwanbd\\affiliate\\vendor\\laravel\\framework\\src\\Illuminate\\Pipeline\\Pipeline.php(167): Illuminate\\Foundation\\Http\\Middleware\\TransformsRequest->handle(Object(Illuminate\\Http\\Request), Object(Closure))
#38 D:\\xampp7\\htdocs\\zakwanbd\\affiliate\\vendor\\laravel\\framework\\src\\Illuminate\\Foundation\\Http\\Middleware\\TransformsRequest.php(21): Illuminate\\Pipeline\\Pipeline->Illuminate\\Pipeline\\{closure}(Object(Illuminate\\Http\\Request))
#39 D:\\xampp7\\htdocs\\zakwanbd\\affiliate\\vendor\\laravel\\framework\\src\\Illuminate\\Pipeline\\Pipeline.php(167): Illuminate\\Foundation\\Http\\Middleware\\TransformsRequest->handle(Object(Illuminate\\Http\\Request), Object(Closure))
#40 D:\\xampp7\\htdocs\\zakwanbd\\affiliate\\vendor\\laravel\\framework\\src\\Illuminate\\Foundation\\Http\\Middleware\\ValidatePostSize.php(27): Illuminate\\Pipeline\\Pipeline->Illuminate\\Pipeline\\{closure}(Object(Illuminate\\Http\\Request))
#41 D:\\xampp7\\htdocs\\zakwanbd\\affiliate\\vendor\\laravel\\framework\\src\\Illuminate\\Pipeline\\Pipeline.php(167): Illuminate\\Foundation\\Http\\Middleware\\ValidatePostSize->handle(Object(Illuminate\\Http\\Request), Object(Closure))
#42 D:\\xampp7\\htdocs\\zakwanbd\\affiliate\\vendor\\laravel\\framework\\src\\Illuminate\\Foundation\\Http\\Middleware\\CheckForMaintenanceMode.php(63): Illuminate\\Pipeline\\Pipeline->Illuminate\\Pipeline\\{closure}(Object(Illuminate\\Http\\Request))
#43 D:\\xampp7\\htdocs\\zakwanbd\\affiliate\\vendor\\laravel\\framework\\src\\Illuminate\\Pipeline\\Pipeline.php(167): Illuminate\\Foundation\\Http\\Middleware\\CheckForMaintenanceMode->handle(Object(Illuminate\\Http\\Request), Object(Closure))
#44 D:\\xampp7\\htdocs\\zakwanbd\\affiliate\\vendor\\fruitcake\\laravel-cors\\src\\HandleCors.php(37): Illuminate\\Pipeline\\Pipeline->Illuminate\\Pipeline\\{closure}(Object(Illuminate\\Http\\Request))
#45 D:\\xampp7\\htdocs\\zakwanbd\\affiliate\\vendor\\laravel\\framework\\src\\Illuminate\\Pipeline\\Pipeline.php(167): Fruitcake\\Cors\\HandleCors->handle(Object(Illuminate\\Http\\Request), Object(Closure))
#46 D:\\xampp7\\htdocs\\zakwanbd\\affiliate\\vendor\\fideloper\\proxy\\src\\TrustProxies.php(57): Illuminate\\Pipeline\\Pipeline->Illuminate\\Pipeline\\{closure}(Object(Illuminate\\Http\\Request))
#47 D:\\xampp7\\htdocs\\zakwanbd\\affiliate\\vendor\\laravel\\framework\\src\\Illuminate\\Pipeline\\Pipeline.php(167): Fideloper\\Proxy\\TrustProxies->handle(Object(Illuminate\\Http\\Request), Object(Closure))
#48 D:\\xampp7\\htdocs\\zakwanbd\\affiliate\\vendor\\laravel\\framework\\src\\Illuminate\\Pipeline\\Pipeline.php(103): Illuminate\\Pipeline\\Pipeline->Illuminate\\Pipeline\\{closure}(Object(Illuminate\\Http\\Request))
#49 D:\\xampp7\\htdocs\\zakwanbd\\affiliate\\vendor\\laravel\\framework\\src\\Illuminate\\Foundation\\Http\\Kernel.php(140): Illuminate\\Pipeline\\Pipeline->then(Object(Closure))
#50 D:\\xampp7\\htdocs\\zakwanbd\\affiliate\\vendor\\laravel\\framework\\src\\Illuminate\\Foundation\\Http\\Kernel.php(109): Illuminate\\Foundation\\Http\\Kernel->sendRequestThroughRouter(Object(Illuminate\\Http\\Request))
#51 D:\\xampp7\\htdocs\\zakwanbd\\affiliate\\index.php(55): Illuminate\\Foundation\\Http\\Kernel->handle(Object(Illuminate\\Http\\Request))
#52 {main}

[previous exception] [object] (PDOException(code: 42S02): SQLSTATE[42S02]: Base table or view not found: 1146 Table 'zakwanbd.contest_fund' doesn't exist at D:\\xampp7\\htdocs\\zakwanbd\\affiliate\\vendor\\laravel\\framework\\src\\Illuminate\\Database\\Connection.php:331)
[stacktrace]
#0 D:\\xampp7\\htdocs\\zakwanbd\\affiliate\\vendor\\laravel\\framework\\src\\Illuminate\\Database\\Connection.php(331): PDO->prepare('select * from `...')
#1 D:\\xampp7\\htdocs\\zakwanbd\\affiliate\\vendor\\laravel\\framework\\src\\Illuminate\\Database\\Connection.php(664): Illuminate\\Database\\Connection->Illuminate\\Database\\{closure}('select * from `...', Array)
#2 D:\\xampp7\\htdocs\\zakwanbd\\affiliate\\vendor\\laravel\\framework\\src\\Illuminate\\Database\\Connection.php(631): Illuminate\\Database\\Connection->runQueryCallback('select * from `...', Array, Object(Closure))
#3 D:\\xampp7\\htdocs\\zakwanbd\\affiliate\\vendor\\laravel\\framework\\src\\Illuminate\\Database\\Connection.php(339): Illuminate\\Database\\Connection->run('select * from `...', Array, Object(Closure))
#4 D:\\xampp7\\htdocs\\zakwanbd\\affiliate\\vendor\\laravel\\framework\\src\\Illuminate\\Database\\Query\\Builder.php(2270): Illuminate\\Database\\Connection->select('select * from `...', Array, true)
#5 D:\\xampp7\\htdocs\\zakwanbd\\affiliate\\vendor\\laravel\\framework\\src\\Illuminate\\Database\\Query\\Builder.php(2258): Illuminate\\Database\\Query\\Builder->runSelect()
#6 D:\\xampp7\\htdocs\\zakwanbd\\affiliate\\vendor\\laravel\\framework\\src\\Illuminate\\Database\\Query\\Builder.php(2753): Illuminate\\Database\\Query\\Builder->Illuminate\\Database\\Query\\{closure}()
#7 D:\\xampp7\\htdocs\\zakwanbd\\affiliate\\vendor\\laravel\\framework\\src\\Illuminate\\Database\\Query\\Builder.php(2259): Illuminate\\Database\\Query\\Builder->onceWithColumns(Array, Object(Closure))
#8 D:\\xampp7\\htdocs\\zakwanbd\\affiliate\\vendor\\laravel\\framework\\src\\Illuminate\\Database\\Concerns\\BuildsQueries.php(143): Illuminate\\Database\\Query\\Builder->get(Array)
#9 D:\\xampp7\\htdocs\\zakwanbd\\affiliate\\app\\Http\\Controllers\\admin\\AdminAffiliteController.php(813): Illuminate\\Database\\Query\\Builder->first()
#10 D:\\xampp7\\htdocs\\zakwanbd\\affiliate\\vendor\\laravel\\framework\\src\\Illuminate\\Routing\\Controller.php(54): App\\Http\\Controllers\\admin\\AdminAffiliteController->contestHistory()
#11 D:\\xampp7\\htdocs\\zakwanbd\\affiliate\\vendor\\laravel\\framework\\src\\Illuminate\\Routing\\ControllerDispatcher.php(45): Illuminate\\Routing\\Controller->callAction('contestHistory', Array)
#12 D:\\xampp7\\htdocs\\zakwanbd\\affiliate\\vendor\\laravel\\framework\\src\\Illuminate\\Routing\\Route.php(239): Illuminate\\Routing\\ControllerDispatcher->dispatch(Object(Illuminate\\Routing\\Route), Object(App\\Http\\Controllers\\admin\\AdminAffiliteController), 'contestHistory')
#13 D:\\xampp7\\htdocs\\zakwanbd\\affiliate\\vendor\\laravel\\framework\\src\\Illuminate\\Routing\\Route.php(196): Illuminate\\Routing\\Route->runController()
#14 D:\\xampp7\\htdocs\\zakwanbd\\affiliate\\vendor\\laravel\\framework\\src\\Illuminate\\Routing\\Router.php(685): Illuminate\\Routing\\Route->run()
#15 D:\\xampp7\\htdocs\\zakwanbd\\affiliate\\vendor\\laravel\\framework\\src\\Illuminate\\Pipeline\\Pipeline.php(128): Illuminate\\Routing\\Router->Illuminate\\Routing\\{closure}(Object(Illuminate\\Http\\Request))
#16 D:\\xampp7\\htdocs\\zakwanbd\\affiliate\\app\\Http\\Middleware\\AdminMiddleware.php(25): Illuminate\\Pipeline\\Pipeline->Illuminate\\Pipeline\\{closure}(Object(Illuminate\\Http\\Request))
#17 D:\\xampp7\\htdocs\\zakwanbd\\affiliate\\vendor\\laravel\\framework\\src\\Illuminate\\Pipeline\\Pipeline.php(167): App\\Http\\Middleware\\AdminMiddleware->handle(Object(Illuminate\\Http\\Request), Object(Closure))
#18 D:\\xampp7\\htdocs\\zakwanbd\\affiliate\\vendor\\laravel\\framework\\src\\Illuminate\\Routing\\Middleware\\SubstituteBindings.php(41): Illuminate\\Pipeline\\Pipeline->Illuminate\\Pipeline\\{closure}(Object(Illuminate\\Http\\Request))
#19 D:\\xampp7\\htdocs\\zakwanbd\\affiliate\\vendor\\laravel\\framework\\src\\Illuminate\\Pipeline\\Pipeline.php(167): Illuminate\\Routing\\Middleware\\SubstituteBindings->handle(Object(Illuminate\\Http\\Request), Object(Closure))
#20 D:\\xampp7\\htdocs\\zakwanbd\\affiliate\\vendor\\laravel\\framework\\src\\Illuminate\\Foundation\\Http\\Middleware\\VerifyCsrfToken.php(78): Illuminate\\Pipeline\\Pipeline->Illuminate\\Pipeline\\{closure}(Object(Illuminate\\Http\\Request))
#21 D:\\xampp7\\htdocs\\zakwanbd\\affiliate\\vendor\\laravel\\framework\\src\\Illuminate\\Pipeline\\Pipeline.php(167): Illuminate\\Foundation\\Http\\Middleware\\VerifyCsrfToken->handle(Object(Illuminate\\Http\\Request), Object(Closure))
#22 D:\\xampp7\\htdocs\\zakwanbd\\affiliate\\vendor\\laravel\\framework\\src\\Illuminate\\View\\Middleware\\ShareErrorsFromSession.php(49): Illuminate\\Pipeline\\Pipeline->Illuminate\\Pipeline\\{closure}(Object(Illuminate\\Http\\Request))
#23 D:\\xampp7\\htdocs\\zakwanbd\\affiliate\\vendor\\laravel\\framework\\src\\Illuminate\\Pipeline\\Pipeline.php(167): Illuminate\\View\\Middleware\\ShareErrorsFromSession->handle(Object(Illuminate\\Http\\Request), Object(Closure))
#24 D:\\xampp7\\htdocs\\zakwanbd\\affiliate\\vendor\\laravel\\framework\\src\\Illuminate\\Session\\Middleware\\StartSession.php(116): Illuminate\\Pipeline\\Pipeline->Illuminate\\Pipeline\\{closure}(Object(Illuminate\\Http\\Request))
#25 D:\\xampp7\\htdocs\\zakwanbd\\affiliate\\vendor\\laravel\\framework\\src\\Illuminate\\Session\\Middleware\\StartSession.php(62): Illuminate\\Session\\Middleware\\StartSession->handleStatefulRequest(Object(Illuminate\\Http\\Request), Object(Illuminate\\Session\\Store), Object(Closure))
#26 D:\\xampp7\\htdocs\\zakwanbd\\affiliate\\vendor\\laravel\\framework\\src\\Illuminate\\Pipeline\\Pipeline.php(167): Illuminate\\Session\\Middleware\\StartSession->handle(Object(Illuminate\\Http\\Request), Object(Closure))
#27 D:\\xampp7\\htdocs\\zakwanbd\\affiliate\\vendor\\laravel\\framework\\src\\Illuminate\\Cookie\\Middleware\\AddQueuedCookiesToResponse.php(37): Illuminate\\Pipeline\\Pipeline->Illuminate\\Pipeline\\{closure}(Object(Illuminate\\Http\\Request))
#28 D:\\xampp7\\htdocs\\zakwanbd\\affiliate\\vendor\\laravel\\framework\\src\\Illuminate\\Pipeline\\Pipeline.php(167): Illuminate\\Cookie\\Middleware\\AddQueuedCookiesToResponse->handle(Object(Illuminate\\Http\\Request), Object(Closure))
#29 D:\\xampp7\\htdocs\\zakwanbd\\affiliate\\vendor\\laravel\\framework\\src\\Illuminate\\Cookie\\Middleware\\EncryptCookies.php(67): Illuminate\\Pipeline\\Pipeline->Illuminate\\Pipeline\\{closure}(Object(Illuminate\\Http\\Request))
#30 D:\\xampp7\\htdocs\\zakwanbd\\affiliate\\vendor\\laravel\\framework\\src\\Illuminate\\Pipeline\\Pipeline.php(167): Illuminate\\Cookie\\Middleware\\EncryptCookies->handle(Object(Illuminate\\Http\\Request), Object(Closure))
#31 D:\\xampp7\\htdocs\\zakwanbd\\affiliate\\vendor\\laravel\\framework\\src\\Illuminate\\Pipeline\\Pipeline.php(103): Illuminate\\Pipeline\\Pipeline->Illuminate\\Pipeline\\{closure}(Object(Illuminate\\Http\\Request))
#32 D:\\xampp7\\htdocs\\zakwanbd\\affiliate\\vendor\\laravel\\framework\\src\\Illuminate\\Routing\\Router.php(687): Illuminate\\Pipeline\\Pipeline->then(Object(Closure))
#33 D:\\xampp7\\htdocs\\zakwanbd\\affiliate\\vendor\\laravel\\framework\\src\\Illuminate\\Routing\\Router.php(662): Illuminate\\Routing\\Router->runRouteWithinStack(Object(Illuminate\\Routing\\Route), Object(Illuminate\\Http\\Request))
#34 D:\\xampp7\\htdocs\\zakwanbd\\affiliate\\vendor\\laravel\\framework\\src\\Illuminate\\Routing\\Router.php(628): Illuminate\\Routing\\Router->runRoute(Object(Illuminate\\Http\\Request), Object(Illuminate\\Routing\\Route))
#35 D:\\xampp7\\htdocs\\zakwanbd\\affiliate\\vendor\\laravel\\framework\\src\\Illuminate\\Routing\\Router.php(617): Illuminate\\Routing\\Router->dispatchToRoute(Object(Illuminate\\Http\\Request))
#36 D:\\xampp7\\htdocs\\zakwanbd\\affiliate\\vendor\\laravel\\framework\\src\\Illuminate\\Foundation\\Http\\Kernel.php(165): Illuminate\\Routing\\Router->dispatch(Object(Illuminate\\Http\\Request))
#37 D:\\xampp7\\htdocs\\zakwanbd\\affiliate\\vendor\\laravel\\framework\\src\\Illuminate\\Pipeline\\Pipeline.php(128): Illuminate\\Foundation\\Http\\Kernel->Illuminate\\Foundation\\Http\\{closure}(Object(Illuminate\\Http\\Request))
#38 D:\\xampp7\\htdocs\\zakwanbd\\affiliate\\vendor\\laravel\\framework\\src\\Illuminate\\Foundation\\Http\\Middleware\\TransformsRequest.php(21): Illuminate\\Pipeline\\Pipeline->Illuminate\\Pipeline\\{closure}(Object(Illuminate\\Http\\Request))
#39 D:\\xampp7\\htdocs\\zakwanbd\\affiliate\\vendor\\laravel\\framework\\src\\Illuminate\\Pipeline\\Pipeline.php(167): Illuminate\\Foundation\\Http\\Middleware\\TransformsRequest->handle(Object(Illuminate\\Http\\Request), Object(Closure))
#40 D:\\xampp7\\htdocs\\zakwanbd\\affiliate\\vendor\\laravel\\framework\\src\\Illuminate\\Foundation\\Http\\Middleware\\TransformsRequest.php(21): Illuminate\\Pipeline\\Pipeline->Illuminate\\Pipeline\\{closure}(Object(Illuminate\\Http\\Request))
#41 D:\\xampp7\\htdocs\\zakwanbd\\affiliate\\vendor\\laravel\\framework\\src\\Illuminate\\Pipeline\\Pipeline.php(167): Illuminate\\Foundation\\Http\\Middleware\\TransformsRequest->handle(Object(Illuminate\\Http\\Request), Object(Closure))
#42 D:\\xampp7\\htdocs\\zakwanbd\\affiliate\\vendor\\laravel\\framework\\src\\Illuminate\\Foundation\\Http\\Middleware\\ValidatePostSize.php(27): Illuminate\\Pipeline\\Pipeline->Illuminate\\Pipeline\\{closure}(Object(Illuminate\\Http\\Request))
#43 D:\\xampp7\\htdocs\\zakwanbd\\affiliate\\vendor\\laravel\\framework\\src\\Illuminate\\Pipeline\\Pipeline.php(167): Illuminate\\Foundation\\Http\\Middleware\\ValidatePostSize->handle(Object(Illuminate\\Http\\Request), Object(Closure))
#44 D:\\xampp7\\htdocs\\zakwanbd\\affiliate\\vendor\\laravel\\framework\\src\\Illuminate\\Foundation\\Http\\Middleware\\CheckForMaintenanceMode.php(63): Illuminate\\Pipeline\\Pipeline->Illuminate\\Pipeline\\{closure}(Object(Illuminate\\Http\\Request))
#45 D:\\xampp7\\htdocs\\zakwanbd\\affiliate\\vendor\\laravel\\framework\\src\\Illuminate\\Pipeline\\Pipeline.php(167): Illuminate\\Foundation\\Http\\Middleware\\CheckForMaintenanceMode->handle(Object(Illuminate\\Http\\Request), Object(Closure))
#46 D:\\xampp7\\htdocs\\zakwanbd\\affiliate\\vendor\\fruitcake\\laravel-cors\\src\\HandleCors.php(37): Illuminate\\Pipeline\\Pipeline->Illuminate\\Pipeline\\{closure}(Object(Illuminate\\Http\\Request))
#47 D:\\xampp7\\htdocs\\zakwanbd\\affiliate\\vendor\\laravel\\framework\\src\\Illuminate\\Pipeline\\Pipeline.php(167): Fruitcake\\Cors\\HandleCors->handle(Object(Illuminate\\Http\\Request), Object(Closure))
#48 D:\\xampp7\\htdocs\\zakwanbd\\affiliate\\vendor\\fideloper\\proxy\\src\\TrustProxies.php(57): Illuminate\\Pipeline\\Pipeline->Illuminate\\Pipeline\\{closure}(Object(Illuminate\\Http\\Request))
#49 D:\\xampp7\\htdocs\\zakwanbd\\affiliate\\vendor\\laravel\\framework\\src\\Illuminate\\Pipeline\\Pipeline.php(167): Fideloper\\Proxy\\TrustProxies->handle(Object(Illuminate\\Http\\Request), Object(Closure))
#50 D:\\xampp7\\htdocs\\zakwanbd\\affiliate\\vendor\\laravel\\framework\\src\\Illuminate\\Pipeline\\Pipeline.php(103): Illuminate\\Pipeline\\Pipeline->Illuminate\\Pipeline\\{closure}(Object(Illuminate\\Http\\Request))
#51 D:\\xampp7\\htdocs\\zakwanbd\\affiliate\\vendor\\laravel\\framework\\src\\Illuminate\\Foundation\\Http\\Kernel.php(140): Illuminate\\Pipeline\\Pipeline->then(Object(Closure))
#52 D:\\xampp7\\htdocs\\zakwanbd\\affiliate\\vendor\\laravel\\framework\\src\\Illuminate\\Foundation\\Http\\Kernel.php(109): Illuminate\\Foundation\\Http\\Kernel->sendRequestThroughRouter(Object(Illuminate\\Http\\Request))
#53 D:\\xampp7\\htdocs\\zakwanbd\\affiliate\\index.php(55): Illuminate\\Foundation\\Http\\Kernel->handle(Object(Illuminate\\Http\\Request))
#54 {main}
"} 
[2025-04-14 13:08:13] local.ERROR: SQLSTATE[42S02]: Base table or view not found: 1146 Table 'zakwanbd.context_found_commision' doesn't exist (SQL: select * from `context_found_commision` limit 1) {"exception":"[object] (Illuminate\\Database\\QueryException(code: 42S02): SQLSTATE[42S02]: Base table or view not found: 1146 Table 'zakwanbd.context_found_commision' doesn't exist (SQL: select * from `context_found_commision` limit 1) at D:\\xampp7\\htdocs\\zakwanbd\\affiliate\\vendor\\laravel\\framework\\src\\Illuminate\\Database\\Connection.php:671)
[stacktrace]
#0 D:\\xampp7\\htdocs\\zakwanbd\\affiliate\\vendor\\laravel\\framework\\src\\Illuminate\\Database\\Connection.php(631): Illuminate\\Database\\Connection->runQueryCallback('select * from `...', Array, Object(Closure))
#1 D:\\xampp7\\htdocs\\zakwanbd\\affiliate\\vendor\\laravel\\framework\\src\\Illuminate\\Database\\Connection.php(339): Illuminate\\Database\\Connection->run('select * from `...', Array, Object(Closure))
#2 D:\\xampp7\\htdocs\\zakwanbd\\affiliate\\vendor\\laravel\\framework\\src\\Illuminate\\Database\\Query\\Builder.php(2270): Illuminate\\Database\\Connection->select('select * from `...', Array, true)
#3 D:\\xampp7\\htdocs\\zakwanbd\\affiliate\\vendor\\laravel\\framework\\src\\Illuminate\\Database\\Query\\Builder.php(2258): Illuminate\\Database\\Query\\Builder->runSelect()
#4 D:\\xampp7\\htdocs\\zakwanbd\\affiliate\\vendor\\laravel\\framework\\src\\Illuminate\\Database\\Query\\Builder.php(2753): Illuminate\\Database\\Query\\Builder->Illuminate\\Database\\Query\\{closure}()
#5 D:\\xampp7\\htdocs\\zakwanbd\\affiliate\\vendor\\laravel\\framework\\src\\Illuminate\\Database\\Query\\Builder.php(2259): Illuminate\\Database\\Query\\Builder->onceWithColumns(Array, Object(Closure))
#6 D:\\xampp7\\htdocs\\zakwanbd\\affiliate\\vendor\\laravel\\framework\\src\\Illuminate\\Database\\Concerns\\BuildsQueries.php(143): Illuminate\\Database\\Query\\Builder->get(Array)
#7 D:\\xampp7\\htdocs\\zakwanbd\\affiliate\\app\\Http\\Controllers\\admin\\AdminAffiliteController.php(815): Illuminate\\Database\\Query\\Builder->first()
#8 D:\\xampp7\\htdocs\\zakwanbd\\affiliate\\vendor\\laravel\\framework\\src\\Illuminate\\Routing\\Controller.php(54): App\\Http\\Controllers\\admin\\AdminAffiliteController->contestHistory()
#9 D:\\xampp7\\htdocs\\zakwanbd\\affiliate\\vendor\\laravel\\framework\\src\\Illuminate\\Routing\\ControllerDispatcher.php(45): Illuminate\\Routing\\Controller->callAction('contestHistory', Array)
#10 D:\\xampp7\\htdocs\\zakwanbd\\affiliate\\vendor\\laravel\\framework\\src\\Illuminate\\Routing\\Route.php(239): Illuminate\\Routing\\ControllerDispatcher->dispatch(Object(Illuminate\\Routing\\Route), Object(App\\Http\\Controllers\\admin\\AdminAffiliteController), 'contestHistory')
#11 D:\\xampp7\\htdocs\\zakwanbd\\affiliate\\vendor\\laravel\\framework\\src\\Illuminate\\Routing\\Route.php(196): Illuminate\\Routing\\Route->runController()
#12 D:\\xampp7\\htdocs\\zakwanbd\\affiliate\\vendor\\laravel\\framework\\src\\Illuminate\\Routing\\Router.php(685): Illuminate\\Routing\\Route->run()
#13 D:\\xampp7\\htdocs\\zakwanbd\\affiliate\\vendor\\laravel\\framework\\src\\Illuminate\\Pipeline\\Pipeline.php(128): Illuminate\\Routing\\Router->Illuminate\\Routing\\{closure}(Object(Illuminate\\Http\\Request))
#14 D:\\xampp7\\htdocs\\zakwanbd\\affiliate\\app\\Http\\Middleware\\AdminMiddleware.php(25): Illuminate\\Pipeline\\Pipeline->Illuminate\\Pipeline\\{closure}(Object(Illuminate\\Http\\Request))
#15 D:\\xampp7\\htdocs\\zakwanbd\\affiliate\\vendor\\laravel\\framework\\src\\Illuminate\\Pipeline\\Pipeline.php(167): App\\Http\\Middleware\\AdminMiddleware->handle(Object(Illuminate\\Http\\Request), Object(Closure))
#16 D:\\xampp7\\htdocs\\zakwanbd\\affiliate\\vendor\\laravel\\framework\\src\\Illuminate\\Routing\\Middleware\\SubstituteBindings.php(41): Illuminate\\Pipeline\\Pipeline->Illuminate\\Pipeline\\{closure}(Object(Illuminate\\Http\\Request))
#17 D:\\xampp7\\htdocs\\zakwanbd\\affiliate\\vendor\\laravel\\framework\\src\\Illuminate\\Pipeline\\Pipeline.php(167): Illuminate\\Routing\\Middleware\\SubstituteBindings->handle(Object(Illuminate\\Http\\Request), Object(Closure))
#18 D:\\xampp7\\htdocs\\zakwanbd\\affiliate\\vendor\\laravel\\framework\\src\\Illuminate\\Foundation\\Http\\Middleware\\VerifyCsrfToken.php(78): Illuminate\\Pipeline\\Pipeline->Illuminate\\Pipeline\\{closure}(Object(Illuminate\\Http\\Request))
#19 D:\\xampp7\\htdocs\\zakwanbd\\affiliate\\vendor\\laravel\\framework\\src\\Illuminate\\Pipeline\\Pipeline.php(167): Illuminate\\Foundation\\Http\\Middleware\\VerifyCsrfToken->handle(Object(Illuminate\\Http\\Request), Object(Closure))
#20 D:\\xampp7\\htdocs\\zakwanbd\\affiliate\\vendor\\laravel\\framework\\src\\Illuminate\\View\\Middleware\\ShareErrorsFromSession.php(49): Illuminate\\Pipeline\\Pipeline->Illuminate\\Pipeline\\{closure}(Object(Illuminate\\Http\\Request))
#21 D:\\xampp7\\htdocs\\zakwanbd\\affiliate\\vendor\\laravel\\framework\\src\\Illuminate\\Pipeline\\Pipeline.php(167): Illuminate\\View\\Middleware\\ShareErrorsFromSession->handle(Object(Illuminate\\Http\\Request), Object(Closure))
#22 D:\\xampp7\\htdocs\\zakwanbd\\affiliate\\vendor\\laravel\\framework\\src\\Illuminate\\Session\\Middleware\\StartSession.php(116): Illuminate\\Pipeline\\Pipeline->Illuminate\\Pipeline\\{closure}(Object(Illuminate\\Http\\Request))
#23 D:\\xampp7\\htdocs\\zakwanbd\\affiliate\\vendor\\laravel\\framework\\src\\Illuminate\\Session\\Middleware\\StartSession.php(62): Illuminate\\Session\\Middleware\\StartSession->handleStatefulRequest(Object(Illuminate\\Http\\Request), Object(Illuminate\\Session\\Store), Object(Closure))
#24 D:\\xampp7\\htdocs\\zakwanbd\\affiliate\\vendor\\laravel\\framework\\src\\Illuminate\\Pipeline\\Pipeline.php(167): Illuminate\\Session\\Middleware\\StartSession->handle(Object(Illuminate\\Http\\Request), Object(Closure))
#25 D:\\xampp7\\htdocs\\zakwanbd\\affiliate\\vendor\\laravel\\framework\\src\\Illuminate\\Cookie\\Middleware\\AddQueuedCookiesToResponse.php(37): Illuminate\\Pipeline\\Pipeline->Illuminate\\Pipeline\\{closure}(Object(Illuminate\\Http\\Request))
#26 D:\\xampp7\\htdocs\\zakwanbd\\affiliate\\vendor\\laravel\\framework\\src\\Illuminate\\Pipeline\\Pipeline.php(167): Illuminate\\Cookie\\Middleware\\AddQueuedCookiesToResponse->handle(Object(Illuminate\\Http\\Request), Object(Closure))
#27 D:\\xampp7\\htdocs\\zakwanbd\\affiliate\\vendor\\laravel\\framework\\src\\Illuminate\\Cookie\\Middleware\\EncryptCookies.php(67): Illuminate\\Pipeline\\Pipeline->Illuminate\\Pipeline\\{closure}(Object(Illuminate\\Http\\Request))
#28 D:\\xampp7\\htdocs\\zakwanbd\\affiliate\\vendor\\laravel\\framework\\src\\Illuminate\\Pipeline\\Pipeline.php(167): Illuminate\\Cookie\\Middleware\\EncryptCookies->handle(Object(Illuminate\\Http\\Request), Object(Closure))
#29 D:\\xampp7\\htdocs\\zakwanbd\\affiliate\\vendor\\laravel\\framework\\src\\Illuminate\\Pipeline\\Pipeline.php(103): Illuminate\\Pipeline\\Pipeline->Illuminate\\Pipeline\\{closure}(Object(Illuminate\\Http\\Request))
#30 D:\\xampp7\\htdocs\\zakwanbd\\affiliate\\vendor\\laravel\\framework\\src\\Illuminate\\Routing\\Router.php(687): Illuminate\\Pipeline\\Pipeline->then(Object(Closure))
#31 D:\\xampp7\\htdocs\\zakwanbd\\affiliate\\vendor\\laravel\\framework\\src\\Illuminate\\Routing\\Router.php(662): Illuminate\\Routing\\Router->runRouteWithinStack(Object(Illuminate\\Routing\\Route), Object(Illuminate\\Http\\Request))
#32 D:\\xampp7\\htdocs\\zakwanbd\\affiliate\\vendor\\laravel\\framework\\src\\Illuminate\\Routing\\Router.php(628): Illuminate\\Routing\\Router->runRoute(Object(Illuminate\\Http\\Request), Object(Illuminate\\Routing\\Route))
#33 D:\\xampp7\\htdocs\\zakwanbd\\affiliate\\vendor\\laravel\\framework\\src\\Illuminate\\Routing\\Router.php(617): Illuminate\\Routing\\Router->dispatchToRoute(Object(Illuminate\\Http\\Request))
#34 D:\\xampp7\\htdocs\\zakwanbd\\affiliate\\vendor\\laravel\\framework\\src\\Illuminate\\Foundation\\Http\\Kernel.php(165): Illuminate\\Routing\\Router->dispatch(Object(Illuminate\\Http\\Request))
#35 D:\\xampp7\\htdocs\\zakwanbd\\affiliate\\vendor\\laravel\\framework\\src\\Illuminate\\Pipeline\\Pipeline.php(128): Illuminate\\Foundation\\Http\\Kernel->Illuminate\\Foundation\\Http\\{closure}(Object(Illuminate\\Http\\Request))
#36 D:\\xampp7\\htdocs\\zakwanbd\\affiliate\\vendor\\laravel\\framework\\src\\Illuminate\\Foundation\\Http\\Middleware\\TransformsRequest.php(21): Illuminate\\Pipeline\\Pipeline->Illuminate\\Pipeline\\{closure}(Object(Illuminate\\Http\\Request))
#37 D:\\xampp7\\htdocs\\zakwanbd\\affiliate\\vendor\\laravel\\framework\\src\\Illuminate\\Pipeline\\Pipeline.php(167): Illuminate\\Foundation\\Http\\Middleware\\TransformsRequest->handle(Object(Illuminate\\Http\\Request), Object(Closure))
#38 D:\\xampp7\\htdocs\\zakwanbd\\affiliate\\vendor\\laravel\\framework\\src\\Illuminate\\Foundation\\Http\\Middleware\\TransformsRequest.php(21): Illuminate\\Pipeline\\Pipeline->Illuminate\\Pipeline\\{closure}(Object(Illuminate\\Http\\Request))
#39 D:\\xampp7\\htdocs\\zakwanbd\\affiliate\\vendor\\laravel\\framework\\src\\Illuminate\\Pipeline\\Pipeline.php(167): Illuminate\\Foundation\\Http\\Middleware\\TransformsRequest->handle(Object(Illuminate\\Http\\Request), Object(Closure))
#40 D:\\xampp7\\htdocs\\zakwanbd\\affiliate\\vendor\\laravel\\framework\\src\\Illuminate\\Foundation\\Http\\Middleware\\ValidatePostSize.php(27): Illuminate\\Pipeline\\Pipeline->Illuminate\\Pipeline\\{closure}(Object(Illuminate\\Http\\Request))
#41 D:\\xampp7\\htdocs\\zakwanbd\\affiliate\\vendor\\laravel\\framework\\src\\Illuminate\\Pipeline\\Pipeline.php(167): Illuminate\\Foundation\\Http\\Middleware\\ValidatePostSize->handle(Object(Illuminate\\Http\\Request), Object(Closure))
#42 D:\\xampp7\\htdocs\\zakwanbd\\affiliate\\vendor\\laravel\\framework\\src\\Illuminate\\Foundation\\Http\\Middleware\\CheckForMaintenanceMode.php(63): Illuminate\\Pipeline\\Pipeline->Illuminate\\Pipeline\\{closure}(Object(Illuminate\\Http\\Request))
#43 D:\\xampp7\\htdocs\\zakwanbd\\affiliate\\vendor\\laravel\\framework\\src\\Illuminate\\Pipeline\\Pipeline.php(167): Illuminate\\Foundation\\Http\\Middleware\\CheckForMaintenanceMode->handle(Object(Illuminate\\Http\\Request), Object(Closure))
#44 D:\\xampp7\\htdocs\\zakwanbd\\affiliate\\vendor\\fruitcake\\laravel-cors\\src\\HandleCors.php(37): Illuminate\\Pipeline\\Pipeline->Illuminate\\Pipeline\\{closure}(Object(Illuminate\\Http\\Request))
#45 D:\\xampp7\\htdocs\\zakwanbd\\affiliate\\vendor\\laravel\\framework\\src\\Illuminate\\Pipeline\\Pipeline.php(167): Fruitcake\\Cors\\HandleCors->handle(Object(Illuminate\\Http\\Request), Object(Closure))
#46 D:\\xampp7\\htdocs\\zakwanbd\\affiliate\\vendor\\fideloper\\proxy\\src\\TrustProxies.php(57): Illuminate\\Pipeline\\Pipeline->Illuminate\\Pipeline\\{closure}(Object(Illuminate\\Http\\Request))
#47 D:\\xampp7\\htdocs\\zakwanbd\\affiliate\\vendor\\laravel\\framework\\src\\Illuminate\\Pipeline\\Pipeline.php(167): Fideloper\\Proxy\\TrustProxies->handle(Object(Illuminate\\Http\\Request), Object(Closure))
#48 D:\\xampp7\\htdocs\\zakwanbd\\affiliate\\vendor\\laravel\\framework\\src\\Illuminate\\Pipeline\\Pipeline.php(103): Illuminate\\Pipeline\\Pipeline->Illuminate\\Pipeline\\{closure}(Object(Illuminate\\Http\\Request))
#49 D:\\xampp7\\htdocs\\zakwanbd\\affiliate\\vendor\\laravel\\framework\\src\\Illuminate\\Foundation\\Http\\Kernel.php(140): Illuminate\\Pipeline\\Pipeline->then(Object(Closure))
#50 D:\\xampp7\\htdocs\\zakwanbd\\affiliate\\vendor\\laravel\\framework\\src\\Illuminate\\Foundation\\Http\\Kernel.php(109): Illuminate\\Foundation\\Http\\Kernel->sendRequestThroughRouter(Object(Illuminate\\Http\\Request))
#51 D:\\xampp7\\htdocs\\zakwanbd\\affiliate\\index.php(55): Illuminate\\Foundation\\Http\\Kernel->handle(Object(Illuminate\\Http\\Request))
#52 {main}

[previous exception] [object] (PDOException(code: 42S02): SQLSTATE[42S02]: Base table or view not found: 1146 Table 'zakwanbd.context_found_commision' doesn't exist at D:\\xampp7\\htdocs\\zakwanbd\\affiliate\\vendor\\laravel\\framework\\src\\Illuminate\\Database\\Connection.php:331)
[stacktrace]
#0 D:\\xampp7\\htdocs\\zakwanbd\\affiliate\\vendor\\laravel\\framework\\src\\Illuminate\\Database\\Connection.php(331): PDO->prepare('select * from `...')
#1 D:\\xampp7\\htdocs\\zakwanbd\\affiliate\\vendor\\laravel\\framework\\src\\Illuminate\\Database\\Connection.php(664): Illuminate\\Database\\Connection->Illuminate\\Database\\{closure}('select * from `...', Array)
#2 D:\\xampp7\\htdocs\\zakwanbd\\affiliate\\vendor\\laravel\\framework\\src\\Illuminate\\Database\\Connection.php(631): Illuminate\\Database\\Connection->runQueryCallback('select * from `...', Array, Object(Closure))
#3 D:\\xampp7\\htdocs\\zakwanbd\\affiliate\\vendor\\laravel\\framework\\src\\Illuminate\\Database\\Connection.php(339): Illuminate\\Database\\Connection->run('select * from `...', Array, Object(Closure))
#4 D:\\xampp7\\htdocs\\zakwanbd\\affiliate\\vendor\\laravel\\framework\\src\\Illuminate\\Database\\Query\\Builder.php(2270): Illuminate\\Database\\Connection->select('select * from `...', Array, true)
#5 D:\\xampp7\\htdocs\\zakwanbd\\affiliate\\vendor\\laravel\\framework\\src\\Illuminate\\Database\\Query\\Builder.php(2258): Illuminate\\Database\\Query\\Builder->runSelect()
#6 D:\\xampp7\\htdocs\\zakwanbd\\affiliate\\vendor\\laravel\\framework\\src\\Illuminate\\Database\\Query\\Builder.php(2753): Illuminate\\Database\\Query\\Builder->Illuminate\\Database\\Query\\{closure}()
#7 D:\\xampp7\\htdocs\\zakwanbd\\affiliate\\vendor\\laravel\\framework\\src\\Illuminate\\Database\\Query\\Builder.php(2259): Illuminate\\Database\\Query\\Builder->onceWithColumns(Array, Object(Closure))
#8 D:\\xampp7\\htdocs\\zakwanbd\\affiliate\\vendor\\laravel\\framework\\src\\Illuminate\\Database\\Concerns\\BuildsQueries.php(143): Illuminate\\Database\\Query\\Builder->get(Array)
#9 D:\\xampp7\\htdocs\\zakwanbd\\affiliate\\app\\Http\\Controllers\\admin\\AdminAffiliteController.php(815): Illuminate\\Database\\Query\\Builder->first()
#10 D:\\xampp7\\htdocs\\zakwanbd\\affiliate\\vendor\\laravel\\framework\\src\\Illuminate\\Routing\\Controller.php(54): App\\Http\\Controllers\\admin\\AdminAffiliteController->contestHistory()
#11 D:\\xampp7\\htdocs\\zakwanbd\\affiliate\\vendor\\laravel\\framework\\src\\Illuminate\\Routing\\ControllerDispatcher.php(45): Illuminate\\Routing\\Controller->callAction('contestHistory', Array)
#12 D:\\xampp7\\htdocs\\zakwanbd\\affiliate\\vendor\\laravel\\framework\\src\\Illuminate\\Routing\\Route.php(239): Illuminate\\Routing\\ControllerDispatcher->dispatch(Object(Illuminate\\Routing\\Route), Object(App\\Http\\Controllers\\admin\\AdminAffiliteController), 'contestHistory')
#13 D:\\xampp7\\htdocs\\zakwanbd\\affiliate\\vendor\\laravel\\framework\\src\\Illuminate\\Routing\\Route.php(196): Illuminate\\Routing\\Route->runController()
#14 D:\\xampp7\\htdocs\\zakwanbd\\affiliate\\vendor\\laravel\\framework\\src\\Illuminate\\Routing\\Router.php(685): Illuminate\\Routing\\Route->run()
#15 D:\\xampp7\\htdocs\\zakwanbd\\affiliate\\vendor\\laravel\\framework\\src\\Illuminate\\Pipeline\\Pipeline.php(128): Illuminate\\Routing\\Router->Illuminate\\Routing\\{closure}(Object(Illuminate\\Http\\Request))
#16 D:\\xampp7\\htdocs\\zakwanbd\\affiliate\\app\\Http\\Middleware\\AdminMiddleware.php(25): Illuminate\\Pipeline\\Pipeline->Illuminate\\Pipeline\\{closure}(Object(Illuminate\\Http\\Request))
#17 D:\\xampp7\\htdocs\\zakwanbd\\affiliate\\vendor\\laravel\\framework\\src\\Illuminate\\Pipeline\\Pipeline.php(167): App\\Http\\Middleware\\AdminMiddleware->handle(Object(Illuminate\\Http\\Request), Object(Closure))
#18 D:\\xampp7\\htdocs\\zakwanbd\\affiliate\\vendor\\laravel\\framework\\src\\Illuminate\\Routing\\Middleware\\SubstituteBindings.php(41): Illuminate\\Pipeline\\Pipeline->Illuminate\\Pipeline\\{closure}(Object(Illuminate\\Http\\Request))
#19 D:\\xampp7\\htdocs\\zakwanbd\\affiliate\\vendor\\laravel\\framework\\src\\Illuminate\\Pipeline\\Pipeline.php(167): Illuminate\\Routing\\Middleware\\SubstituteBindings->handle(Object(Illuminate\\Http\\Request), Object(Closure))
#20 D:\\xampp7\\htdocs\\zakwanbd\\affiliate\\vendor\\laravel\\framework\\src\\Illuminate\\Foundation\\Http\\Middleware\\VerifyCsrfToken.php(78): Illuminate\\Pipeline\\Pipeline->Illuminate\\Pipeline\\{closure}(Object(Illuminate\\Http\\Request))
#21 D:\\xampp7\\htdocs\\zakwanbd\\affiliate\\vendor\\laravel\\framework\\src\\Illuminate\\Pipeline\\Pipeline.php(167): Illuminate\\Foundation\\Http\\Middleware\\VerifyCsrfToken->handle(Object(Illuminate\\Http\\Request), Object(Closure))
#22 D:\\xampp7\\htdocs\\zakwanbd\\affiliate\\vendor\\laravel\\framework\\src\\Illuminate\\View\\Middleware\\ShareErrorsFromSession.php(49): Illuminate\\Pipeline\\Pipeline->Illuminate\\Pipeline\\{closure}(Object(Illuminate\\Http\\Request))
#23 D:\\xampp7\\htdocs\\zakwanbd\\affiliate\\vendor\\laravel\\framework\\src\\Illuminate\\Pipeline\\Pipeline.php(167): Illuminate\\View\\Middleware\\ShareErrorsFromSession->handle(Object(Illuminate\\Http\\Request), Object(Closure))
#24 D:\\xampp7\\htdocs\\zakwanbd\\affiliate\\vendor\\laravel\\framework\\src\\Illuminate\\Session\\Middleware\\StartSession.php(116): Illuminate\\Pipeline\\Pipeline->Illuminate\\Pipeline\\{closure}(Object(Illuminate\\Http\\Request))
#25 D:\\xampp7\\htdocs\\zakwanbd\\affiliate\\vendor\\laravel\\framework\\src\\Illuminate\\Session\\Middleware\\StartSession.php(62): Illuminate\\Session\\Middleware\\StartSession->handleStatefulRequest(Object(Illuminate\\Http\\Request), Object(Illuminate\\Session\\Store), Object(Closure))
#26 D:\\xampp7\\htdocs\\zakwanbd\\affiliate\\vendor\\laravel\\framework\\src\\Illuminate\\Pipeline\\Pipeline.php(167): Illuminate\\Session\\Middleware\\StartSession->handle(Object(Illuminate\\Http\\Request), Object(Closure))
#27 D:\\xampp7\\htdocs\\zakwanbd\\affiliate\\vendor\\laravel\\framework\\src\\Illuminate\\Cookie\\Middleware\\AddQueuedCookiesToResponse.php(37): Illuminate\\Pipeline\\Pipeline->Illuminate\\Pipeline\\{closure}(Object(Illuminate\\Http\\Request))
#28 D:\\xampp7\\htdocs\\zakwanbd\\affiliate\\vendor\\laravel\\framework\\src\\Illuminate\\Pipeline\\Pipeline.php(167): Illuminate\\Cookie\\Middleware\\AddQueuedCookiesToResponse->handle(Object(Illuminate\\Http\\Request), Object(Closure))
#29 D:\\xampp7\\htdocs\\zakwanbd\\affiliate\\vendor\\laravel\\framework\\src\\Illuminate\\Cookie\\Middleware\\EncryptCookies.php(67): Illuminate\\Pipeline\\Pipeline->Illuminate\\Pipeline\\{closure}(Object(Illuminate\\Http\\Request))
#30 D:\\xampp7\\htdocs\\zakwanbd\\affiliate\\vendor\\laravel\\framework\\src\\Illuminate\\Pipeline\\Pipeline.php(167): Illuminate\\Cookie\\Middleware\\EncryptCookies->handle(Object(Illuminate\\Http\\Request), Object(Closure))
#31 D:\\xampp7\\htdocs\\zakwanbd\\affiliate\\vendor\\laravel\\framework\\src\\Illuminate\\Pipeline\\Pipeline.php(103): Illuminate\\Pipeline\\Pipeline->Illuminate\\Pipeline\\{closure}(Object(Illuminate\\Http\\Request))
#32 D:\\xampp7\\htdocs\\zakwanbd\\affiliate\\vendor\\laravel\\framework\\src\\Illuminate\\Routing\\Router.php(687): Illuminate\\Pipeline\\Pipeline->then(Object(Closure))
#33 D:\\xampp7\\htdocs\\zakwanbd\\affiliate\\vendor\\laravel\\framework\\src\\Illuminate\\Routing\\Router.php(662): Illuminate\\Routing\\Router->runRouteWithinStack(Object(Illuminate\\Routing\\Route), Object(Illuminate\\Http\\Request))
#34 D:\\xampp7\\htdocs\\zakwanbd\\affiliate\\vendor\\laravel\\framework\\src\\Illuminate\\Routing\\Router.php(628): Illuminate\\Routing\\Router->runRoute(Object(Illuminate\\Http\\Request), Object(Illuminate\\Routing\\Route))
#35 D:\\xampp7\\htdocs\\zakwanbd\\affiliate\\vendor\\laravel\\framework\\src\\Illuminate\\Routing\\Router.php(617): Illuminate\\Routing\\Router->dispatchToRoute(Object(Illuminate\\Http\\Request))
#36 D:\\xampp7\\htdocs\\zakwanbd\\affiliate\\vendor\\laravel\\framework\\src\\Illuminate\\Foundation\\Http\\Kernel.php(165): Illuminate\\Routing\\Router->dispatch(Object(Illuminate\\Http\\Request))
#37 D:\\xampp7\\htdocs\\zakwanbd\\affiliate\\vendor\\laravel\\framework\\src\\Illuminate\\Pipeline\\Pipeline.php(128): Illuminate\\Foundation\\Http\\Kernel->Illuminate\\Foundation\\Http\\{closure}(Object(Illuminate\\Http\\Request))
#38 D:\\xampp7\\htdocs\\zakwanbd\\affiliate\\vendor\\laravel\\framework\\src\\Illuminate\\Foundation\\Http\\Middleware\\TransformsRequest.php(21): Illuminate\\Pipeline\\Pipeline->Illuminate\\Pipeline\\{closure}(Object(Illuminate\\Http\\Request))
#39 D:\\xampp7\\htdocs\\zakwanbd\\affiliate\\vendor\\laravel\\framework\\src\\Illuminate\\Pipeline\\Pipeline.php(167): Illuminate\\Foundation\\Http\\Middleware\\TransformsRequest->handle(Object(Illuminate\\Http\\Request), Object(Closure))
#40 D:\\xampp7\\htdocs\\zakwanbd\\affiliate\\vendor\\laravel\\framework\\src\\Illuminate\\Foundation\\Http\\Middleware\\TransformsRequest.php(21): Illuminate\\Pipeline\\Pipeline->Illuminate\\Pipeline\\{closure}(Object(Illuminate\\Http\\Request))
#41 D:\\xampp7\\htdocs\\zakwanbd\\affiliate\\vendor\\laravel\\framework\\src\\Illuminate\\Pipeline\\Pipeline.php(167): Illuminate\\Foundation\\Http\\Middleware\\TransformsRequest->handle(Object(Illuminate\\Http\\Request), Object(Closure))
#42 D:\\xampp7\\htdocs\\zakwanbd\\affiliate\\vendor\\laravel\\framework\\src\\Illuminate\\Foundation\\Http\\Middleware\\ValidatePostSize.php(27): Illuminate\\Pipeline\\Pipeline->Illuminate\\Pipeline\\{closure}(Object(Illuminate\\Http\\Request))
#43 D:\\xampp7\\htdocs\\zakwanbd\\affiliate\\vendor\\laravel\\framework\\src\\Illuminate\\Pipeline\\Pipeline.php(167): Illuminate\\Foundation\\Http\\Middleware\\ValidatePostSize->handle(Object(Illuminate\\Http\\Request), Object(Closure))
#44 D:\\xampp7\\htdocs\\zakwanbd\\affiliate\\vendor\\laravel\\framework\\src\\Illuminate\\Foundation\\Http\\Middleware\\CheckForMaintenanceMode.php(63): Illuminate\\Pipeline\\Pipeline->Illuminate\\Pipeline\\{closure}(Object(Illuminate\\Http\\Request))
#45 D:\\xampp7\\htdocs\\zakwanbd\\affiliate\\vendor\\laravel\\framework\\src\\Illuminate\\Pipeline\\Pipeline.php(167): Illuminate\\Foundation\\Http\\Middleware\\CheckForMaintenanceMode->handle(Object(Illuminate\\Http\\Request), Object(Closure))
#46 D:\\xampp7\\htdocs\\zakwanbd\\affiliate\\vendor\\fruitcake\\laravel-cors\\src\\HandleCors.php(37): Illuminate\\Pipeline\\Pipeline->Illuminate\\Pipeline\\{closure}(Object(Illuminate\\Http\\Request))
#47 D:\\xampp7\\htdocs\\zakwanbd\\affiliate\\vendor\\laravel\\framework\\src\\Illuminate\\Pipeline\\Pipeline.php(167): Fruitcake\\Cors\\HandleCors->handle(Object(Illuminate\\Http\\Request), Object(Closure))
#48 D:\\xampp7\\htdocs\\zakwanbd\\affiliate\\vendor\\fideloper\\proxy\\src\\TrustProxies.php(57): Illuminate\\Pipeline\\Pipeline->Illuminate\\Pipeline\\{closure}(Object(Illuminate\\Http\\Request))
#49 D:\\xampp7\\htdocs\\zakwanbd\\affiliate\\vendor\\laravel\\framework\\src\\Illuminate\\Pipeline\\Pipeline.php(167): Fideloper\\Proxy\\TrustProxies->handle(Object(Illuminate\\Http\\Request), Object(Closure))
#50 D:\\xampp7\\htdocs\\zakwanbd\\affiliate\\vendor\\laravel\\framework\\src\\Illuminate\\Pipeline\\Pipeline.php(103): Illuminate\\Pipeline\\Pipeline->Illuminate\\Pipeline\\{closure}(Object(Illuminate\\Http\\Request))
#51 D:\\xampp7\\htdocs\\zakwanbd\\affiliate\\vendor\\laravel\\framework\\src\\Illuminate\\Foundation\\Http\\Kernel.php(140): Illuminate\\Pipeline\\Pipeline->then(Object(Closure))
#52 D:\\xampp7\\htdocs\\zakwanbd\\affiliate\\vendor\\laravel\\framework\\src\\Illuminate\\Foundation\\Http\\Kernel.php(109): Illuminate\\Foundation\\Http\\Kernel->sendRequestThroughRouter(Object(Illuminate\\Http\\Request))
#53 D:\\xampp7\\htdocs\\zakwanbd\\affiliate\\index.php(55): Illuminate\\Foundation\\Http\\Kernel->handle(Object(Illuminate\\Http\\Request))
#54 {main}
"} 
[2025-04-14 13:08:48] local.ERROR: SQLSTATE[42S02]: Base table or view not found: 1146 Table 'zakwanbd.leadership_contest' doesn't exist (SQL: truncate table `leadership_contest`) {"exception":"[object] (Illuminate\\Database\\QueryException(code: 42S02): SQLSTATE[42S02]: Base table or view not found: 1146 Table 'zakwanbd.leadership_contest' doesn't exist (SQL: truncate table `leadership_contest`) at D:\\xampp7\\htdocs\\zakwanbd\\affiliate\\vendor\\laravel\\framework\\src\\Illuminate\\Database\\Connection.php:671)
[stacktrace]
#0 D:\\xampp7\\htdocs\\zakwanbd\\affiliate\\vendor\\laravel\\framework\\src\\Illuminate\\Database\\Connection.php(631): Illuminate\\Database\\Connection->runQueryCallback('truncate table ...', Array, Object(Closure))
#1 D:\\xampp7\\htdocs\\zakwanbd\\affiliate\\vendor\\laravel\\framework\\src\\Illuminate\\Database\\Connection.php(465): Illuminate\\Database\\Connection->run('truncate table ...', Array, Object(Closure))
#2 D:\\xampp7\\htdocs\\zakwanbd\\affiliate\\vendor\\laravel\\framework\\src\\Illuminate\\Database\\Query\\Builder.php(2970): Illuminate\\Database\\Connection->statement('truncate table ...', Array)
#3 D:\\xampp7\\htdocs\\zakwanbd\\affiliate\\app\\Http\\Controllers\\admin\\AdminAffiliteController.php(746): Illuminate\\Database\\Query\\Builder->truncate()
#4 D:\\xampp7\\htdocs\\zakwanbd\\affiliate\\vendor\\laravel\\framework\\src\\Illuminate\\Routing\\Controller.php(54): App\\Http\\Controllers\\admin\\AdminAffiliteController->leadshipPointDistributionOfContestTwo()
#5 D:\\xampp7\\htdocs\\zakwanbd\\affiliate\\vendor\\laravel\\framework\\src\\Illuminate\\Routing\\ControllerDispatcher.php(45): Illuminate\\Routing\\Controller->callAction('leadshipPointDi...', Array)
#6 D:\\xampp7\\htdocs\\zakwanbd\\affiliate\\vendor\\laravel\\framework\\src\\Illuminate\\Routing\\Route.php(239): Illuminate\\Routing\\ControllerDispatcher->dispatch(Object(Illuminate\\Routing\\Route), Object(App\\Http\\Controllers\\admin\\AdminAffiliteController), 'leadshipPointDi...')
#7 D:\\xampp7\\htdocs\\zakwanbd\\affiliate\\vendor\\laravel\\framework\\src\\Illuminate\\Routing\\Route.php(196): Illuminate\\Routing\\Route->runController()
#8 D:\\xampp7\\htdocs\\zakwanbd\\affiliate\\vendor\\laravel\\framework\\src\\Illuminate\\Routing\\Router.php(685): Illuminate\\Routing\\Route->run()
#9 D:\\xampp7\\htdocs\\zakwanbd\\affiliate\\vendor\\laravel\\framework\\src\\Illuminate\\Pipeline\\Pipeline.php(128): Illuminate\\Routing\\Router->Illuminate\\Routing\\{closure}(Object(Illuminate\\Http\\Request))
#10 D:\\xampp7\\htdocs\\zakwanbd\\affiliate\\app\\Http\\Middleware\\AdminMiddleware.php(25): Illuminate\\Pipeline\\Pipeline->Illuminate\\Pipeline\\{closure}(Object(Illuminate\\Http\\Request))
#11 D:\\xampp7\\htdocs\\zakwanbd\\affiliate\\vendor\\laravel\\framework\\src\\Illuminate\\Pipeline\\Pipeline.php(167): App\\Http\\Middleware\\AdminMiddleware->handle(Object(Illuminate\\Http\\Request), Object(Closure))
#12 D:\\xampp7\\htdocs\\zakwanbd\\affiliate\\vendor\\laravel\\framework\\src\\Illuminate\\Routing\\Middleware\\SubstituteBindings.php(41): Illuminate\\Pipeline\\Pipeline->Illuminate\\Pipeline\\{closure}(Object(Illuminate\\Http\\Request))
#13 D:\\xampp7\\htdocs\\zakwanbd\\affiliate\\vendor\\laravel\\framework\\src\\Illuminate\\Pipeline\\Pipeline.php(167): Illuminate\\Routing\\Middleware\\SubstituteBindings->handle(Object(Illuminate\\Http\\Request), Object(Closure))
#14 D:\\xampp7\\htdocs\\zakwanbd\\affiliate\\vendor\\laravel\\framework\\src\\Illuminate\\Foundation\\Http\\Middleware\\VerifyCsrfToken.php(78): Illuminate\\Pipeline\\Pipeline->Illuminate\\Pipeline\\{closure}(Object(Illuminate\\Http\\Request))
#15 D:\\xampp7\\htdocs\\zakwanbd\\affiliate\\vendor\\laravel\\framework\\src\\Illuminate\\Pipeline\\Pipeline.php(167): Illuminate\\Foundation\\Http\\Middleware\\VerifyCsrfToken->handle(Object(Illuminate\\Http\\Request), Object(Closure))
#16 D:\\xampp7\\htdocs\\zakwanbd\\affiliate\\vendor\\laravel\\framework\\src\\Illuminate\\View\\Middleware\\ShareErrorsFromSession.php(49): Illuminate\\Pipeline\\Pipeline->Illuminate\\Pipeline\\{closure}(Object(Illuminate\\Http\\Request))
#17 D:\\xampp7\\htdocs\\zakwanbd\\affiliate\\vendor\\laravel\\framework\\src\\Illuminate\\Pipeline\\Pipeline.php(167): Illuminate\\View\\Middleware\\ShareErrorsFromSession->handle(Object(Illuminate\\Http\\Request), Object(Closure))
#18 D:\\xampp7\\htdocs\\zakwanbd\\affiliate\\vendor\\laravel\\framework\\src\\Illuminate\\Session\\Middleware\\StartSession.php(116): Illuminate\\Pipeline\\Pipeline->Illuminate\\Pipeline\\{closure}(Object(Illuminate\\Http\\Request))
#19 D:\\xampp7\\htdocs\\zakwanbd\\affiliate\\vendor\\laravel\\framework\\src\\Illuminate\\Session\\Middleware\\StartSession.php(62): Illuminate\\Session\\Middleware\\StartSession->handleStatefulRequest(Object(Illuminate\\Http\\Request), Object(Illuminate\\Session\\Store), Object(Closure))
#20 D:\\xampp7\\htdocs\\zakwanbd\\affiliate\\vendor\\laravel\\framework\\src\\Illuminate\\Pipeline\\Pipeline.php(167): Illuminate\\Session\\Middleware\\StartSession->handle(Object(Illuminate\\Http\\Request), Object(Closure))
#21 D:\\xampp7\\htdocs\\zakwanbd\\affiliate\\vendor\\laravel\\framework\\src\\Illuminate\\Cookie\\Middleware\\AddQueuedCookiesToResponse.php(37): Illuminate\\Pipeline\\Pipeline->Illuminate\\Pipeline\\{closure}(Object(Illuminate\\Http\\Request))
#22 D:\\xampp7\\htdocs\\zakwanbd\\affiliate\\vendor\\laravel\\framework\\src\\Illuminate\\Pipeline\\Pipeline.php(167): Illuminate\\Cookie\\Middleware\\AddQueuedCookiesToResponse->handle(Object(Illuminate\\Http\\Request), Object(Closure))
#23 D:\\xampp7\\htdocs\\zakwanbd\\affiliate\\vendor\\laravel\\framework\\src\\Illuminate\\Cookie\\Middleware\\EncryptCookies.php(67): Illuminate\\Pipeline\\Pipeline->Illuminate\\Pipeline\\{closure}(Object(Illuminate\\Http\\Request))
#24 D:\\xampp7\\htdocs\\zakwanbd\\affiliate\\vendor\\laravel\\framework\\src\\Illuminate\\Pipeline\\Pipeline.php(167): Illuminate\\Cookie\\Middleware\\EncryptCookies->handle(Object(Illuminate\\Http\\Request), Object(Closure))
#25 D:\\xampp7\\htdocs\\zakwanbd\\affiliate\\vendor\\laravel\\framework\\src\\Illuminate\\Pipeline\\Pipeline.php(103): Illuminate\\Pipeline\\Pipeline->Illuminate\\Pipeline\\{closure}(Object(Illuminate\\Http\\Request))
#26 D:\\xampp7\\htdocs\\zakwanbd\\affiliate\\vendor\\laravel\\framework\\src\\Illuminate\\Routing\\Router.php(687): Illuminate\\Pipeline\\Pipeline->then(Object(Closure))
#27 D:\\xampp7\\htdocs\\zakwanbd\\affiliate\\vendor\\laravel\\framework\\src\\Illuminate\\Routing\\Router.php(662): Illuminate\\Routing\\Router->runRouteWithinStack(Object(Illuminate\\Routing\\Route), Object(Illuminate\\Http\\Request))
#28 D:\\xampp7\\htdocs\\zakwanbd\\affiliate\\vendor\\laravel\\framework\\src\\Illuminate\\Routing\\Router.php(628): Illuminate\\Routing\\Router->runRoute(Object(Illuminate\\Http\\Request), Object(Illuminate\\Routing\\Route))
#29 D:\\xampp7\\htdocs\\zakwanbd\\affiliate\\vendor\\laravel\\framework\\src\\Illuminate\\Routing\\Router.php(617): Illuminate\\Routing\\Router->dispatchToRoute(Object(Illuminate\\Http\\Request))
#30 D:\\xampp7\\htdocs\\zakwanbd\\affiliate\\vendor\\laravel\\framework\\src\\Illuminate\\Foundation\\Http\\Kernel.php(165): Illuminate\\Routing\\Router->dispatch(Object(Illuminate\\Http\\Request))
#31 D:\\xampp7\\htdocs\\zakwanbd\\affiliate\\vendor\\laravel\\framework\\src\\Illuminate\\Pipeline\\Pipeline.php(128): Illuminate\\Foundation\\Http\\Kernel->Illuminate\\Foundation\\Http\\{closure}(Object(Illuminate\\Http\\Request))
#32 D:\\xampp7\\htdocs\\zakwanbd\\affiliate\\vendor\\laravel\\framework\\src\\Illuminate\\Foundation\\Http\\Middleware\\TransformsRequest.php(21): Illuminate\\Pipeline\\Pipeline->Illuminate\\Pipeline\\{closure}(Object(Illuminate\\Http\\Request))
#33 D:\\xampp7\\htdocs\\zakwanbd\\affiliate\\vendor\\laravel\\framework\\src\\Illuminate\\Pipeline\\Pipeline.php(167): Illuminate\\Foundation\\Http\\Middleware\\TransformsRequest->handle(Object(Illuminate\\Http\\Request), Object(Closure))
#34 D:\\xampp7\\htdocs\\zakwanbd\\affiliate\\vendor\\laravel\\framework\\src\\Illuminate\\Foundation\\Http\\Middleware\\TransformsRequest.php(21): Illuminate\\Pipeline\\Pipeline->Illuminate\\Pipeline\\{closure}(Object(Illuminate\\Http\\Request))
#35 D:\\xampp7\\htdocs\\zakwanbd\\affiliate\\vendor\\laravel\\framework\\src\\Illuminate\\Pipeline\\Pipeline.php(167): Illuminate\\Foundation\\Http\\Middleware\\TransformsRequest->handle(Object(Illuminate\\Http\\Request), Object(Closure))
#36 D:\\xampp7\\htdocs\\zakwanbd\\affiliate\\vendor\\laravel\\framework\\src\\Illuminate\\Foundation\\Http\\Middleware\\ValidatePostSize.php(27): Illuminate\\Pipeline\\Pipeline->Illuminate\\Pipeline\\{closure}(Object(Illuminate\\Http\\Request))
#37 D:\\xampp7\\htdocs\\zakwanbd\\affiliate\\vendor\\laravel\\framework\\src\\Illuminate\\Pipeline\\Pipeline.php(167): Illuminate\\Foundation\\Http\\Middleware\\ValidatePostSize->handle(Object(Illuminate\\Http\\Request), Object(Closure))
#38 D:\\xampp7\\htdocs\\zakwanbd\\affiliate\\vendor\\laravel\\framework\\src\\Illuminate\\Foundation\\Http\\Middleware\\CheckForMaintenanceMode.php(63): Illuminate\\Pipeline\\Pipeline->Illuminate\\Pipeline\\{closure}(Object(Illuminate\\Http\\Request))
#39 D:\\xampp7\\htdocs\\zakwanbd\\affiliate\\vendor\\laravel\\framework\\src\\Illuminate\\Pipeline\\Pipeline.php(167): Illuminate\\Foundation\\Http\\Middleware\\CheckForMaintenanceMode->handle(Object(Illuminate\\Http\\Request), Object(Closure))
#40 D:\\xampp7\\htdocs\\zakwanbd\\affiliate\\vendor\\fruitcake\\laravel-cors\\src\\HandleCors.php(37): Illuminate\\Pipeline\\Pipeline->Illuminate\\Pipeline\\{closure}(Object(Illuminate\\Http\\Request))
#41 D:\\xampp7\\htdocs\\zakwanbd\\affiliate\\vendor\\laravel\\framework\\src\\Illuminate\\Pipeline\\Pipeline.php(167): Fruitcake\\Cors\\HandleCors->handle(Object(Illuminate\\Http\\Request), Object(Closure))
#42 D:\\xampp7\\htdocs\\zakwanbd\\affiliate\\vendor\\fideloper\\proxy\\src\\TrustProxies.php(57): Illuminate\\Pipeline\\Pipeline->Illuminate\\Pipeline\\{closure}(Object(Illuminate\\Http\\Request))
#43 D:\\xampp7\\htdocs\\zakwanbd\\affiliate\\vendor\\laravel\\framework\\src\\Illuminate\\Pipeline\\Pipeline.php(167): Fideloper\\Proxy\\TrustProxies->handle(Object(Illuminate\\Http\\Request), Object(Closure))
#44 D:\\xampp7\\htdocs\\zakwanbd\\affiliate\\vendor\\laravel\\framework\\src\\Illuminate\\Pipeline\\Pipeline.php(103): Illuminate\\Pipeline\\Pipeline->Illuminate\\Pipeline\\{closure}(Object(Illuminate\\Http\\Request))
#45 D:\\xampp7\\htdocs\\zakwanbd\\affiliate\\vendor\\laravel\\framework\\src\\Illuminate\\Foundation\\Http\\Kernel.php(140): Illuminate\\Pipeline\\Pipeline->then(Object(Closure))
#46 D:\\xampp7\\htdocs\\zakwanbd\\affiliate\\vendor\\laravel\\framework\\src\\Illuminate\\Foundation\\Http\\Kernel.php(109): Illuminate\\Foundation\\Http\\Kernel->sendRequestThroughRouter(Object(Illuminate\\Http\\Request))
#47 D:\\xampp7\\htdocs\\zakwanbd\\affiliate\\index.php(55): Illuminate\\Foundation\\Http\\Kernel->handle(Object(Illuminate\\Http\\Request))
#48 {main}

[previous exception] [object] (PDOException(code: 42S02): SQLSTATE[42S02]: Base table or view not found: 1146 Table 'zakwanbd.leadership_contest' doesn't exist at D:\\xampp7\\htdocs\\zakwanbd\\affiliate\\vendor\\laravel\\framework\\src\\Illuminate\\Database\\Connection.php:464)
[stacktrace]
#0 D:\\xampp7\\htdocs\\zakwanbd\\affiliate\\vendor\\laravel\\framework\\src\\Illuminate\\Database\\Connection.php(464): PDOStatement->execute()
#1 D:\\xampp7\\htdocs\\zakwanbd\\affiliate\\vendor\\laravel\\framework\\src\\Illuminate\\Database\\Connection.php(664): Illuminate\\Database\\Connection->Illuminate\\Database\\{closure}('truncate table ...', Array)
#2 D:\\xampp7\\htdocs\\zakwanbd\\affiliate\\vendor\\laravel\\framework\\src\\Illuminate\\Database\\Connection.php(631): Illuminate\\Database\\Connection->runQueryCallback('truncate table ...', Array, Object(Closure))
#3 D:\\xampp7\\htdocs\\zakwanbd\\affiliate\\vendor\\laravel\\framework\\src\\Illuminate\\Database\\Connection.php(465): Illuminate\\Database\\Connection->run('truncate table ...', Array, Object(Closure))
#4 D:\\xampp7\\htdocs\\zakwanbd\\affiliate\\vendor\\laravel\\framework\\src\\Illuminate\\Database\\Query\\Builder.php(2970): Illuminate\\Database\\Connection->statement('truncate table ...', Array)
#5 D:\\xampp7\\htdocs\\zakwanbd\\affiliate\\app\\Http\\Controllers\\admin\\AdminAffiliteController.php(746): Illuminate\\Database\\Query\\Builder->truncate()
#6 D:\\xampp7\\htdocs\\zakwanbd\\affiliate\\vendor\\laravel\\framework\\src\\Illuminate\\Routing\\Controller.php(54): App\\Http\\Controllers\\admin\\AdminAffiliteController->leadshipPointDistributionOfContestTwo()
#7 D:\\xampp7\\htdocs\\zakwanbd\\affiliate\\vendor\\laravel\\framework\\src\\Illuminate\\Routing\\ControllerDispatcher.php(45): Illuminate\\Routing\\Controller->callAction('leadshipPointDi...', Array)
#8 D:\\xampp7\\htdocs\\zakwanbd\\affiliate\\vendor\\laravel\\framework\\src\\Illuminate\\Routing\\Route.php(239): Illuminate\\Routing\\ControllerDispatcher->dispatch(Object(Illuminate\\Routing\\Route), Object(App\\Http\\Controllers\\admin\\AdminAffiliteController), 'leadshipPointDi...')
#9 D:\\xampp7\\htdocs\\zakwanbd\\affiliate\\vendor\\laravel\\framework\\src\\Illuminate\\Routing\\Route.php(196): Illuminate\\Routing\\Route->runController()
#10 D:\\xampp7\\htdocs\\zakwanbd\\affiliate\\vendor\\laravel\\framework\\src\\Illuminate\\Routing\\Router.php(685): Illuminate\\Routing\\Route->run()
#11 D:\\xampp7\\htdocs\\zakwanbd\\affiliate\\vendor\\laravel\\framework\\src\\Illuminate\\Pipeline\\Pipeline.php(128): Illuminate\\Routing\\Router->Illuminate\\Routing\\{closure}(Object(Illuminate\\Http\\Request))
#12 D:\\xampp7\\htdocs\\zakwanbd\\affiliate\\app\\Http\\Middleware\\AdminMiddleware.php(25): Illuminate\\Pipeline\\Pipeline->Illuminate\\Pipeline\\{closure}(Object(Illuminate\\Http\\Request))
#13 D:\\xampp7\\htdocs\\zakwanbd\\affiliate\\vendor\\laravel\\framework\\src\\Illuminate\\Pipeline\\Pipeline.php(167): App\\Http\\Middleware\\AdminMiddleware->handle(Object(Illuminate\\Http\\Request), Object(Closure))
#14 D:\\xampp7\\htdocs\\zakwanbd\\affiliate\\vendor\\laravel\\framework\\src\\Illuminate\\Routing\\Middleware\\SubstituteBindings.php(41): Illuminate\\Pipeline\\Pipeline->Illuminate\\Pipeline\\{closure}(Object(Illuminate\\Http\\Request))
#15 D:\\xampp7\\htdocs\\zakwanbd\\affiliate\\vendor\\laravel\\framework\\src\\Illuminate\\Pipeline\\Pipeline.php(167): Illuminate\\Routing\\Middleware\\SubstituteBindings->handle(Object(Illuminate\\Http\\Request), Object(Closure))
#16 D:\\xampp7\\htdocs\\zakwanbd\\affiliate\\vendor\\laravel\\framework\\src\\Illuminate\\Foundation\\Http\\Middleware\\VerifyCsrfToken.php(78): Illuminate\\Pipeline\\Pipeline->Illuminate\\Pipeline\\{closure}(Object(Illuminate\\Http\\Request))
#17 D:\\xampp7\\htdocs\\zakwanbd\\affiliate\\vendor\\laravel\\framework\\src\\Illuminate\\Pipeline\\Pipeline.php(167): Illuminate\\Foundation\\Http\\Middleware\\VerifyCsrfToken->handle(Object(Illuminate\\Http\\Request), Object(Closure))
#18 D:\\xampp7\\htdocs\\zakwanbd\\affiliate\\vendor\\laravel\\framework\\src\\Illuminate\\View\\Middleware\\ShareErrorsFromSession.php(49): Illuminate\\Pipeline\\Pipeline->Illuminate\\Pipeline\\{closure}(Object(Illuminate\\Http\\Request))
#19 D:\\xampp7\\htdocs\\zakwanbd\\affiliate\\vendor\\laravel\\framework\\src\\Illuminate\\Pipeline\\Pipeline.php(167): Illuminate\\View\\Middleware\\ShareErrorsFromSession->handle(Object(Illuminate\\Http\\Request), Object(Closure))
#20 D:\\xampp7\\htdocs\\zakwanbd\\affiliate\\vendor\\laravel\\framework\\src\\Illuminate\\Session\\Middleware\\StartSession.php(116): Illuminate\\Pipeline\\Pipeline->Illuminate\\Pipeline\\{closure}(Object(Illuminate\\Http\\Request))
#21 D:\\xampp7\\htdocs\\zakwanbd\\affiliate\\vendor\\laravel\\framework\\src\\Illuminate\\Session\\Middleware\\StartSession.php(62): Illuminate\\Session\\Middleware\\StartSession->handleStatefulRequest(Object(Illuminate\\Http\\Request), Object(Illuminate\\Session\\Store), Object(Closure))
#22 D:\\xampp7\\htdocs\\zakwanbd\\affiliate\\vendor\\laravel\\framework\\src\\Illuminate\\Pipeline\\Pipeline.php(167): Illuminate\\Session\\Middleware\\StartSession->handle(Object(Illuminate\\Http\\Request), Object(Closure))
#23 D:\\xampp7\\htdocs\\zakwanbd\\affiliate\\vendor\\laravel\\framework\\src\\Illuminate\\Cookie\\Middleware\\AddQueuedCookiesToResponse.php(37): Illuminate\\Pipeline\\Pipeline->Illuminate\\Pipeline\\{closure}(Object(Illuminate\\Http\\Request))
#24 D:\\xampp7\\htdocs\\zakwanbd\\affiliate\\vendor\\laravel\\framework\\src\\Illuminate\\Pipeline\\Pipeline.php(167): Illuminate\\Cookie\\Middleware\\AddQueuedCookiesToResponse->handle(Object(Illuminate\\Http\\Request), Object(Closure))
#25 D:\\xampp7\\htdocs\\zakwanbd\\affiliate\\vendor\\laravel\\framework\\src\\Illuminate\\Cookie\\Middleware\\EncryptCookies.php(67): Illuminate\\Pipeline\\Pipeline->Illuminate\\Pipeline\\{closure}(Object(Illuminate\\Http\\Request))
#26 D:\\xampp7\\htdocs\\zakwanbd\\affiliate\\vendor\\laravel\\framework\\src\\Illuminate\\Pipeline\\Pipeline.php(167): Illuminate\\Cookie\\Middleware\\EncryptCookies->handle(Object(Illuminate\\Http\\Request), Object(Closure))
#27 D:\\xampp7\\htdocs\\zakwanbd\\affiliate\\vendor\\laravel\\framework\\src\\Illuminate\\Pipeline\\Pipeline.php(103): Illuminate\\Pipeline\\Pipeline->Illuminate\\Pipeline\\{closure}(Object(Illuminate\\Http\\Request))
#28 D:\\xampp7\\htdocs\\zakwanbd\\affiliate\\vendor\\laravel\\framework\\src\\Illuminate\\Routing\\Router.php(687): Illuminate\\Pipeline\\Pipeline->then(Object(Closure))
#29 D:\\xampp7\\htdocs\\zakwanbd\\affiliate\\vendor\\laravel\\framework\\src\\Illuminate\\Routing\\Router.php(662): Illuminate\\Routing\\Router->runRouteWithinStack(Object(Illuminate\\Routing\\Route), Object(Illuminate\\Http\\Request))
#30 D:\\xampp7\\htdocs\\zakwanbd\\affiliate\\vendor\\laravel\\framework\\src\\Illuminate\\Routing\\Router.php(628): Illuminate\\Routing\\Router->runRoute(Object(Illuminate\\Http\\Request), Object(Illuminate\\Routing\\Route))
#31 D:\\xampp7\\htdocs\\zakwanbd\\affiliate\\vendor\\laravel\\framework\\src\\Illuminate\\Routing\\Router.php(617): Illuminate\\Routing\\Router->dispatchToRoute(Object(Illuminate\\Http\\Request))
#32 D:\\xampp7\\htdocs\\zakwanbd\\affiliate\\vendor\\laravel\\framework\\src\\Illuminate\\Foundation\\Http\\Kernel.php(165): Illuminate\\Routing\\Router->dispatch(Object(Illuminate\\Http\\Request))
#33 D:\\xampp7\\htdocs\\zakwanbd\\affiliate\\vendor\\laravel\\framework\\src\\Illuminate\\Pipeline\\Pipeline.php(128): Illuminate\\Foundation\\Http\\Kernel->Illuminate\\Foundation\\Http\\{closure}(Object(Illuminate\\Http\\Request))
#34 D:\\xampp7\\htdocs\\zakwanbd\\affiliate\\vendor\\laravel\\framework\\src\\Illuminate\\Foundation\\Http\\Middleware\\TransformsRequest.php(21): Illuminate\\Pipeline\\Pipeline->Illuminate\\Pipeline\\{closure}(Object(Illuminate\\Http\\Request))
#35 D:\\xampp7\\htdocs\\zakwanbd\\affiliate\\vendor\\laravel\\framework\\src\\Illuminate\\Pipeline\\Pipeline.php(167): Illuminate\\Foundation\\Http\\Middleware\\TransformsRequest->handle(Object(Illuminate\\Http\\Request), Object(Closure))
#36 D:\\xampp7\\htdocs\\zakwanbd\\affiliate\\vendor\\laravel\\framework\\src\\Illuminate\\Foundation\\Http\\Middleware\\TransformsRequest.php(21): Illuminate\\Pipeline\\Pipeline->Illuminate\\Pipeline\\{closure}(Object(Illuminate\\Http\\Request))
#37 D:\\xampp7\\htdocs\\zakwanbd\\affiliate\\vendor\\laravel\\framework\\src\\Illuminate\\Pipeline\\Pipeline.php(167): Illuminate\\Foundation\\Http\\Middleware\\TransformsRequest->handle(Object(Illuminate\\Http\\Request), Object(Closure))
#38 D:\\xampp7\\htdocs\\zakwanbd\\affiliate\\vendor\\laravel\\framework\\src\\Illuminate\\Foundation\\Http\\Middleware\\ValidatePostSize.php(27): Illuminate\\Pipeline\\Pipeline->Illuminate\\Pipeline\\{closure}(Object(Illuminate\\Http\\Request))
#39 D:\\xampp7\\htdocs\\zakwanbd\\affiliate\\vendor\\laravel\\framework\\src\\Illuminate\\Pipeline\\Pipeline.php(167): Illuminate\\Foundation\\Http\\Middleware\\ValidatePostSize->handle(Object(Illuminate\\Http\\Request), Object(Closure))
#40 D:\\xampp7\\htdocs\\zakwanbd\\affiliate\\vendor\\laravel\\framework\\src\\Illuminate\\Foundation\\Http\\Middleware\\CheckForMaintenanceMode.php(63): Illuminate\\Pipeline\\Pipeline->Illuminate\\Pipeline\\{closure}(Object(Illuminate\\Http\\Request))
#41 D:\\xampp7\\htdocs\\zakwanbd\\affiliate\\vendor\\laravel\\framework\\src\\Illuminate\\Pipeline\\Pipeline.php(167): Illuminate\\Foundation\\Http\\Middleware\\CheckForMaintenanceMode->handle(Object(Illuminate\\Http\\Request), Object(Closure))
#42 D:\\xampp7\\htdocs\\zakwanbd\\affiliate\\vendor\\fruitcake\\laravel-cors\\src\\HandleCors.php(37): Illuminate\\Pipeline\\Pipeline->Illuminate\\Pipeline\\{closure}(Object(Illuminate\\Http\\Request))
#43 D:\\xampp7\\htdocs\\zakwanbd\\affiliate\\vendor\\laravel\\framework\\src\\Illuminate\\Pipeline\\Pipeline.php(167): Fruitcake\\Cors\\HandleCors->handle(Object(Illuminate\\Http\\Request), Object(Closure))
#44 D:\\xampp7\\htdocs\\zakwanbd\\affiliate\\vendor\\fideloper\\proxy\\src\\TrustProxies.php(57): Illuminate\\Pipeline\\Pipeline->Illuminate\\Pipeline\\{closure}(Object(Illuminate\\Http\\Request))
#45 D:\\xampp7\\htdocs\\zakwanbd\\affiliate\\vendor\\laravel\\framework\\src\\Illuminate\\Pipeline\\Pipeline.php(167): Fideloper\\Proxy\\TrustProxies->handle(Object(Illuminate\\Http\\Request), Object(Closure))
#46 D:\\xampp7\\htdocs\\zakwanbd\\affiliate\\vendor\\laravel\\framework\\src\\Illuminate\\Pipeline\\Pipeline.php(103): Illuminate\\Pipeline\\Pipeline->Illuminate\\Pipeline\\{closure}(Object(Illuminate\\Http\\Request))
#47 D:\\xampp7\\htdocs\\zakwanbd\\affiliate\\vendor\\laravel\\framework\\src\\Illuminate\\Foundation\\Http\\Kernel.php(140): Illuminate\\Pipeline\\Pipeline->then(Object(Closure))
#48 D:\\xampp7\\htdocs\\zakwanbd\\affiliate\\vendor\\laravel\\framework\\src\\Illuminate\\Foundation\\Http\\Kernel.php(109): Illuminate\\Foundation\\Http\\Kernel->sendRequestThroughRouter(Object(Illuminate\\Http\\Request))
#49 D:\\xampp7\\htdocs\\zakwanbd\\affiliate\\index.php(55): Illuminate\\Foundation\\Http\\Kernel->handle(Object(Illuminate\\Http\\Request))
#50 {main}
"} 
[2025-04-14 13:28:30] local.ERROR: Call to a member function get() on array (View: D:\xampp7\htdocs\zakwanbd\affiliate\resources\views\admin\affilate\commisionSetting.blade.php) {"exception":"[object] (Facade\\Ignition\\Exceptions\\ViewException(code: 0): Call to a member function get() on array (View: D:\\xampp7\\htdocs\\zakwanbd\\affiliate\esources\\views\\admin\\affilate\\commisionSetting.blade.php) at D:\\xampp7\\htdocs\\zakwanbd\\affiliate\esources\\views/admin/affilate/commisionSetting.blade.php:39)
[stacktrace]
#0 D:\\xampp7\\htdocs\\zakwanbd\\affiliate\\vendor\\laravel\\framework\\src\\Illuminate\\View\\Engines\\PhpEngine.php(41): include()
#1 D:\\xampp7\\htdocs\\zakwanbd\\affiliate\\vendor\\laravel\\framework\\src\\Illuminate\\View\\Engines\\CompilerEngine.php(57): Illuminate\\View\\Engines\\PhpEngine->evaluatePath('D:\\\\xampp7\\\\htdoc...', Array)
#2 D:\\xampp7\\htdocs\\zakwanbd\\affiliate\\vendor\\facade\\ignition\\src\\Views\\Engines\\CompilerEngine.php(37): Illuminate\\View\\Engines\\CompilerEngine->get('D:\\\\xampp7\\\\htdoc...', Array)
#3 D:\\xampp7\\htdocs\\zakwanbd\\affiliate\\vendor\\laravel\\framework\\src\\Illuminate\\View\\View.php(139): Facade\\Ignition\\Views\\Engines\\CompilerEngine->get('D:\\\\xampp7\\\\htdoc...', Array)
#4 D:\\xampp7\\htdocs\\zakwanbd\\affiliate\\vendor\\laravel\\framework\\src\\Illuminate\\View\\View.php(122): Illuminate\\View\\View->getContents()
#5 D:\\xampp7\\htdocs\\zakwanbd\\affiliate\\vendor\\laravel\\framework\\src\\Illuminate\\View\\View.php(91): Illuminate\\View\\View->renderContents()
#6 D:\\xampp7\\htdocs\\zakwanbd\\affiliate\\vendor\\laravel\\framework\\src\\Illuminate\\Http\\Response.php(62): Illuminate\\View\\View->render()
#7 D:\\xampp7\\htdocs\\zakwanbd\\affiliate\\vendor\\laravel\\framework\\src\\Illuminate\\Http\\Response.php(34): Illuminate\\Http\\Response->setContent(Object(Illuminate\\View\\View))
#8 D:\\xampp7\\htdocs\\zakwanbd\\affiliate\\vendor\\laravel\\framework\\src\\Illuminate\\Routing\\Router.php(759): Illuminate\\Http\\Response->__construct(Object(Illuminate\\View\\View), 200, Array)
#9 D:\\xampp7\\htdocs\\zakwanbd\\affiliate\\vendor\\laravel\\framework\\src\\Illuminate\\Routing\\Router.php(731): Illuminate\\Routing\\Router::toResponse(Object(Illuminate\\Http\\Request), Object(Illuminate\\View\\View))
#10 D:\\xampp7\\htdocs\\zakwanbd\\affiliate\\vendor\\laravel\\framework\\src\\Illuminate\\Routing\\Router.php(685): Illuminate\\Routing\\Router->prepareResponse(Object(Illuminate\\Http\\Request), Object(Illuminate\\View\\View))
#11 D:\\xampp7\\htdocs\\zakwanbd\\affiliate\\vendor\\laravel\\framework\\src\\Illuminate\\Pipeline\\Pipeline.php(128): Illuminate\\Routing\\Router->Illuminate\\Routing\\{closure}(Object(Illuminate\\Http\\Request))
#12 D:\\xampp7\\htdocs\\zakwanbd\\affiliate\\app\\Http\\Middleware\\AdminMiddleware.php(25): Illuminate\\Pipeline\\Pipeline->Illuminate\\Pipeline\\{closure}(Object(Illuminate\\Http\\Request))
#13 D:\\xampp7\\htdocs\\zakwanbd\\affiliate\\vendor\\laravel\\framework\\src\\Illuminate\\Pipeline\\Pipeline.php(167): App\\Http\\Middleware\\AdminMiddleware->handle(Object(Illuminate\\Http\\Request), Object(Closure))
#14 D:\\xampp7\\htdocs\\zakwanbd\\affiliate\\vendor\\laravel\\framework\\src\\Illuminate\\Routing\\Middleware\\SubstituteBindings.php(41): Illuminate\\Pipeline\\Pipeline->Illuminate\\Pipeline\\{closure}(Object(Illuminate\\Http\\Request))
#15 D:\\xampp7\\htdocs\\zakwanbd\\affiliate\\vendor\\laravel\\framework\\src\\Illuminate\\Pipeline\\Pipeline.php(167): Illuminate\\Routing\\Middleware\\SubstituteBindings->handle(Object(Illuminate\\Http\\Request), Object(Closure))
#16 D:\\xampp7\\htdocs\\zakwanbd\\affiliate\\vendor\\laravel\\framework\\src\\Illuminate\\Foundation\\Http\\Middleware\\VerifyCsrfToken.php(78): Illuminate\\Pipeline\\Pipeline->Illuminate\\Pipeline\\{closure}(Object(Illuminate\\Http\\Request))
#17 D:\\xampp7\\htdocs\\zakwanbd\\affiliate\\vendor\\laravel\\framework\\src\\Illuminate\\Pipeline\\Pipeline.php(167): Illuminate\\Foundation\\Http\\Middleware\\VerifyCsrfToken->handle(Object(Illuminate\\Http\\Request), Object(Closure))
#18 D:\\xampp7\\htdocs\\zakwanbd\\affiliate\\vendor\\laravel\\framework\\src\\Illuminate\\View\\Middleware\\ShareErrorsFromSession.php(49): Illuminate\\Pipeline\\Pipeline->Illuminate\\Pipeline\\{closure}(Object(Illuminate\\Http\\Request))
#19 D:\\xampp7\\htdocs\\zakwanbd\\affiliate\\vendor\\laravel\\framework\\src\\Illuminate\\Pipeline\\Pipeline.php(167): Illuminate\\View\\Middleware\\ShareErrorsFromSession->handle(Object(Illuminate\\Http\\Request), Object(Closure))
#20 D:\\xampp7\\htdocs\\zakwanbd\\affiliate\\vendor\\laravel\\framework\\src\\Illuminate\\Session\\Middleware\\StartSession.php(116): Illuminate\\Pipeline\\Pipeline->Illuminate\\Pipeline\\{closure}(Object(Illuminate\\Http\\Request))
#21 D:\\xampp7\\htdocs\\zakwanbd\\affiliate\\vendor\\laravel\\framework\\src\\Illuminate\\Session\\Middleware\\StartSession.php(62): Illuminate\\Session\\Middleware\\StartSession->handleStatefulRequest(Object(Illuminate\\Http\\Request), Object(Illuminate\\Session\\Store), Object(Closure))
#22 D:\\xampp7\\htdocs\\zakwanbd\\affiliate\\vendor\\laravel\\framework\\src\\Illuminate\\Pipeline\\Pipeline.php(167): Illuminate\\Session\\Middleware\\StartSession->handle(Object(Illuminate\\Http\\Request), Object(Closure))
#23 D:\\xampp7\\htdocs\\zakwanbd\\affiliate\\vendor\\laravel\\framework\\src\\Illuminate\\Cookie\\Middleware\\AddQueuedCookiesToResponse.php(37): Illuminate\\Pipeline\\Pipeline->Illuminate\\Pipeline\\{closure}(Object(Illuminate\\Http\\Request))
#24 D:\\xampp7\\htdocs\\zakwanbd\\affiliate\\vendor\\laravel\\framework\\src\\Illuminate\\Pipeline\\Pipeline.php(167): Illuminate\\Cookie\\Middleware\\AddQueuedCookiesToResponse->handle(Object(Illuminate\\Http\\Request), Object(Closure))
#25 D:\\xampp7\\htdocs\\zakwanbd\\affiliate\\vendor\\laravel\\framework\\src\\Illuminate\\Cookie\\Middleware\\EncryptCookies.php(67): Illuminate\\Pipeline\\Pipeline->Illuminate\\Pipeline\\{closure}(Object(Illuminate\\Http\\Request))
#26 D:\\xampp7\\htdocs\\zakwanbd\\affiliate\\vendor\\laravel\\framework\\src\\Illuminate\\Pipeline\\Pipeline.php(167): Illuminate\\Cookie\\Middleware\\EncryptCookies->handle(Object(Illuminate\\Http\\Request), Object(Closure))
#27 D:\\xampp7\\htdocs\\zakwanbd\\affiliate\\vendor\\laravel\\framework\\src\\Illuminate\\Pipeline\\Pipeline.php(103): Illuminate\\Pipeline\\Pipeline->Illuminate\\Pipeline\\{closure}(Object(Illuminate\\Http\\Request))
#28 D:\\xampp7\\htdocs\\zakwanbd\\affiliate\\vendor\\laravel\\framework\\src\\Illuminate\\Routing\\Router.php(687): Illuminate\\Pipeline\\Pipeline->then(Object(Closure))
#29 D:\\xampp7\\htdocs\\zakwanbd\\affiliate\\vendor\\laravel\\framework\\src\\Illuminate\\Routing\\Router.php(662): Illuminate\\Routing\\Router->runRouteWithinStack(Object(Illuminate\\Routing\\Route), Object(Illuminate\\Http\\Request))
#30 D:\\xampp7\\htdocs\\zakwanbd\\affiliate\\vendor\\laravel\\framework\\src\\Illuminate\\Routing\\Router.php(628): Illuminate\\Routing\\Router->runRoute(Object(Illuminate\\Http\\Request), Object(Illuminate\\Routing\\Route))
#31 D:\\xampp7\\htdocs\\zakwanbd\\affiliate\\vendor\\laravel\\framework\\src\\Illuminate\\Routing\\Router.php(617): Illuminate\\Routing\\Router->dispatchToRoute(Object(Illuminate\\Http\\Request))
#32 D:\\xampp7\\htdocs\\zakwanbd\\affiliate\\vendor\\laravel\\framework\\src\\Illuminate\\Foundation\\Http\\Kernel.php(165): Illuminate\\Routing\\Router->dispatch(Object(Illuminate\\Http\\Request))
#33 D:\\xampp7\\htdocs\\zakwanbd\\affiliate\\vendor\\laravel\\framework\\src\\Illuminate\\Pipeline\\Pipeline.php(128): Illuminate\\Foundation\\Http\\Kernel->Illuminate\\Foundation\\Http\\{closure}(Object(Illuminate\\Http\\Request))
#34 D:\\xampp7\\htdocs\\zakwanbd\\affiliate\\vendor\\laravel\\framework\\src\\Illuminate\\Foundation\\Http\\Middleware\\TransformsRequest.php(21): Illuminate\\Pipeline\\Pipeline->Illuminate\\Pipeline\\{closure}(Object(Illuminate\\Http\\Request))
#35 D:\\xampp7\\htdocs\\zakwanbd\\affiliate\\vendor\\laravel\\framework\\src\\Illuminate\\Pipeline\\Pipeline.php(167): Illuminate\\Foundation\\Http\\Middleware\\TransformsRequest->handle(Object(Illuminate\\Http\\Request), Object(Closure))
#36 D:\\xampp7\\htdocs\\zakwanbd\\affiliate\\vendor\\laravel\\framework\\src\\Illuminate\\Foundation\\Http\\Middleware\\TransformsRequest.php(21): Illuminate\\Pipeline\\Pipeline->Illuminate\\Pipeline\\{closure}(Object(Illuminate\\Http\\Request))
#37 D:\\xampp7\\htdocs\\zakwanbd\\affiliate\\vendor\\laravel\\framework\\src\\Illuminate\\Pipeline\\Pipeline.php(167): Illuminate\\Foundation\\Http\\Middleware\\TransformsRequest->handle(Object(Illuminate\\Http\\Request), Object(Closure))
#38 D:\\xampp7\\htdocs\\zakwanbd\\affiliate\\vendor\\laravel\\framework\\src\\Illuminate\\Foundation\\Http\\Middleware\\ValidatePostSize.php(27): Illuminate\\Pipeline\\Pipeline->Illuminate\\Pipeline\\{closure}(Object(Illuminate\\Http\\Request))
#39 D:\\xampp7\\htdocs\\zakwanbd\\affiliate\\vendor\\laravel\\framework\\src\\Illuminate\\Pipeline\\Pipeline.php(167): Illuminate\\Foundation\\Http\\Middleware\\ValidatePostSize->handle(Object(Illuminate\\Http\\Request), Object(Closure))
#40 D:\\xampp7\\htdocs\\zakwanbd\\affiliate\\vendor\\laravel\\framework\\src\\Illuminate\\Foundation\\Http\\Middleware\\CheckForMaintenanceMode.php(63): Illuminate\\Pipeline\\Pipeline->Illuminate\\Pipeline\\{closure}(Object(Illuminate\\Http\\Request))
#41 D:\\xampp7\\htdocs\\zakwanbd\\affiliate\\vendor\\laravel\\framework\\src\\Illuminate\\Pipeline\\Pipeline.php(167): Illuminate\\Foundation\\Http\\Middleware\\CheckForMaintenanceMode->handle(Object(Illuminate\\Http\\Request), Object(Closure))
#42 D:\\xampp7\\htdocs\\zakwanbd\\affiliate\\vendor\\fruitcake\\laravel-cors\\src\\HandleCors.php(37): Illuminate\\Pipeline\\Pipeline->Illuminate\\Pipeline\\{closure}(Object(Illuminate\\Http\\Request))
#43 D:\\xampp7\\htdocs\\zakwanbd\\affiliate\\vendor\\laravel\\framework\\src\\Illuminate\\Pipeline\\Pipeline.php(167): Fruitcake\\Cors\\HandleCors->handle(Object(Illuminate\\Http\\Request), Object(Closure))
#44 D:\\xampp7\\htdocs\\zakwanbd\\affiliate\\vendor\\fideloper\\proxy\\src\\TrustProxies.php(57): Illuminate\\Pipeline\\Pipeline->Illuminate\\Pipeline\\{closure}(Object(Illuminate\\Http\\Request))
#45 D:\\xampp7\\htdocs\\zakwanbd\\affiliate\\vendor\\laravel\\framework\\src\\Illuminate\\Pipeline\\Pipeline.php(167): Fideloper\\Proxy\\TrustProxies->handle(Object(Illuminate\\Http\\Request), Object(Closure))
#46 D:\\xampp7\\htdocs\\zakwanbd\\affiliate\\vendor\\laravel\\framework\\src\\Illuminate\\Pipeline\\Pipeline.php(103): Illuminate\\Pipeline\\Pipeline->Illuminate\\Pipeline\\{closure}(Object(Illuminate\\Http\\Request))
#47 D:\\xampp7\\htdocs\\zakwanbd\\affiliate\\vendor\\laravel\\framework\\src\\Illuminate\\Foundation\\Http\\Kernel.php(140): Illuminate\\Pipeline\\Pipeline->then(Object(Closure))
#48 D:\\xampp7\\htdocs\\zakwanbd\\affiliate\\vendor\\laravel\\framework\\src\\Illuminate\\Foundation\\Http\\Kernel.php(109): Illuminate\\Foundation\\Http\\Kernel->sendRequestThroughRouter(Object(Illuminate\\Http\\Request))
#49 D:\\xampp7\\htdocs\\zakwanbd\\affiliate\\index.php(55): Illuminate\\Foundation\\Http\\Kernel->handle(Object(Illuminate\\Http\\Request))
#50 {main}

[previous exception] [object] (Error(code: 0): Call to a member function get() on array at D:\\xampp7\\htdocs\\zakwanbd\\affiliate\\storage\\framework\\views\\42f1decfe53cc9eba5ddbf66a8d2bf17c9337271.php:39)
[stacktrace]
#0 D:\\xampp7\\htdocs\\zakwanbd\\affiliate\\vendor\\laravel\\framework\\src\\Illuminate\\View\\Engines\\PhpEngine.php(41): include()
#1 D:\\xampp7\\htdocs\\zakwanbd\\affiliate\\vendor\\laravel\\framework\\src\\Illuminate\\View\\Engines\\CompilerEngine.php(57): Illuminate\\View\\Engines\\PhpEngine->evaluatePath('D:\\\\xampp7\\\\htdoc...', Array)
#2 D:\\xampp7\\htdocs\\zakwanbd\\affiliate\\vendor\\facade\\ignition\\src\\Views\\Engines\\CompilerEngine.php(37): Illuminate\\View\\Engines\\CompilerEngine->get('D:\\\\xampp7\\\\htdoc...', Array)
#3 D:\\xampp7\\htdocs\\zakwanbd\\affiliate\\vendor\\laravel\\framework\\src\\Illuminate\\View\\View.php(139): Facade\\Ignition\\Views\\Engines\\CompilerEngine->get('D:\\\\xampp7\\\\htdoc...', Array)
#4 D:\\xampp7\\htdocs\\zakwanbd\\affiliate\\vendor\\laravel\\framework\\src\\Illuminate\\View\\View.php(122): Illuminate\\View\\View->getContents()
#5 D:\\xampp7\\htdocs\\zakwanbd\\affiliate\\vendor\\laravel\\framework\\src\\Illuminate\\View\\View.php(91): Illuminate\\View\\View->renderContents()
#6 D:\\xampp7\\htdocs\\zakwanbd\\affiliate\\vendor\\laravel\\framework\\src\\Illuminate\\Http\\Response.php(62): Illuminate\\View\\View->render()
#7 D:\\xampp7\\htdocs\\zakwanbd\\affiliate\\vendor\\laravel\\framework\\src\\Illuminate\\Http\\Response.php(34): Illuminate\\Http\\Response->setContent(Object(Illuminate\\View\\View))
#8 D:\\xampp7\\htdocs\\zakwanbd\\affiliate\\vendor\\laravel\\framework\\src\\Illuminate\\Routing\\Router.php(759): Illuminate\\Http\\Response->__construct(Object(Illuminate\\View\\View), 200, Array)
#9 D:\\xampp7\\htdocs\\zakwanbd\\affiliate\\vendor\\laravel\\framework\\src\\Illuminate\\Routing\\Router.php(731): Illuminate\\Routing\\Router::toResponse(Object(Illuminate\\Http\\Request), Object(Illuminate\\View\\View))
#10 D:\\xampp7\\htdocs\\zakwanbd\\affiliate\\vendor\\laravel\\framework\\src\\Illuminate\\Routing\\Router.php(685): Illuminate\\Routing\\Router->prepareResponse(Object(Illuminate\\Http\\Request), Object(Illuminate\\View\\View))
#11 D:\\xampp7\\htdocs\\zakwanbd\\affiliate\\vendor\\laravel\\framework\\src\\Illuminate\\Pipeline\\Pipeline.php(128): Illuminate\\Routing\\Router->Illuminate\\Routing\\{closure}(Object(Illuminate\\Http\\Request))
#12 D:\\xampp7\\htdocs\\zakwanbd\\affiliate\\app\\Http\\Middleware\\AdminMiddleware.php(25): Illuminate\\Pipeline\\Pipeline->Illuminate\\Pipeline\\{closure}(Object(Illuminate\\Http\\Request))
#13 D:\\xampp7\\htdocs\\zakwanbd\\affiliate\\vendor\\laravel\\framework\\src\\Illuminate\\Pipeline\\Pipeline.php(167): App\\Http\\Middleware\\AdminMiddleware->handle(Object(Illuminate\\Http\\Request), Object(Closure))
#14 D:\\xampp7\\htdocs\\zakwanbd\\affiliate\\vendor\\laravel\\framework\\src\\Illuminate\\Routing\\Middleware\\SubstituteBindings.php(41): Illuminate\\Pipeline\\Pipeline->Illuminate\\Pipeline\\{closure}(Object(Illuminate\\Http\\Request))
#15 D:\\xampp7\\htdocs\\zakwanbd\\affiliate\\vendor\\laravel\\framework\\src\\Illuminate\\Pipeline\\Pipeline.php(167): Illuminate\\Routing\\Middleware\\SubstituteBindings->handle(Object(Illuminate\\Http\\Request), Object(Closure))
#16 D:\\xampp7\\htdocs\\zakwanbd\\affiliate\\vendor\\laravel\\framework\\src\\Illuminate\\Foundation\\Http\\Middleware\\VerifyCsrfToken.php(78): Illuminate\\Pipeline\\Pipeline->Illuminate\\Pipeline\\{closure}(Object(Illuminate\\Http\\Request))
#17 D:\\xampp7\\htdocs\\zakwanbd\\affiliate\\vendor\\laravel\\framework\\src\\Illuminate\\Pipeline\\Pipeline.php(167): Illuminate\\Foundation\\Http\\Middleware\\VerifyCsrfToken->handle(Object(Illuminate\\Http\\Request), Object(Closure))
#18 D:\\xampp7\\htdocs\\zakwanbd\\affiliate\\vendor\\laravel\\framework\\src\\Illuminate\\View\\Middleware\\ShareErrorsFromSession.php(49): Illuminate\\Pipeline\\Pipeline->Illuminate\\Pipeline\\{closure}(Object(Illuminate\\Http\\Request))
#19 D:\\xampp7\\htdocs\\zakwanbd\\affiliate\\vendor\\laravel\\framework\\src\\Illuminate\\Pipeline\\Pipeline.php(167): Illuminate\\View\\Middleware\\ShareErrorsFromSession->handle(Object(Illuminate\\Http\\Request), Object(Closure))
#20 D:\\xampp7\\htdocs\\zakwanbd\\affiliate\\vendor\\laravel\\framework\\src\\Illuminate\\Session\\Middleware\\StartSession.php(116): Illuminate\\Pipeline\\Pipeline->Illuminate\\Pipeline\\{closure}(Object(Illuminate\\Http\\Request))
#21 D:\\xampp7\\htdocs\\zakwanbd\\affiliate\\vendor\\laravel\\framework\\src\\Illuminate\\Session\\Middleware\\StartSession.php(62): Illuminate\\Session\\Middleware\\StartSession->handleStatefulRequest(Object(Illuminate\\Http\\Request), Object(Illuminate\\Session\\Store), Object(Closure))
#22 D:\\xampp7\\htdocs\\zakwanbd\\affiliate\\vendor\\laravel\\framework\\src\\Illuminate\\Pipeline\\Pipeline.php(167): Illuminate\\Session\\Middleware\\StartSession->handle(Object(Illuminate\\Http\\Request), Object(Closure))
#23 D:\\xampp7\\htdocs\\zakwanbd\\affiliate\\vendor\\laravel\\framework\\src\\Illuminate\\Cookie\\Middleware\\AddQueuedCookiesToResponse.php(37): Illuminate\\Pipeline\\Pipeline->Illuminate\\Pipeline\\{closure}(Object(Illuminate\\Http\\Request))
#24 D:\\xampp7\\htdocs\\zakwanbd\\affiliate\\vendor\\laravel\\framework\\src\\Illuminate\\Pipeline\\Pipeline.php(167): Illuminate\\Cookie\\Middleware\\AddQueuedCookiesToResponse->handle(Object(Illuminate\\Http\\Request), Object(Closure))
#25 D:\\xampp7\\htdocs\\zakwanbd\\affiliate\\vendor\\laravel\\framework\\src\\Illuminate\\Cookie\\Middleware\\EncryptCookies.php(67): Illuminate\\Pipeline\\Pipeline->Illuminate\\Pipeline\\{closure}(Object(Illuminate\\Http\\Request))
#26 D:\\xampp7\\htdocs\\zakwanbd\\affiliate\\vendor\\laravel\\framework\\src\\Illuminate\\Pipeline\\Pipeline.php(167): Illuminate\\Cookie\\Middleware\\EncryptCookies->handle(Object(Illuminate\\Http\\Request), Object(Closure))
#27 D:\\xampp7\\htdocs\\zakwanbd\\affiliate\\vendor\\laravel\\framework\\src\\Illuminate\\Pipeline\\Pipeline.php(103): Illuminate\\Pipeline\\Pipeline->Illuminate\\Pipeline\\{closure}(Object(Illuminate\\Http\\Request))
#28 D:\\xampp7\\htdocs\\zakwanbd\\affiliate\\vendor\\laravel\\framework\\src\\Illuminate\\Routing\\Router.php(687): Illuminate\\Pipeline\\Pipeline->then(Object(Closure))
#29 D:\\xampp7\\htdocs\\zakwanbd\\affiliate\\vendor\\laravel\\framework\\src\\Illuminate\\Routing\\Router.php(662): Illuminate\\Routing\\Router->runRouteWithinStack(Object(Illuminate\\Routing\\Route), Object(Illuminate\\Http\\Request))
#30 D:\\xampp7\\htdocs\\zakwanbd\\affiliate\\vendor\\laravel\\framework\\src\\Illuminate\\Routing\\Router.php(628): Illuminate\\Routing\\Router->runRoute(Object(Illuminate\\Http\\Request), Object(Illuminate\\Routing\\Route))
#31 D:\\xampp7\\htdocs\\zakwanbd\\affiliate\\vendor\\laravel\\framework\\src\\Illuminate\\Routing\\Router.php(617): Illuminate\\Routing\\Router->dispatchToRoute(Object(Illuminate\\Http\\Request))
#32 D:\\xampp7\\htdocs\\zakwanbd\\affiliate\\vendor\\laravel\\framework\\src\\Illuminate\\Foundation\\Http\\Kernel.php(165): Illuminate\\Routing\\Router->dispatch(Object(Illuminate\\Http\\Request))
#33 D:\\xampp7\\htdocs\\zakwanbd\\affiliate\\vendor\\laravel\\framework\\src\\Illuminate\\Pipeline\\Pipeline.php(128): Illuminate\\Foundation\\Http\\Kernel->Illuminate\\Foundation\\Http\\{closure}(Object(Illuminate\\Http\\Request))
#34 D:\\xampp7\\htdocs\\zakwanbd\\affiliate\\vendor\\laravel\\framework\\src\\Illuminate\\Foundation\\Http\\Middleware\\TransformsRequest.php(21): Illuminate\\Pipeline\\Pipeline->Illuminate\\Pipeline\\{closure}(Object(Illuminate\\Http\\Request))
#35 D:\\xampp7\\htdocs\\zakwanbd\\affiliate\\vendor\\laravel\\framework\\src\\Illuminate\\Pipeline\\Pipeline.php(167): Illuminate\\Foundation\\Http\\Middleware\\TransformsRequest->handle(Object(Illuminate\\Http\\Request), Object(Closure))
#36 D:\\xampp7\\htdocs\\zakwanbd\\affiliate\\vendor\\laravel\\framework\\src\\Illuminate\\Foundation\\Http\\Middleware\\TransformsRequest.php(21): Illuminate\\Pipeline\\Pipeline->Illuminate\\Pipeline\\{closure}(Object(Illuminate\\Http\\Request))
#37 D:\\xampp7\\htdocs\\zakwanbd\\affiliate\\vendor\\laravel\\framework\\src\\Illuminate\\Pipeline\\Pipeline.php(167): Illuminate\\Foundation\\Http\\Middleware\\TransformsRequest->handle(Object(Illuminate\\Http\\Request), Object(Closure))
#38 D:\\xampp7\\htdocs\\zakwanbd\\affiliate\\vendor\\laravel\\framework\\src\\Illuminate\\Foundation\\Http\\Middleware\\ValidatePostSize.php(27): Illuminate\\Pipeline\\Pipeline->Illuminate\\Pipeline\\{closure}(Object(Illuminate\\Http\\Request))
#39 D:\\xampp7\\htdocs\\zakwanbd\\affiliate\\vendor\\laravel\\framework\\src\\Illuminate\\Pipeline\\Pipeline.php(167): Illuminate\\Foundation\\Http\\Middleware\\ValidatePostSize->handle(Object(Illuminate\\Http\\Request), Object(Closure))
#40 D:\\xampp7\\htdocs\\zakwanbd\\affiliate\\vendor\\laravel\\framework\\src\\Illuminate\\Foundation\\Http\\Middleware\\CheckForMaintenanceMode.php(63): Illuminate\\Pipeline\\Pipeline->Illuminate\\Pipeline\\{closure}(Object(Illuminate\\Http\\Request))
#41 D:\\xampp7\\htdocs\\zakwanbd\\affiliate\\vendor\\laravel\\framework\\src\\Illuminate\\Pipeline\\Pipeline.php(167): Illuminate\\Foundation\\Http\\Middleware\\CheckForMaintenanceMode->handle(Object(Illuminate\\Http\\Request), Object(Closure))
#42 D:\\xampp7\\htdocs\\zakwanbd\\affiliate\\vendor\\fruitcake\\laravel-cors\\src\\HandleCors.php(37): Illuminate\\Pipeline\\Pipeline->Illuminate\\Pipeline\\{closure}(Object(Illuminate\\Http\\Request))
#43 D:\\xampp7\\htdocs\\zakwanbd\\affiliate\\vendor\\laravel\\framework\\src\\Illuminate\\Pipeline\\Pipeline.php(167): Fruitcake\\Cors\\HandleCors->handle(Object(Illuminate\\Http\\Request), Object(Closure))
#44 D:\\xampp7\\htdocs\\zakwanbd\\affiliate\\vendor\\fideloper\\proxy\\src\\TrustProxies.php(57): Illuminate\\Pipeline\\Pipeline->Illuminate\\Pipeline\\{closure}(Object(Illuminate\\Http\\Request))
#45 D:\\xampp7\\htdocs\\zakwanbd\\affiliate\\vendor\\laravel\\framework\\src\\Illuminate\\Pipeline\\Pipeline.php(167): Fideloper\\Proxy\\TrustProxies->handle(Object(Illuminate\\Http\\Request), Object(Closure))
#46 D:\\xampp7\\htdocs\\zakwanbd\\affiliate\\vendor\\laravel\\framework\\src\\Illuminate\\Pipeline\\Pipeline.php(103): Illuminate\\Pipeline\\Pipeline->Illuminate\\Pipeline\\{closure}(Object(Illuminate\\Http\\Request))
#47 D:\\xampp7\\htdocs\\zakwanbd\\affiliate\\vendor\\laravel\\framework\\src\\Illuminate\\Foundation\\Http\\Kernel.php(140): Illuminate\\Pipeline\\Pipeline->then(Object(Closure))
#48 D:\\xampp7\\htdocs\\zakwanbd\\affiliate\\vendor\\laravel\\framework\\src\\Illuminate\\Foundation\\Http\\Kernel.php(109): Illuminate\\Foundation\\Http\\Kernel->sendRequestThroughRouter(Object(Illuminate\\Http\\Request))
#49 D:\\xampp7\\htdocs\\zakwanbd\\affiliate\\index.php(55): Illuminate\\Foundation\\Http\\Kernel->handle(Object(Illuminate\\Http\\Request))
#50 {main}
"} 
[2025-04-14 13:30:20] local.ERROR: Add [referar] to fillable property to allow mass assignment on [App\IncomeConfig]. {"exception":"[object] (Illuminate\\Database\\Eloquent\\MassAssignmentException(code: 0): Add [referar] to fillable property to allow mass assignment on [App\\IncomeConfig]. at D:\\xampp7\\htdocs\\zakwanbd\\affiliate\\vendor\\laravel\\framework\\src\\Illuminate\\Database\\Eloquent\\Model.php:356)
[stacktrace]
#0 D:\\xampp7\\htdocs\\zakwanbd\\affiliate\\vendor\\laravel\\framework\\src\\Illuminate\\Database\\Eloquent\\Builder.php(463): Illuminate\\Database\\Eloquent\\Model->fill(Array)
#1 D:\\xampp7\\htdocs\\zakwanbd\\affiliate\\vendor\\laravel\\framework\\src\\Illuminate\\Support\\helpers.php(433): Illuminate\\Database\\Eloquent\\Builder->Illuminate\\Database\\Eloquent\\{closure}(Object(App\\IncomeConfig))
#2 D:\\xampp7\\htdocs\\zakwanbd\\affiliate\\vendor\\laravel\\framework\\src\\Illuminate\\Database\\Eloquent\\Builder.php(464): tap(Object(App\\IncomeConfig), Object(Closure))
#3 D:\\xampp7\\htdocs\\zakwanbd\\affiliate\\vendor\\laravel\\framework\\src\\Illuminate\\Support\\Traits\\ForwardsCalls.php(23): Illuminate\\Database\\Eloquent\\Builder->updateOrCreate(Array, Array)
#4 D:\\xampp7\\htdocs\\zakwanbd\\affiliate\\vendor\\laravel\\framework\\src\\Illuminate\\Database\\Eloquent\\Model.php(1736): Illuminate\\Database\\Eloquent\\Model->forwardCallTo(Object(Illuminate\\Database\\Eloquent\\Builder), 'updateOrCreate', Array)
#5 D:\\xampp7\\htdocs\\zakwanbd\\affiliate\\vendor\\laravel\\framework\\src\\Illuminate\\Database\\Eloquent\\Model.php(1748): Illuminate\\Database\\Eloquent\\Model->__call('updateOrCreate', Array)
#6 D:\\xampp7\\htdocs\\zakwanbd\\affiliate\\app\\Http\\Controllers\\admin\\AdminAffiliteController.php(66): Illuminate\\Database\\Eloquent\\Model::__callStatic('updateOrCreate', Array)
#7 D:\\xampp7\\htdocs\\zakwanbd\\affiliate\\vendor\\laravel\\framework\\src\\Illuminate\\Routing\\Controller.php(54): App\\Http\\Controllers\\admin\\AdminAffiliteController->storeIncomeConfig(Object(Illuminate\\Http\\Request))
#8 D:\\xampp7\\htdocs\\zakwanbd\\affiliate\\vendor\\laravel\\framework\\src\\Illuminate\\Routing\\ControllerDispatcher.php(45): Illuminate\\Routing\\Controller->callAction('storeIncomeConf...', Array)
#9 D:\\xampp7\\htdocs\\zakwanbd\\affiliate\\vendor\\laravel\\framework\\src\\Illuminate\\Routing\\Route.php(239): Illuminate\\Routing\\ControllerDispatcher->dispatch(Object(Illuminate\\Routing\\Route), Object(App\\Http\\Controllers\\admin\\AdminAffiliteController), 'storeIncomeConf...')
#10 D:\\xampp7\\htdocs\\zakwanbd\\affiliate\\vendor\\laravel\\framework\\src\\Illuminate\\Routing\\Route.php(196): Illuminate\\Routing\\Route->runController()
#11 D:\\xampp7\\htdocs\\zakwanbd\\affiliate\\vendor\\laravel\\framework\\src\\Illuminate\\Routing\\Router.php(685): Illuminate\\Routing\\Route->run()
#12 D:\\xampp7\\htdocs\\zakwanbd\\affiliate\\vendor\\laravel\\framework\\src\\Illuminate\\Pipeline\\Pipeline.php(128): Illuminate\\Routing\\Router->Illuminate\\Routing\\{closure}(Object(Illuminate\\Http\\Request))
#13 D:\\xampp7\\htdocs\\zakwanbd\\affiliate\\app\\Http\\Middleware\\AdminMiddleware.php(25): Illuminate\\Pipeline\\Pipeline->Illuminate\\Pipeline\\{closure}(Object(Illuminate\\Http\\Request))
#14 D:\\xampp7\\htdocs\\zakwanbd\\affiliate\\vendor\\laravel\\framework\\src\\Illuminate\\Pipeline\\Pipeline.php(167): App\\Http\\Middleware\\AdminMiddleware->handle(Object(Illuminate\\Http\\Request), Object(Closure))
#15 D:\\xampp7\\htdocs\\zakwanbd\\affiliate\\vendor\\laravel\\framework\\src\\Illuminate\\Routing\\Middleware\\SubstituteBindings.php(41): Illuminate\\Pipeline\\Pipeline->Illuminate\\Pipeline\\{closure}(Object(Illuminate\\Http\\Request))
#16 D:\\xampp7\\htdocs\\zakwanbd\\affiliate\\vendor\\laravel\\framework\\src\\Illuminate\\Pipeline\\Pipeline.php(167): Illuminate\\Routing\\Middleware\\SubstituteBindings->handle(Object(Illuminate\\Http\\Request), Object(Closure))
#17 D:\\xampp7\\htdocs\\zakwanbd\\affiliate\\vendor\\laravel\\framework\\src\\Illuminate\\Foundation\\Http\\Middleware\\VerifyCsrfToken.php(78): Illuminate\\Pipeline\\Pipeline->Illuminate\\Pipeline\\{closure}(Object(Illuminate\\Http\\Request))
#18 D:\\xampp7\\htdocs\\zakwanbd\\affiliate\\vendor\\laravel\\framework\\src\\Illuminate\\Pipeline\\Pipeline.php(167): Illuminate\\Foundation\\Http\\Middleware\\VerifyCsrfToken->handle(Object(Illuminate\\Http\\Request), Object(Closure))
#19 D:\\xampp7\\htdocs\\zakwanbd\\affiliate\\vendor\\laravel\\framework\\src\\Illuminate\\View\\Middleware\\ShareErrorsFromSession.php(49): Illuminate\\Pipeline\\Pipeline->Illuminate\\Pipeline\\{closure}(Object(Illuminate\\Http\\Request))
#20 D:\\xampp7\\htdocs\\zakwanbd\\affiliate\\vendor\\laravel\\framework\\src\\Illuminate\\Pipeline\\Pipeline.php(167): Illuminate\\View\\Middleware\\ShareErrorsFromSession->handle(Object(Illuminate\\Http\\Request), Object(Closure))
#21 D:\\xampp7\\htdocs\\zakwanbd\\affiliate\\vendor\\laravel\\framework\\src\\Illuminate\\Session\\Middleware\\StartSession.php(116): Illuminate\\Pipeline\\Pipeline->Illuminate\\Pipeline\\{closure}(Object(Illuminate\\Http\\Request))
#22 D:\\xampp7\\htdocs\\zakwanbd\\affiliate\\vendor\\laravel\\framework\\src\\Illuminate\\Session\\Middleware\\StartSession.php(62): Illuminate\\Session\\Middleware\\StartSession->handleStatefulRequest(Object(Illuminate\\Http\\Request), Object(Illuminate\\Session\\Store), Object(Closure))
#23 D:\\xampp7\\htdocs\\zakwanbd\\affiliate\\vendor\\laravel\\framework\\src\\Illuminate\\Pipeline\\Pipeline.php(167): Illuminate\\Session\\Middleware\\StartSession->handle(Object(Illuminate\\Http\\Request), Object(Closure))
#24 D:\\xampp7\\htdocs\\zakwanbd\\affiliate\\vendor\\laravel\\framework\\src\\Illuminate\\Cookie\\Middleware\\AddQueuedCookiesToResponse.php(37): Illuminate\\Pipeline\\Pipeline->Illuminate\\Pipeline\\{closure}(Object(Illuminate\\Http\\Request))
#25 D:\\xampp7\\htdocs\\zakwanbd\\affiliate\\vendor\\laravel\\framework\\src\\Illuminate\\Pipeline\\Pipeline.php(167): Illuminate\\Cookie\\Middleware\\AddQueuedCookiesToResponse->handle(Object(Illuminate\\Http\\Request), Object(Closure))
#26 D:\\xampp7\\htdocs\\zakwanbd\\affiliate\\vendor\\laravel\\framework\\src\\Illuminate\\Cookie\\Middleware\\EncryptCookies.php(67): Illuminate\\Pipeline\\Pipeline->Illuminate\\Pipeline\\{closure}(Object(Illuminate\\Http\\Request))
#27 D:\\xampp7\\htdocs\\zakwanbd\\affiliate\\vendor\\laravel\\framework\\src\\Illuminate\\Pipeline\\Pipeline.php(167): Illuminate\\Cookie\\Middleware\\EncryptCookies->handle(Object(Illuminate\\Http\\Request), Object(Closure))
#28 D:\\xampp7\\htdocs\\zakwanbd\\affiliate\\vendor\\laravel\\framework\\src\\Illuminate\\Pipeline\\Pipeline.php(103): Illuminate\\Pipeline\\Pipeline->Illuminate\\Pipeline\\{closure}(Object(Illuminate\\Http\\Request))
#29 D:\\xampp7\\htdocs\\zakwanbd\\affiliate\\vendor\\laravel\\framework\\src\\Illuminate\\Routing\\Router.php(687): Illuminate\\Pipeline\\Pipeline->then(Object(Closure))
#30 D:\\xampp7\\htdocs\\zakwanbd\\affiliate\\vendor\\laravel\\framework\\src\\Illuminate\\Routing\\Router.php(662): Illuminate\\Routing\\Router->runRouteWithinStack(Object(Illuminate\\Routing\\Route), Object(Illuminate\\Http\\Request))
#31 D:\\xampp7\\htdocs\\zakwanbd\\affiliate\\vendor\\laravel\\framework\\src\\Illuminate\\Routing\\Router.php(628): Illuminate\\Routing\\Router->runRoute(Object(Illuminate\\Http\\Request), Object(Illuminate\\Routing\\Route))
#32 D:\\xampp7\\htdocs\\zakwanbd\\affiliate\\vendor\\laravel\\framework\\src\\Illuminate\\Routing\\Router.php(617): Illuminate\\Routing\\Router->dispatchToRoute(Object(Illuminate\\Http\\Request))
#33 D:\\xampp7\\htdocs\\zakwanbd\\affiliate\\vendor\\laravel\\framework\\src\\Illuminate\\Foundation\\Http\\Kernel.php(165): Illuminate\\Routing\\Router->dispatch(Object(Illuminate\\Http\\Request))
#34 D:\\xampp7\\htdocs\\zakwanbd\\affiliate\\vendor\\laravel\\framework\\src\\Illuminate\\Pipeline\\Pipeline.php(128): Illuminate\\Foundation\\Http\\Kernel->Illuminate\\Foundation\\Http\\{closure}(Object(Illuminate\\Http\\Request))
#35 D:\\xampp7\\htdocs\\zakwanbd\\affiliate\\vendor\\laravel\\framework\\src\\Illuminate\\Foundation\\Http\\Middleware\\TransformsRequest.php(21): Illuminate\\Pipeline\\Pipeline->Illuminate\\Pipeline\\{closure}(Object(Illuminate\\Http\\Request))
#36 D:\\xampp7\\htdocs\\zakwanbd\\affiliate\\vendor\\laravel\\framework\\src\\Illuminate\\Pipeline\\Pipeline.php(167): Illuminate\\Foundation\\Http\\Middleware\\TransformsRequest->handle(Object(Illuminate\\Http\\Request), Object(Closure))
#37 D:\\xampp7\\htdocs\\zakwanbd\\affiliate\\vendor\\laravel\\framework\\src\\Illuminate\\Foundation\\Http\\Middleware\\TransformsRequest.php(21): Illuminate\\Pipeline\\Pipeline->Illuminate\\Pipeline\\{closure}(Object(Illuminate\\Http\\Request))
#38 D:\\xampp7\\htdocs\\zakwanbd\\affiliate\\vendor\\laravel\\framework\\src\\Illuminate\\Pipeline\\Pipeline.php(167): Illuminate\\Foundation\\Http\\Middleware\\TransformsRequest->handle(Object(Illuminate\\Http\\Request), Object(Closure))
#39 D:\\xampp7\\htdocs\\zakwanbd\\affiliate\\vendor\\laravel\\framework\\src\\Illuminate\\Foundation\\Http\\Middleware\\ValidatePostSize.php(27): Illuminate\\Pipeline\\Pipeline->Illuminate\\Pipeline\\{closure}(Object(Illuminate\\Http\\Request))
#40 D:\\xampp7\\htdocs\\zakwanbd\\affiliate\\vendor\\laravel\\framework\\src\\Illuminate\\Pipeline\\Pipeline.php(167): Illuminate\\Foundation\\Http\\Middleware\\ValidatePostSize->handle(Object(Illuminate\\Http\\Request), Object(Closure))
#41 D:\\xampp7\\htdocs\\zakwanbd\\affiliate\\vendor\\laravel\\framework\\src\\Illuminate\\Foundation\\Http\\Middleware\\CheckForMaintenanceMode.php(63): Illuminate\\Pipeline\\Pipeline->Illuminate\\Pipeline\\{closure}(Object(Illuminate\\Http\\Request))
#42 D:\\xampp7\\htdocs\\zakwanbd\\affiliate\\vendor\\laravel\\framework\\src\\Illuminate\\Pipeline\\Pipeline.php(167): Illuminate\\Foundation\\Http\\Middleware\\CheckForMaintenanceMode->handle(Object(Illuminate\\Http\\Request), Object(Closure))
#43 D:\\xampp7\\htdocs\\zakwanbd\\affiliate\\vendor\\fruitcake\\laravel-cors\\src\\HandleCors.php(37): Illuminate\\Pipeline\\Pipeline->Illuminate\\Pipeline\\{closure}(Object(Illuminate\\Http\\Request))
#44 D:\\xampp7\\htdocs\\zakwanbd\\affiliate\\vendor\\laravel\\framework\\src\\Illuminate\\Pipeline\\Pipeline.php(167): Fruitcake\\Cors\\HandleCors->handle(Object(Illuminate\\Http\\Request), Object(Closure))
#45 D:\\xampp7\\htdocs\\zakwanbd\\affiliate\\vendor\\fideloper\\proxy\\src\\TrustProxies.php(57): Illuminate\\Pipeline\\Pipeline->Illuminate\\Pipeline\\{closure}(Object(Illuminate\\Http\\Request))
#46 D:\\xampp7\\htdocs\\zakwanbd\\affiliate\\vendor\\laravel\\framework\\src\\Illuminate\\Pipeline\\Pipeline.php(167): Fideloper\\Proxy\\TrustProxies->handle(Object(Illuminate\\Http\\Request), Object(Closure))
#47 D:\\xampp7\\htdocs\\zakwanbd\\affiliate\\vendor\\laravel\\framework\\src\\Illuminate\\Pipeline\\Pipeline.php(103): Illuminate\\Pipeline\\Pipeline->Illuminate\\Pipeline\\{closure}(Object(Illuminate\\Http\\Request))
#48 D:\\xampp7\\htdocs\\zakwanbd\\affiliate\\vendor\\laravel\\framework\\src\\Illuminate\\Foundation\\Http\\Kernel.php(140): Illuminate\\Pipeline\\Pipeline->then(Object(Closure))
#49 D:\\xampp7\\htdocs\\zakwanbd\\affiliate\\vendor\\laravel\\framework\\src\\Illuminate\\Foundation\\Http\\Kernel.php(109): Illuminate\\Foundation\\Http\\Kernel->sendRequestThroughRouter(Object(Illuminate\\Http\\Request))
#50 D:\\xampp7\\htdocs\\zakwanbd\\affiliate\\index.php(55): Illuminate\\Foundation\\Http\\Kernel->handle(Object(Illuminate\\Http\\Request))
#51 {main}
"} 
[2025-04-14 13:48:26] local.ERROR: syntax error, unexpected '<', expecting ']' (View: D:\xampp7\htdocs\zakwanbd\affiliate\resources\views\layouts\affiliate_dashboard_1.blade.php) {"exception":"[object] (Facade\\Ignition\\Exceptions\\ViewException(code: 0): syntax error, unexpected '<', expecting ']' (View: D:\\xampp7\\htdocs\\zakwanbd\\affiliate\esources\\views\\layouts\\affiliate_dashboard_1.blade.php) at D:\\xampp7\\htdocs\\zakwanbd\\affiliate\esources\\views/layouts/affiliate_dashboard_1.blade.php:126)
[stacktrace]
#0 D:\\xampp7\\htdocs\\zakwanbd\\affiliate\\vendor\\laravel\\framework\\src\\Illuminate\\View\\Engines\\CompilerEngine.php(57): Illuminate\\View\\Engines\\PhpEngine->evaluatePath('D:\\\\xampp7\\\\htdoc...', Array)
#1 D:\\xampp7\\htdocs\\zakwanbd\\affiliate\\vendor\\facade\\ignition\\src\\Views\\Engines\\CompilerEngine.php(37): Illuminate\\View\\Engines\\CompilerEngine->get('D:\\\\xampp7\\\\htdoc...', Array)
#2 D:\\xampp7\\htdocs\\zakwanbd\\affiliate\\vendor\\laravel\\framework\\src\\Illuminate\\View\\View.php(139): Facade\\Ignition\\Views\\Engines\\CompilerEngine->get('D:\\\\xampp7\\\\htdoc...', Array)
#3 D:\\xampp7\\htdocs\\zakwanbd\\affiliate\\vendor\\laravel\\framework\\src\\Illuminate\\View\\View.php(122): Illuminate\\View\\View->getContents()
#4 D:\\xampp7\\htdocs\\zakwanbd\\affiliate\\vendor\\laravel\\framework\\src\\Illuminate\\View\\View.php(91): Illuminate\\View\\View->renderContents()
#5 D:\\xampp7\\htdocs\\zakwanbd\\affiliate\\vendor\\laravel\\framework\\src\\Illuminate\\Http\\Response.php(62): Illuminate\\View\\View->render()
#6 D:\\xampp7\\htdocs\\zakwanbd\\affiliate\\vendor\\laravel\\framework\\src\\Illuminate\\Http\\Response.php(34): Illuminate\\Http\\Response->setContent(Object(Illuminate\\View\\View))
#7 D:\\xampp7\\htdocs\\zakwanbd\\affiliate\\vendor\\laravel\\framework\\src\\Illuminate\\Routing\\Router.php(759): Illuminate\\Http\\Response->__construct(Object(Illuminate\\View\\View), 200, Array)
#8 D:\\xampp7\\htdocs\\zakwanbd\\affiliate\\vendor\\laravel\\framework\\src\\Illuminate\\Routing\\Router.php(731): Illuminate\\Routing\\Router::toResponse(Object(Illuminate\\Http\\Request), Object(Illuminate\\View\\View))
#9 D:\\xampp7\\htdocs\\zakwanbd\\affiliate\\vendor\\laravel\\framework\\src\\Illuminate\\Routing\\Router.php(685): Illuminate\\Routing\\Router->prepareResponse(Object(Illuminate\\Http\\Request), Object(Illuminate\\View\\View))
#10 D:\\xampp7\\htdocs\\zakwanbd\\affiliate\\vendor\\laravel\\framework\\src\\Illuminate\\Pipeline\\Pipeline.php(128): Illuminate\\Routing\\Router->Illuminate\\Routing\\{closure}(Object(Illuminate\\Http\\Request))
#11 D:\\xampp7\\htdocs\\zakwanbd\\affiliate\\app\\Http\\Middleware\\AdminMiddleware.php(25): Illuminate\\Pipeline\\Pipeline->Illuminate\\Pipeline\\{closure}(Object(Illuminate\\Http\\Request))
#12 D:\\xampp7\\htdocs\\zakwanbd\\affiliate\\vendor\\laravel\\framework\\src\\Illuminate\\Pipeline\\Pipeline.php(167): App\\Http\\Middleware\\AdminMiddleware->handle(Object(Illuminate\\Http\\Request), Object(Closure))
#13 D:\\xampp7\\htdocs\\zakwanbd\\affiliate\\vendor\\laravel\\framework\\src\\Illuminate\\Routing\\Middleware\\SubstituteBindings.php(41): Illuminate\\Pipeline\\Pipeline->Illuminate\\Pipeline\\{closure}(Object(Illuminate\\Http\\Request))
#14 D:\\xampp7\\htdocs\\zakwanbd\\affiliate\\vendor\\laravel\\framework\\src\\Illuminate\\Pipeline\\Pipeline.php(167): Illuminate\\Routing\\Middleware\\SubstituteBindings->handle(Object(Illuminate\\Http\\Request), Object(Closure))
#15 D:\\xampp7\\htdocs\\zakwanbd\\affiliate\\vendor\\laravel\\framework\\src\\Illuminate\\Foundation\\Http\\Middleware\\VerifyCsrfToken.php(78): Illuminate\\Pipeline\\Pipeline->Illuminate\\Pipeline\\{closure}(Object(Illuminate\\Http\\Request))
#16 D:\\xampp7\\htdocs\\zakwanbd\\affiliate\\vendor\\laravel\\framework\\src\\Illuminate\\Pipeline\\Pipeline.php(167): Illuminate\\Foundation\\Http\\Middleware\\VerifyCsrfToken->handle(Object(Illuminate\\Http\\Request), Object(Closure))
#17 D:\\xampp7\\htdocs\\zakwanbd\\affiliate\\vendor\\laravel\\framework\\src\\Illuminate\\View\\Middleware\\ShareErrorsFromSession.php(49): Illuminate\\Pipeline\\Pipeline->Illuminate\\Pipeline\\{closure}(Object(Illuminate\\Http\\Request))
#18 D:\\xampp7\\htdocs\\zakwanbd\\affiliate\\vendor\\laravel\\framework\\src\\Illuminate\\Pipeline\\Pipeline.php(167): Illuminate\\View\\Middleware\\ShareErrorsFromSession->handle(Object(Illuminate\\Http\\Request), Object(Closure))
#19 D:\\xampp7\\htdocs\\zakwanbd\\affiliate\\vendor\\laravel\\framework\\src\\Illuminate\\Session\\Middleware\\StartSession.php(116): Illuminate\\Pipeline\\Pipeline->Illuminate\\Pipeline\\{closure}(Object(Illuminate\\Http\\Request))
#20 D:\\xampp7\\htdocs\\zakwanbd\\affiliate\\vendor\\laravel\\framework\\src\\Illuminate\\Session\\Middleware\\StartSession.php(62): Illuminate\\Session\\Middleware\\StartSession->handleStatefulRequest(Object(Illuminate\\Http\\Request), Object(Illuminate\\Session\\Store), Object(Closure))
#21 D:\\xampp7\\htdocs\\zakwanbd\\affiliate\\vendor\\laravel\\framework\\src\\Illuminate\\Pipeline\\Pipeline.php(167): Illuminate\\Session\\Middleware\\StartSession->handle(Object(Illuminate\\Http\\Request), Object(Closure))
#22 D:\\xampp7\\htdocs\\zakwanbd\\affiliate\\vendor\\laravel\\framework\\src\\Illuminate\\Cookie\\Middleware\\AddQueuedCookiesToResponse.php(37): Illuminate\\Pipeline\\Pipeline->Illuminate\\Pipeline\\{closure}(Object(Illuminate\\Http\\Request))
#23 D:\\xampp7\\htdocs\\zakwanbd\\affiliate\\vendor\\laravel\\framework\\src\\Illuminate\\Pipeline\\Pipeline.php(167): Illuminate\\Cookie\\Middleware\\AddQueuedCookiesToResponse->handle(Object(Illuminate\\Http\\Request), Object(Closure))
#24 D:\\xampp7\\htdocs\\zakwanbd\\affiliate\\vendor\\laravel\\framework\\src\\Illuminate\\Cookie\\Middleware\\EncryptCookies.php(67): Illuminate\\Pipeline\\Pipeline->Illuminate\\Pipeline\\{closure}(Object(Illuminate\\Http\\Request))
#25 D:\\xampp7\\htdocs\\zakwanbd\\affiliate\\vendor\\laravel\\framework\\src\\Illuminate\\Pipeline\\Pipeline.php(167): Illuminate\\Cookie\\Middleware\\EncryptCookies->handle(Object(Illuminate\\Http\\Request), Object(Closure))
#26 D:\\xampp7\\htdocs\\zakwanbd\\affiliate\\vendor\\laravel\\framework\\src\\Illuminate\\Pipeline\\Pipeline.php(103): Illuminate\\Pipeline\\Pipeline->Illuminate\\Pipeline\\{closure}(Object(Illuminate\\Http\\Request))
#27 D:\\xampp7\\htdocs\\zakwanbd\\affiliate\\vendor\\laravel\\framework\\src\\Illuminate\\Routing\\Router.php(687): Illuminate\\Pipeline\\Pipeline->then(Object(Closure))
#28 D:\\xampp7\\htdocs\\zakwanbd\\affiliate\\vendor\\laravel\\framework\\src\\Illuminate\\Routing\\Router.php(662): Illuminate\\Routing\\Router->runRouteWithinStack(Object(Illuminate\\Routing\\Route), Object(Illuminate\\Http\\Request))
#29 D:\\xampp7\\htdocs\\zakwanbd\\affiliate\\vendor\\laravel\\framework\\src\\Illuminate\\Routing\\Router.php(628): Illuminate\\Routing\\Router->runRoute(Object(Illuminate\\Http\\Request), Object(Illuminate\\Routing\\Route))
#30 D:\\xampp7\\htdocs\\zakwanbd\\affiliate\\vendor\\laravel\\framework\\src\\Illuminate\\Routing\\Router.php(617): Illuminate\\Routing\\Router->dispatchToRoute(Object(Illuminate\\Http\\Request))
#31 D:\\xampp7\\htdocs\\zakwanbd\\affiliate\\vendor\\laravel\\framework\\src\\Illuminate\\Foundation\\Http\\Kernel.php(165): Illuminate\\Routing\\Router->dispatch(Object(Illuminate\\Http\\Request))
#32 D:\\xampp7\\htdocs\\zakwanbd\\affiliate\\vendor\\laravel\\framework\\src\\Illuminate\\Pipeline\\Pipeline.php(128): Illuminate\\Foundation\\Http\\Kernel->Illuminate\\Foundation\\Http\\{closure}(Object(Illuminate\\Http\\Request))
#33 D:\\xampp7\\htdocs\\zakwanbd\\affiliate\\vendor\\laravel\\framework\\src\\Illuminate\\Foundation\\Http\\Middleware\\TransformsRequest.php(21): Illuminate\\Pipeline\\Pipeline->Illuminate\\Pipeline\\{closure}(Object(Illuminate\\Http\\Request))
#34 D:\\xampp7\\htdocs\\zakwanbd\\affiliate\\vendor\\laravel\\framework\\src\\Illuminate\\Pipeline\\Pipeline.php(167): Illuminate\\Foundation\\Http\\Middleware\\TransformsRequest->handle(Object(Illuminate\\Http\\Request), Object(Closure))
#35 D:\\xampp7\\htdocs\\zakwanbd\\affiliate\\vendor\\laravel\\framework\\src\\Illuminate\\Foundation\\Http\\Middleware\\TransformsRequest.php(21): Illuminate\\Pipeline\\Pipeline->Illuminate\\Pipeline\\{closure}(Object(Illuminate\\Http\\Request))
#36 D:\\xampp7\\htdocs\\zakwanbd\\affiliate\\vendor\\laravel\\framework\\src\\Illuminate\\Pipeline\\Pipeline.php(167): Illuminate\\Foundation\\Http\\Middleware\\TransformsRequest->handle(Object(Illuminate\\Http\\Request), Object(Closure))
#37 D:\\xampp7\\htdocs\\zakwanbd\\affiliate\\vendor\\laravel\\framework\\src\\Illuminate\\Foundation\\Http\\Middleware\\ValidatePostSize.php(27): Illuminate\\Pipeline\\Pipeline->Illuminate\\Pipeline\\{closure}(Object(Illuminate\\Http\\Request))
#38 D:\\xampp7\\htdocs\\zakwanbd\\affiliate\\vendor\\laravel\\framework\\src\\Illuminate\\Pipeline\\Pipeline.php(167): Illuminate\\Foundation\\Http\\Middleware\\ValidatePostSize->handle(Object(Illuminate\\Http\\Request), Object(Closure))
#39 D:\\xampp7\\htdocs\\zakwanbd\\affiliate\\vendor\\laravel\\framework\\src\\Illuminate\\Foundation\\Http\\Middleware\\CheckForMaintenanceMode.php(63): Illuminate\\Pipeline\\Pipeline->Illuminate\\Pipeline\\{closure}(Object(Illuminate\\Http\\Request))
#40 D:\\xampp7\\htdocs\\zakwanbd\\affiliate\\vendor\\laravel\\framework\\src\\Illuminate\\Pipeline\\Pipeline.php(167): Illuminate\\Foundation\\Http\\Middleware\\CheckForMaintenanceMode->handle(Object(Illuminate\\Http\\Request), Object(Closure))
#41 D:\\xampp7\\htdocs\\zakwanbd\\affiliate\\vendor\\fruitcake\\laravel-cors\\src\\HandleCors.php(37): Illuminate\\Pipeline\\Pipeline->Illuminate\\Pipeline\\{closure}(Object(Illuminate\\Http\\Request))
#42 D:\\xampp7\\htdocs\\zakwanbd\\affiliate\\vendor\\laravel\\framework\\src\\Illuminate\\Pipeline\\Pipeline.php(167): Fruitcake\\Cors\\HandleCors->handle(Object(Illuminate\\Http\\Request), Object(Closure))
#43 D:\\xampp7\\htdocs\\zakwanbd\\affiliate\\vendor\\fideloper\\proxy\\src\\TrustProxies.php(57): Illuminate\\Pipeline\\Pipeline->Illuminate\\Pipeline\\{closure}(Object(Illuminate\\Http\\Request))
#44 D:\\xampp7\\htdocs\\zakwanbd\\affiliate\\vendor\\laravel\\framework\\src\\Illuminate\\Pipeline\\Pipeline.php(167): Fideloper\\Proxy\\TrustProxies->handle(Object(Illuminate\\Http\\Request), Object(Closure))
#45 D:\\xampp7\\htdocs\\zakwanbd\\affiliate\\vendor\\laravel\\framework\\src\\Illuminate\\Pipeline\\Pipeline.php(103): Illuminate\\Pipeline\\Pipeline->Illuminate\\Pipeline\\{closure}(Object(Illuminate\\Http\\Request))
#46 D:\\xampp7\\htdocs\\zakwanbd\\affiliate\\vendor\\laravel\\framework\\src\\Illuminate\\Foundation\\Http\\Kernel.php(140): Illuminate\\Pipeline\\Pipeline->then(Object(Closure))
#47 D:\\xampp7\\htdocs\\zakwanbd\\affiliate\\vendor\\laravel\\framework\\src\\Illuminate\\Foundation\\Http\\Kernel.php(109): Illuminate\\Foundation\\Http\\Kernel->sendRequestThroughRouter(Object(Illuminate\\Http\\Request))
#48 D:\\xampp7\\htdocs\\zakwanbd\\affiliate\\index.php(55): Illuminate\\Foundation\\Http\\Kernel->handle(Object(Illuminate\\Http\\Request))
#49 {main}

[previous exception] [object] (ParseError(code: 0): syntax error, unexpected '<', expecting ']' at D:\\xampp7\\htdocs\\zakwanbd\\affiliate\\storage\\framework\\views\\ae2b2af208f3c32828a48723c443de7bc1af3773.php:126)
[stacktrace]
#0 D:\\xampp7\\htdocs\\zakwanbd\\affiliate\\vendor\\laravel\\framework\\src\\Illuminate\\View\\Engines\\CompilerEngine.php(57): Illuminate\\View\\Engines\\PhpEngine->evaluatePath('D:\\\\xampp7\\\\htdoc...', Array)
#1 D:\\xampp7\\htdocs\\zakwanbd\\affiliate\\vendor\\facade\\ignition\\src\\Views\\Engines\\CompilerEngine.php(37): Illuminate\\View\\Engines\\CompilerEngine->get('D:\\\\xampp7\\\\htdoc...', Array)
#2 D:\\xampp7\\htdocs\\zakwanbd\\affiliate\\vendor\\laravel\\framework\\src\\Illuminate\\View\\View.php(139): Facade\\Ignition\\Views\\Engines\\CompilerEngine->get('D:\\\\xampp7\\\\htdoc...', Array)
#3 D:\\xampp7\\htdocs\\zakwanbd\\affiliate\\vendor\\laravel\\framework\\src\\Illuminate\\View\\View.php(122): Illuminate\\View\\View->getContents()
#4 D:\\xampp7\\htdocs\\zakwanbd\\affiliate\\vendor\\laravel\\framework\\src\\Illuminate\\View\\View.php(91): Illuminate\\View\\View->renderContents()
#5 D:\\xampp7\\htdocs\\zakwanbd\\affiliate\\vendor\\laravel\\framework\\src\\Illuminate\\Http\\Response.php(62): Illuminate\\View\\View->render()
#6 D:\\xampp7\\htdocs\\zakwanbd\\affiliate\\vendor\\laravel\\framework\\src\\Illuminate\\Http\\Response.php(34): Illuminate\\Http\\Response->setContent(Object(Illuminate\\View\\View))
#7 D:\\xampp7\\htdocs\\zakwanbd\\affiliate\\vendor\\laravel\\framework\\src\\Illuminate\\Routing\\Router.php(759): Illuminate\\Http\\Response->__construct(Object(Illuminate\\View\\View), 200, Array)
#8 D:\\xampp7\\htdocs\\zakwanbd\\affiliate\\vendor\\laravel\\framework\\src\\Illuminate\\Routing\\Router.php(731): Illuminate\\Routing\\Router::toResponse(Object(Illuminate\\Http\\Request), Object(Illuminate\\View\\View))
#9 D:\\xampp7\\htdocs\\zakwanbd\\affiliate\\vendor\\laravel\\framework\\src\\Illuminate\\Routing\\Router.php(685): Illuminate\\Routing\\Router->prepareResponse(Object(Illuminate\\Http\\Request), Object(Illuminate\\View\\View))
#10 D:\\xampp7\\htdocs\\zakwanbd\\affiliate\\vendor\\laravel\\framework\\src\\Illuminate\\Pipeline\\Pipeline.php(128): Illuminate\\Routing\\Router->Illuminate\\Routing\\{closure}(Object(Illuminate\\Http\\Request))
#11 D:\\xampp7\\htdocs\\zakwanbd\\affiliate\\app\\Http\\Middleware\\AdminMiddleware.php(25): Illuminate\\Pipeline\\Pipeline->Illuminate\\Pipeline\\{closure}(Object(Illuminate\\Http\\Request))
#12 D:\\xampp7\\htdocs\\zakwanbd\\affiliate\\vendor\\laravel\\framework\\src\\Illuminate\\Pipeline\\Pipeline.php(167): App\\Http\\Middleware\\AdminMiddleware->handle(Object(Illuminate\\Http\\Request), Object(Closure))
#13 D:\\xampp7\\htdocs\\zakwanbd\\affiliate\\vendor\\laravel\\framework\\src\\Illuminate\\Routing\\Middleware\\SubstituteBindings.php(41): Illuminate\\Pipeline\\Pipeline->Illuminate\\Pipeline\\{closure}(Object(Illuminate\\Http\\Request))
#14 D:\\xampp7\\htdocs\\zakwanbd\\affiliate\\vendor\\laravel\\framework\\src\\Illuminate\\Pipeline\\Pipeline.php(167): Illuminate\\Routing\\Middleware\\SubstituteBindings->handle(Object(Illuminate\\Http\\Request), Object(Closure))
#15 D:\\xampp7\\htdocs\\zakwanbd\\affiliate\\vendor\\laravel\\framework\\src\\Illuminate\\Foundation\\Http\\Middleware\\VerifyCsrfToken.php(78): Illuminate\\Pipeline\\Pipeline->Illuminate\\Pipeline\\{closure}(Object(Illuminate\\Http\\Request))
#16 D:\\xampp7\\htdocs\\zakwanbd\\affiliate\\vendor\\laravel\\framework\\src\\Illuminate\\Pipeline\\Pipeline.php(167): Illuminate\\Foundation\\Http\\Middleware\\VerifyCsrfToken->handle(Object(Illuminate\\Http\\Request), Object(Closure))
#17 D:\\xampp7\\htdocs\\zakwanbd\\affiliate\\vendor\\laravel\\framework\\src\\Illuminate\\View\\Middleware\\ShareErrorsFromSession.php(49): Illuminate\\Pipeline\\Pipeline->Illuminate\\Pipeline\\{closure}(Object(Illuminate\\Http\\Request))
#18 D:\\xampp7\\htdocs\\zakwanbd\\affiliate\\vendor\\laravel\\framework\\src\\Illuminate\\Pipeline\\Pipeline.php(167): Illuminate\\View\\Middleware\\ShareErrorsFromSession->handle(Object(Illuminate\\Http\\Request), Object(Closure))
#19 D:\\xampp7\\htdocs\\zakwanbd\\affiliate\\vendor\\laravel\\framework\\src\\Illuminate\\Session\\Middleware\\StartSession.php(116): Illuminate\\Pipeline\\Pipeline->Illuminate\\Pipeline\\{closure}(Object(Illuminate\\Http\\Request))
#20 D:\\xampp7\\htdocs\\zakwanbd\\affiliate\\vendor\\laravel\\framework\\src\\Illuminate\\Session\\Middleware\\StartSession.php(62): Illuminate\\Session\\Middleware\\StartSession->handleStatefulRequest(Object(Illuminate\\Http\\Request), Object(Illuminate\\Session\\Store), Object(Closure))
#21 D:\\xampp7\\htdocs\\zakwanbd\\affiliate\\vendor\\laravel\\framework\\src\\Illuminate\\Pipeline\\Pipeline.php(167): Illuminate\\Session\\Middleware\\StartSession->handle(Object(Illuminate\\Http\\Request), Object(Closure))
#22 D:\\xampp7\\htdocs\\zakwanbd\\affiliate\\vendor\\laravel\\framework\\src\\Illuminate\\Cookie\\Middleware\\AddQueuedCookiesToResponse.php(37): Illuminate\\Pipeline\\Pipeline->Illuminate\\Pipeline\\{closure}(Object(Illuminate\\Http\\Request))
#23 D:\\xampp7\\htdocs\\zakwanbd\\affiliate\\vendor\\laravel\\framework\\src\\Illuminate\\Pipeline\\Pipeline.php(167): Illuminate\\Cookie\\Middleware\\AddQueuedCookiesToResponse->handle(Object(Illuminate\\Http\\Request), Object(Closure))
#24 D:\\xampp7\\htdocs\\zakwanbd\\affiliate\\vendor\\laravel\\framework\\src\\Illuminate\\Cookie\\Middleware\\EncryptCookies.php(67): Illuminate\\Pipeline\\Pipeline->Illuminate\\Pipeline\\{closure}(Object(Illuminate\\Http\\Request))
#25 D:\\xampp7\\htdocs\\zakwanbd\\affiliate\\vendor\\laravel\\framework\\src\\Illuminate\\Pipeline\\Pipeline.php(167): Illuminate\\Cookie\\Middleware\\EncryptCookies->handle(Object(Illuminate\\Http\\Request), Object(Closure))
#26 D:\\xampp7\\htdocs\\zakwanbd\\affiliate\\vendor\\laravel\\framework\\src\\Illuminate\\Pipeline\\Pipeline.php(103): Illuminate\\Pipeline\\Pipeline->Illuminate\\Pipeline\\{closure}(Object(Illuminate\\Http\\Request))
#27 D:\\xampp7\\htdocs\\zakwanbd\\affiliate\\vendor\\laravel\\framework\\src\\Illuminate\\Routing\\Router.php(687): Illuminate\\Pipeline\\Pipeline->then(Object(Closure))
#28 D:\\xampp7\\htdocs\\zakwanbd\\affiliate\\vendor\\laravel\\framework\\src\\Illuminate\\Routing\\Router.php(662): Illuminate\\Routing\\Router->runRouteWithinStack(Object(Illuminate\\Routing\\Route), Object(Illuminate\\Http\\Request))
#29 D:\\xampp7\\htdocs\\zakwanbd\\affiliate\\vendor\\laravel\\framework\\src\\Illuminate\\Routing\\Router.php(628): Illuminate\\Routing\\Router->runRoute(Object(Illuminate\\Http\\Request), Object(Illuminate\\Routing\\Route))
#30 D:\\xampp7\\htdocs\\zakwanbd\\affiliate\\vendor\\laravel\\framework\\src\\Illuminate\\Routing\\Router.php(617): Illuminate\\Routing\\Router->dispatchToRoute(Object(Illuminate\\Http\\Request))
#31 D:\\xampp7\\htdocs\\zakwanbd\\affiliate\\vendor\\laravel\\framework\\src\\Illuminate\\Foundation\\Http\\Kernel.php(165): Illuminate\\Routing\\Router->dispatch(Object(Illuminate\\Http\\Request))
#32 D:\\xampp7\\htdocs\\zakwanbd\\affiliate\\vendor\\laravel\\framework\\src\\Illuminate\\Pipeline\\Pipeline.php(128): Illuminate\\Foundation\\Http\\Kernel->Illuminate\\Foundation\\Http\\{closure}(Object(Illuminate\\Http\\Request))
#33 D:\\xampp7\\htdocs\\zakwanbd\\affiliate\\vendor\\laravel\\framework\\src\\Illuminate\\Foundation\\Http\\Middleware\\TransformsRequest.php(21): Illuminate\\Pipeline\\Pipeline->Illuminate\\Pipeline\\{closure}(Object(Illuminate\\Http\\Request))
#34 D:\\xampp7\\htdocs\\zakwanbd\\affiliate\\vendor\\laravel\\framework\\src\\Illuminate\\Pipeline\\Pipeline.php(167): Illuminate\\Foundation\\Http\\Middleware\\TransformsRequest->handle(Object(Illuminate\\Http\\Request), Object(Closure))
#35 D:\\xampp7\\htdocs\\zakwanbd\\affiliate\\vendor\\laravel\\framework\\src\\Illuminate\\Foundation\\Http\\Middleware\\TransformsRequest.php(21): Illuminate\\Pipeline\\Pipeline->Illuminate\\Pipeline\\{closure}(Object(Illuminate\\Http\\Request))
#36 D:\\xampp7\\htdocs\\zakwanbd\\affiliate\\vendor\\laravel\\framework\\src\\Illuminate\\Pipeline\\Pipeline.php(167): Illuminate\\Foundation\\Http\\Middleware\\TransformsRequest->handle(Object(Illuminate\\Http\\Request), Object(Closure))
#37 D:\\xampp7\\htdocs\\zakwanbd\\affiliate\\vendor\\laravel\\framework\\src\\Illuminate\\Foundation\\Http\\Middleware\\ValidatePostSize.php(27): Illuminate\\Pipeline\\Pipeline->Illuminate\\Pipeline\\{closure}(Object(Illuminate\\Http\\Request))
#38 D:\\xampp7\\htdocs\\zakwanbd\\affiliate\\vendor\\laravel\\framework\\src\\Illuminate\\Pipeline\\Pipeline.php(167): Illuminate\\Foundation\\Http\\Middleware\\ValidatePostSize->handle(Object(Illuminate\\Http\\Request), Object(Closure))
#39 D:\\xampp7\\htdocs\\zakwanbd\\affiliate\\vendor\\laravel\\framework\\src\\Illuminate\\Foundation\\Http\\Middleware\\CheckForMaintenanceMode.php(63): Illuminate\\Pipeline\\Pipeline->Illuminate\\Pipeline\\{closure}(Object(Illuminate\\Http\\Request))
#40 D:\\xampp7\\htdocs\\zakwanbd\\affiliate\\vendor\\laravel\\framework\\src\\Illuminate\\Pipeline\\Pipeline.php(167): Illuminate\\Foundation\\Http\\Middleware\\CheckForMaintenanceMode->handle(Object(Illuminate\\Http\\Request), Object(Closure))
#41 D:\\xampp7\\htdocs\\zakwanbd\\affiliate\\vendor\\fruitcake\\laravel-cors\\src\\HandleCors.php(37): Illuminate\\Pipeline\\Pipeline->Illuminate\\Pipeline\\{closure}(Object(Illuminate\\Http\\Request))
#42 D:\\xampp7\\htdocs\\zakwanbd\\affiliate\\vendor\\laravel\\framework\\src\\Illuminate\\Pipeline\\Pipeline.php(167): Fruitcake\\Cors\\HandleCors->handle(Object(Illuminate\\Http\\Request), Object(Closure))
#43 D:\\xampp7\\htdocs\\zakwanbd\\affiliate\\vendor\\fideloper\\proxy\\src\\TrustProxies.php(57): Illuminate\\Pipeline\\Pipeline->Illuminate\\Pipeline\\{closure}(Object(Illuminate\\Http\\Request))
#44 D:\\xampp7\\htdocs\\zakwanbd\\affiliate\\vendor\\laravel\\framework\\src\\Illuminate\\Pipeline\\Pipeline.php(167): Fideloper\\Proxy\\TrustProxies->handle(Object(Illuminate\\Http\\Request), Object(Closure))
#45 D:\\xampp7\\htdocs\\zakwanbd\\affiliate\\vendor\\laravel\\framework\\src\\Illuminate\\Pipeline\\Pipeline.php(103): Illuminate\\Pipeline\\Pipeline->Illuminate\\Pipeline\\{closure}(Object(Illuminate\\Http\\Request))
#46 D:\\xampp7\\htdocs\\zakwanbd\\affiliate\\vendor\\laravel\\framework\\src\\Illuminate\\Foundation\\Http\\Kernel.php(140): Illuminate\\Pipeline\\Pipeline->then(Object(Closure))
#47 D:\\xampp7\\htdocs\\zakwanbd\\affiliate\\vendor\\laravel\\framework\\src\\Illuminate\\Foundation\\Http\\Kernel.php(109): Illuminate\\Foundation\\Http\\Kernel->sendRequestThroughRouter(Object(Illuminate\\Http\\Request))
#48 D:\\xampp7\\htdocs\\zakwanbd\\affiliate\\index.php(55): Illuminate\\Foundation\\Http\\Kernel->handle(Object(Illuminate\\Http\\Request))
#49 {main}
"} 
[2025-04-14 13:48:36] local.ERROR: syntax error, unexpected '<', expecting ']' (View: D:\xampp7\htdocs\zakwanbd\affiliate\resources\views\layouts\affiliate_dashboard_1.blade.php) {"exception":"[object] (Facade\\Ignition\\Exceptions\\ViewException(code: 0): syntax error, unexpected '<', expecting ']' (View: D:\\xampp7\\htdocs\\zakwanbd\\affiliate\esources\\views\\layouts\\affiliate_dashboard_1.blade.php) at D:\\xampp7\\htdocs\\zakwanbd\\affiliate\esources\\views/layouts/affiliate_dashboard_1.blade.php:126)
[stacktrace]
#0 D:\\xampp7\\htdocs\\zakwanbd\\affiliate\\vendor\\laravel\\framework\\src\\Illuminate\\View\\Engines\\CompilerEngine.php(57): Illuminate\\View\\Engines\\PhpEngine->evaluatePath('D:\\\\xampp7\\\\htdoc...', Array)
#1 D:\\xampp7\\htdocs\\zakwanbd\\affiliate\\vendor\\facade\\ignition\\src\\Views\\Engines\\CompilerEngine.php(37): Illuminate\\View\\Engines\\CompilerEngine->get('D:\\\\xampp7\\\\htdoc...', Array)
#2 D:\\xampp7\\htdocs\\zakwanbd\\affiliate\\vendor\\laravel\\framework\\src\\Illuminate\\View\\View.php(139): Facade\\Ignition\\Views\\Engines\\CompilerEngine->get('D:\\\\xampp7\\\\htdoc...', Array)
#3 D:\\xampp7\\htdocs\\zakwanbd\\affiliate\\vendor\\laravel\\framework\\src\\Illuminate\\View\\View.php(122): Illuminate\\View\\View->getContents()
#4 D:\\xampp7\\htdocs\\zakwanbd\\affiliate\\vendor\\laravel\\framework\\src\\Illuminate\\View\\View.php(91): Illuminate\\View\\View->renderContents()
#5 D:\\xampp7\\htdocs\\zakwanbd\\affiliate\\vendor\\laravel\\framework\\src\\Illuminate\\Http\\Response.php(62): Illuminate\\View\\View->render()
#6 D:\\xampp7\\htdocs\\zakwanbd\\affiliate\\vendor\\laravel\\framework\\src\\Illuminate\\Http\\Response.php(34): Illuminate\\Http\\Response->setContent(Object(Illuminate\\View\\View))
#7 D:\\xampp7\\htdocs\\zakwanbd\\affiliate\\vendor\\laravel\\framework\\src\\Illuminate\\Routing\\Router.php(759): Illuminate\\Http\\Response->__construct(Object(Illuminate\\View\\View), 200, Array)
#8 D:\\xampp7\\htdocs\\zakwanbd\\affiliate\\vendor\\laravel\\framework\\src\\Illuminate\\Routing\\Router.php(731): Illuminate\\Routing\\Router::toResponse(Object(Illuminate\\Http\\Request), Object(Illuminate\\View\\View))
#9 D:\\xampp7\\htdocs\\zakwanbd\\affiliate\\vendor\\laravel\\framework\\src\\Illuminate\\Routing\\Router.php(685): Illuminate\\Routing\\Router->prepareResponse(Object(Illuminate\\Http\\Request), Object(Illuminate\\View\\View))
#10 D:\\xampp7\\htdocs\\zakwanbd\\affiliate\\vendor\\laravel\\framework\\src\\Illuminate\\Pipeline\\Pipeline.php(128): Illuminate\\Routing\\Router->Illuminate\\Routing\\{closure}(Object(Illuminate\\Http\\Request))
#11 D:\\xampp7\\htdocs\\zakwanbd\\affiliate\\app\\Http\\Middleware\\AdminMiddleware.php(25): Illuminate\\Pipeline\\Pipeline->Illuminate\\Pipeline\\{closure}(Object(Illuminate\\Http\\Request))
#12 D:\\xampp7\\htdocs\\zakwanbd\\affiliate\\vendor\\laravel\\framework\\src\\Illuminate\\Pipeline\\Pipeline.php(167): App\\Http\\Middleware\\AdminMiddleware->handle(Object(Illuminate\\Http\\Request), Object(Closure))
#13 D:\\xampp7\\htdocs\\zakwanbd\\affiliate\\vendor\\laravel\\framework\\src\\Illuminate\\Routing\\Middleware\\SubstituteBindings.php(41): Illuminate\\Pipeline\\Pipeline->Illuminate\\Pipeline\\{closure}(Object(Illuminate\\Http\\Request))
#14 D:\\xampp7\\htdocs\\zakwanbd\\affiliate\\vendor\\laravel\\framework\\src\\Illuminate\\Pipeline\\Pipeline.php(167): Illuminate\\Routing\\Middleware\\SubstituteBindings->handle(Object(Illuminate\\Http\\Request), Object(Closure))
#15 D:\\xampp7\\htdocs\\zakwanbd\\affiliate\\vendor\\laravel\\framework\\src\\Illuminate\\Foundation\\Http\\Middleware\\VerifyCsrfToken.php(78): Illuminate\\Pipeline\\Pipeline->Illuminate\\Pipeline\\{closure}(Object(Illuminate\\Http\\Request))
#16 D:\\xampp7\\htdocs\\zakwanbd\\affiliate\\vendor\\laravel\\framework\\src\\Illuminate\\Pipeline\\Pipeline.php(167): Illuminate\\Foundation\\Http\\Middleware\\VerifyCsrfToken->handle(Object(Illuminate\\Http\\Request), Object(Closure))
#17 D:\\xampp7\\htdocs\\zakwanbd\\affiliate\\vendor\\laravel\\framework\\src\\Illuminate\\View\\Middleware\\ShareErrorsFromSession.php(49): Illuminate\\Pipeline\\Pipeline->Illuminate\\Pipeline\\{closure}(Object(Illuminate\\Http\\Request))
#18 D:\\xampp7\\htdocs\\zakwanbd\\affiliate\\vendor\\laravel\\framework\\src\\Illuminate\\Pipeline\\Pipeline.php(167): Illuminate\\View\\Middleware\\ShareErrorsFromSession->handle(Object(Illuminate\\Http\\Request), Object(Closure))
#19 D:\\xampp7\\htdocs\\zakwanbd\\affiliate\\vendor\\laravel\\framework\\src\\Illuminate\\Session\\Middleware\\StartSession.php(116): Illuminate\\Pipeline\\Pipeline->Illuminate\\Pipeline\\{closure}(Object(Illuminate\\Http\\Request))
#20 D:\\xampp7\\htdocs\\zakwanbd\\affiliate\\vendor\\laravel\\framework\\src\\Illuminate\\Session\\Middleware\\StartSession.php(62): Illuminate\\Session\\Middleware\\StartSession->handleStatefulRequest(Object(Illuminate\\Http\\Request), Object(Illuminate\\Session\\Store), Object(Closure))
#21 D:\\xampp7\\htdocs\\zakwanbd\\affiliate\\vendor\\laravel\\framework\\src\\Illuminate\\Pipeline\\Pipeline.php(167): Illuminate\\Session\\Middleware\\StartSession->handle(Object(Illuminate\\Http\\Request), Object(Closure))
#22 D:\\xampp7\\htdocs\\zakwanbd\\affiliate\\vendor\\laravel\\framework\\src\\Illuminate\\Cookie\\Middleware\\AddQueuedCookiesToResponse.php(37): Illuminate\\Pipeline\\Pipeline->Illuminate\\Pipeline\\{closure}(Object(Illuminate\\Http\\Request))
#23 D:\\xampp7\\htdocs\\zakwanbd\\affiliate\\vendor\\laravel\\framework\\src\\Illuminate\\Pipeline\\Pipeline.php(167): Illuminate\\Cookie\\Middleware\\AddQueuedCookiesToResponse->handle(Object(Illuminate\\Http\\Request), Object(Closure))
#24 D:\\xampp7\\htdocs\\zakwanbd\\affiliate\\vendor\\laravel\\framework\\src\\Illuminate\\Cookie\\Middleware\\EncryptCookies.php(67): Illuminate\\Pipeline\\Pipeline->Illuminate\\Pipeline\\{closure}(Object(Illuminate\\Http\\Request))
#25 D:\\xampp7\\htdocs\\zakwanbd\\affiliate\\vendor\\laravel\\framework\\src\\Illuminate\\Pipeline\\Pipeline.php(167): Illuminate\\Cookie\\Middleware\\EncryptCookies->handle(Object(Illuminate\\Http\\Request), Object(Closure))
#26 D:\\xampp7\\htdocs\\zakwanbd\\affiliate\\vendor\\laravel\\framework\\src\\Illuminate\\Pipeline\\Pipeline.php(103): Illuminate\\Pipeline\\Pipeline->Illuminate\\Pipeline\\{closure}(Object(Illuminate\\Http\\Request))
#27 D:\\xampp7\\htdocs\\zakwanbd\\affiliate\\vendor\\laravel\\framework\\src\\Illuminate\\Routing\\Router.php(687): Illuminate\\Pipeline\\Pipeline->then(Object(Closure))
#28 D:\\xampp7\\htdocs\\zakwanbd\\affiliate\\vendor\\laravel\\framework\\src\\Illuminate\\Routing\\Router.php(662): Illuminate\\Routing\\Router->runRouteWithinStack(Object(Illuminate\\Routing\\Route), Object(Illuminate\\Http\\Request))
#29 D:\\xampp7\\htdocs\\zakwanbd\\affiliate\\vendor\\laravel\\framework\\src\\Illuminate\\Routing\\Router.php(628): Illuminate\\Routing\\Router->runRoute(Object(Illuminate\\Http\\Request), Object(Illuminate\\Routing\\Route))
#30 D:\\xampp7\\htdocs\\zakwanbd\\affiliate\\vendor\\laravel\\framework\\src\\Illuminate\\Routing\\Router.php(617): Illuminate\\Routing\\Router->dispatchToRoute(Object(Illuminate\\Http\\Request))
#31 D:\\xampp7\\htdocs\\zakwanbd\\affiliate\\vendor\\laravel\\framework\\src\\Illuminate\\Foundation\\Http\\Kernel.php(165): Illuminate\\Routing\\Router->dispatch(Object(Illuminate\\Http\\Request))
#32 D:\\xampp7\\htdocs\\zakwanbd\\affiliate\\vendor\\laravel\\framework\\src\\Illuminate\\Pipeline\\Pipeline.php(128): Illuminate\\Foundation\\Http\\Kernel->Illuminate\\Foundation\\Http\\{closure}(Object(Illuminate\\Http\\Request))
#33 D:\\xampp7\\htdocs\\zakwanbd\\affiliate\\vendor\\laravel\\framework\\src\\Illuminate\\Foundation\\Http\\Middleware\\TransformsRequest.php(21): Illuminate\\Pipeline\\Pipeline->Illuminate\\Pipeline\\{closure}(Object(Illuminate\\Http\\Request))
#34 D:\\xampp7\\htdocs\\zakwanbd\\affiliate\\vendor\\laravel\\framework\\src\\Illuminate\\Pipeline\\Pipeline.php(167): Illuminate\\Foundation\\Http\\Middleware\\TransformsRequest->handle(Object(Illuminate\\Http\\Request), Object(Closure))
#35 D:\\xampp7\\htdocs\\zakwanbd\\affiliate\\vendor\\laravel\\framework\\src\\Illuminate\\Foundation\\Http\\Middleware\\TransformsRequest.php(21): Illuminate\\Pipeline\\Pipeline->Illuminate\\Pipeline\\{closure}(Object(Illuminate\\Http\\Request))
#36 D:\\xampp7\\htdocs\\zakwanbd\\affiliate\\vendor\\laravel\\framework\\src\\Illuminate\\Pipeline\\Pipeline.php(167): Illuminate\\Foundation\\Http\\Middleware\\TransformsRequest->handle(Object(Illuminate\\Http\\Request), Object(Closure))
#37 D:\\xampp7\\htdocs\\zakwanbd\\affiliate\\vendor\\laravel\\framework\\src\\Illuminate\\Foundation\\Http\\Middleware\\ValidatePostSize.php(27): Illuminate\\Pipeline\\Pipeline->Illuminate\\Pipeline\\{closure}(Object(Illuminate\\Http\\Request))
#38 D:\\xampp7\\htdocs\\zakwanbd\\affiliate\\vendor\\laravel\\framework\\src\\Illuminate\\Pipeline\\Pipeline.php(167): Illuminate\\Foundation\\Http\\Middleware\\ValidatePostSize->handle(Object(Illuminate\\Http\\Request), Object(Closure))
#39 D:\\xampp7\\htdocs\\zakwanbd\\affiliate\\vendor\\laravel\\framework\\src\\Illuminate\\Foundation\\Http\\Middleware\\CheckForMaintenanceMode.php(63): Illuminate\\Pipeline\\Pipeline->Illuminate\\Pipeline\\{closure}(Object(Illuminate\\Http\\Request))
#40 D:\\xampp7\\htdocs\\zakwanbd\\affiliate\\vendor\\laravel\\framework\\src\\Illuminate\\Pipeline\\Pipeline.php(167): Illuminate\\Foundation\\Http\\Middleware\\CheckForMaintenanceMode->handle(Object(Illuminate\\Http\\Request), Object(Closure))
#41 D:\\xampp7\\htdocs\\zakwanbd\\affiliate\\vendor\\fruitcake\\laravel-cors\\src\\HandleCors.php(37): Illuminate\\Pipeline\\Pipeline->Illuminate\\Pipeline\\{closure}(Object(Illuminate\\Http\\Request))
#42 D:\\xampp7\\htdocs\\zakwanbd\\affiliate\\vendor\\laravel\\framework\\src\\Illuminate\\Pipeline\\Pipeline.php(167): Fruitcake\\Cors\\HandleCors->handle(Object(Illuminate\\Http\\Request), Object(Closure))
#43 D:\\xampp7\\htdocs\\zakwanbd\\affiliate\\vendor\\fideloper\\proxy\\src\\TrustProxies.php(57): Illuminate\\Pipeline\\Pipeline->Illuminate\\Pipeline\\{closure}(Object(Illuminate\\Http\\Request))
#44 D:\\xampp7\\htdocs\\zakwanbd\\affiliate\\vendor\\laravel\\framework\\src\\Illuminate\\Pipeline\\Pipeline.php(167): Fideloper\\Proxy\\TrustProxies->handle(Object(Illuminate\\Http\\Request), Object(Closure))
#45 D:\\xampp7\\htdocs\\zakwanbd\\affiliate\\vendor\\laravel\\framework\\src\\Illuminate\\Pipeline\\Pipeline.php(103): Illuminate\\Pipeline\\Pipeline->Illuminate\\Pipeline\\{closure}(Object(Illuminate\\Http\\Request))
#46 D:\\xampp7\\htdocs\\zakwanbd\\affiliate\\vendor\\laravel\\framework\\src\\Illuminate\\Foundation\\Http\\Kernel.php(140): Illuminate\\Pipeline\\Pipeline->then(Object(Closure))
#47 D:\\xampp7\\htdocs\\zakwanbd\\affiliate\\vendor\\laravel\\framework\\src\\Illuminate\\Foundation\\Http\\Kernel.php(109): Illuminate\\Foundation\\Http\\Kernel->sendRequestThroughRouter(Object(Illuminate\\Http\\Request))
#48 D:\\xampp7\\htdocs\\zakwanbd\\affiliate\\index.php(55): Illuminate\\Foundation\\Http\\Kernel->handle(Object(Illuminate\\Http\\Request))
#49 {main}

[previous exception] [object] (ParseError(code: 0): syntax error, unexpected '<', expecting ']' at D:\\xampp7\\htdocs\\zakwanbd\\affiliate\\storage\\framework\\views\\ae2b2af208f3c32828a48723c443de7bc1af3773.php:126)
[stacktrace]
#0 D:\\xampp7\\htdocs\\zakwanbd\\affiliate\\vendor\\laravel\\framework\\src\\Illuminate\\View\\Engines\\CompilerEngine.php(57): Illuminate\\View\\Engines\\PhpEngine->evaluatePath('D:\\\\xampp7\\\\htdoc...', Array)
#1 D:\\xampp7\\htdocs\\zakwanbd\\affiliate\\vendor\\facade\\ignition\\src\\Views\\Engines\\CompilerEngine.php(37): Illuminate\\View\\Engines\\CompilerEngine->get('D:\\\\xampp7\\\\htdoc...', Array)
#2 D:\\xampp7\\htdocs\\zakwanbd\\affiliate\\vendor\\laravel\\framework\\src\\Illuminate\\View\\View.php(139): Facade\\Ignition\\Views\\Engines\\CompilerEngine->get('D:\\\\xampp7\\\\htdoc...', Array)
#3 D:\\xampp7\\htdocs\\zakwanbd\\affiliate\\vendor\\laravel\\framework\\src\\Illuminate\\View\\View.php(122): Illuminate\\View\\View->getContents()
#4 D:\\xampp7\\htdocs\\zakwanbd\\affiliate\\vendor\\laravel\\framework\\src\\Illuminate\\View\\View.php(91): Illuminate\\View\\View->renderContents()
#5 D:\\xampp7\\htdocs\\zakwanbd\\affiliate\\vendor\\laravel\\framework\\src\\Illuminate\\Http\\Response.php(62): Illuminate\\View\\View->render()
#6 D:\\xampp7\\htdocs\\zakwanbd\\affiliate\\vendor\\laravel\\framework\\src\\Illuminate\\Http\\Response.php(34): Illuminate\\Http\\Response->setContent(Object(Illuminate\\View\\View))
#7 D:\\xampp7\\htdocs\\zakwanbd\\affiliate\\vendor\\laravel\\framework\\src\\Illuminate\\Routing\\Router.php(759): Illuminate\\Http\\Response->__construct(Object(Illuminate\\View\\View), 200, Array)
#8 D:\\xampp7\\htdocs\\zakwanbd\\affiliate\\vendor\\laravel\\framework\\src\\Illuminate\\Routing\\Router.php(731): Illuminate\\Routing\\Router::toResponse(Object(Illuminate\\Http\\Request), Object(Illuminate\\View\\View))
#9 D:\\xampp7\\htdocs\\zakwanbd\\affiliate\\vendor\\laravel\\framework\\src\\Illuminate\\Routing\\Router.php(685): Illuminate\\Routing\\Router->prepareResponse(Object(Illuminate\\Http\\Request), Object(Illuminate\\View\\View))
#10 D:\\xampp7\\htdocs\\zakwanbd\\affiliate\\vendor\\laravel\\framework\\src\\Illuminate\\Pipeline\\Pipeline.php(128): Illuminate\\Routing\\Router->Illuminate\\Routing\\{closure}(Object(Illuminate\\Http\\Request))
#11 D:\\xampp7\\htdocs\\zakwanbd\\affiliate\\app\\Http\\Middleware\\AdminMiddleware.php(25): Illuminate\\Pipeline\\Pipeline->Illuminate\\Pipeline\\{closure}(Object(Illuminate\\Http\\Request))
#12 D:\\xampp7\\htdocs\\zakwanbd\\affiliate\\vendor\\laravel\\framework\\src\\Illuminate\\Pipeline\\Pipeline.php(167): App\\Http\\Middleware\\AdminMiddleware->handle(Object(Illuminate\\Http\\Request), Object(Closure))
#13 D:\\xampp7\\htdocs\\zakwanbd\\affiliate\\vendor\\laravel\\framework\\src\\Illuminate\\Routing\\Middleware\\SubstituteBindings.php(41): Illuminate\\Pipeline\\Pipeline->Illuminate\\Pipeline\\{closure}(Object(Illuminate\\Http\\Request))
#14 D:\\xampp7\\htdocs\\zakwanbd\\affiliate\\vendor\\laravel\\framework\\src\\Illuminate\\Pipeline\\Pipeline.php(167): Illuminate\\Routing\\Middleware\\SubstituteBindings->handle(Object(Illuminate\\Http\\Request), Object(Closure))
#15 D:\\xampp7\\htdocs\\zakwanbd\\affiliate\\vendor\\laravel\\framework\\src\\Illuminate\\Foundation\\Http\\Middleware\\VerifyCsrfToken.php(78): Illuminate\\Pipeline\\Pipeline->Illuminate\\Pipeline\\{closure}(Object(Illuminate\\Http\\Request))
#16 D:\\xampp7\\htdocs\\zakwanbd\\affiliate\\vendor\\laravel\\framework\\src\\Illuminate\\Pipeline\\Pipeline.php(167): Illuminate\\Foundation\\Http\\Middleware\\VerifyCsrfToken->handle(Object(Illuminate\\Http\\Request), Object(Closure))
#17 D:\\xampp7\\htdocs\\zakwanbd\\affiliate\\vendor\\laravel\\framework\\src\\Illuminate\\View\\Middleware\\ShareErrorsFromSession.php(49): Illuminate\\Pipeline\\Pipeline->Illuminate\\Pipeline\\{closure}(Object(Illuminate\\Http\\Request))
#18 D:\\xampp7\\htdocs\\zakwanbd\\affiliate\\vendor\\laravel\\framework\\src\\Illuminate\\Pipeline\\Pipeline.php(167): Illuminate\\View\\Middleware\\ShareErrorsFromSession->handle(Object(Illuminate\\Http\\Request), Object(Closure))
#19 D:\\xampp7\\htdocs\\zakwanbd\\affiliate\\vendor\\laravel\\framework\\src\\Illuminate\\Session\\Middleware\\StartSession.php(116): Illuminate\\Pipeline\\Pipeline->Illuminate\\Pipeline\\{closure}(Object(Illuminate\\Http\\Request))
#20 D:\\xampp7\\htdocs\\zakwanbd\\affiliate\\vendor\\laravel\\framework\\src\\Illuminate\\Session\\Middleware\\StartSession.php(62): Illuminate\\Session\\Middleware\\StartSession->handleStatefulRequest(Object(Illuminate\\Http\\Request), Object(Illuminate\\Session\\Store), Object(Closure))
#21 D:\\xampp7\\htdocs\\zakwanbd\\affiliate\\vendor\\laravel\\framework\\src\\Illuminate\\Pipeline\\Pipeline.php(167): Illuminate\\Session\\Middleware\\StartSession->handle(Object(Illuminate\\Http\\Request), Object(Closure))
#22 D:\\xampp7\\htdocs\\zakwanbd\\affiliate\\vendor\\laravel\\framework\\src\\Illuminate\\Cookie\\Middleware\\AddQueuedCookiesToResponse.php(37): Illuminate\\Pipeline\\Pipeline->Illuminate\\Pipeline\\{closure}(Object(Illuminate\\Http\\Request))
#23 D:\\xampp7\\htdocs\\zakwanbd\\affiliate\\vendor\\laravel\\framework\\src\\Illuminate\\Pipeline\\Pipeline.php(167): Illuminate\\Cookie\\Middleware\\AddQueuedCookiesToResponse->handle(Object(Illuminate\\Http\\Request), Object(Closure))
#24 D:\\xampp7\\htdocs\\zakwanbd\\affiliate\\vendor\\laravel\\framework\\src\\Illuminate\\Cookie\\Middleware\\EncryptCookies.php(67): Illuminate\\Pipeline\\Pipeline->Illuminate\\Pipeline\\{closure}(Object(Illuminate\\Http\\Request))
#25 D:\\xampp7\\htdocs\\zakwanbd\\affiliate\\vendor\\laravel\\framework\\src\\Illuminate\\Pipeline\\Pipeline.php(167): Illuminate\\Cookie\\Middleware\\EncryptCookies->handle(Object(Illuminate\\Http\\Request), Object(Closure))
#26 D:\\xampp7\\htdocs\\zakwanbd\\affiliate\\vendor\\laravel\\framework\\src\\Illuminate\\Pipeline\\Pipeline.php(103): Illuminate\\Pipeline\\Pipeline->Illuminate\\Pipeline\\{closure}(Object(Illuminate\\Http\\Request))
#27 D:\\xampp7\\htdocs\\zakwanbd\\affiliate\\vendor\\laravel\\framework\\src\\Illuminate\\Routing\\Router.php(687): Illuminate\\Pipeline\\Pipeline->then(Object(Closure))
#28 D:\\xampp7\\htdocs\\zakwanbd\\affiliate\\vendor\\laravel\\framework\\src\\Illuminate\\Routing\\Router.php(662): Illuminate\\Routing\\Router->runRouteWithinStack(Object(Illuminate\\Routing\\Route), Object(Illuminate\\Http\\Request))
#29 D:\\xampp7\\htdocs\\zakwanbd\\affiliate\\vendor\\laravel\\framework\\src\\Illuminate\\Routing\\Router.php(628): Illuminate\\Routing\\Router->runRoute(Object(Illuminate\\Http\\Request), Object(Illuminate\\Routing\\Route))
#30 D:\\xampp7\\htdocs\\zakwanbd\\affiliate\\vendor\\laravel\\framework\\src\\Illuminate\\Routing\\Router.php(617): Illuminate\\Routing\\Router->dispatchToRoute(Object(Illuminate\\Http\\Request))
#31 D:\\xampp7\\htdocs\\zakwanbd\\affiliate\\vendor\\laravel\\framework\\src\\Illuminate\\Foundation\\Http\\Kernel.php(165): Illuminate\\Routing\\Router->dispatch(Object(Illuminate\\Http\\Request))
#32 D:\\xampp7\\htdocs\\zakwanbd\\affiliate\\vendor\\laravel\\framework\\src\\Illuminate\\Pipeline\\Pipeline.php(128): Illuminate\\Foundation\\Http\\Kernel->Illuminate\\Foundation\\Http\\{closure}(Object(Illuminate\\Http\\Request))
#33 D:\\xampp7\\htdocs\\zakwanbd\\affiliate\\vendor\\laravel\\framework\\src\\Illuminate\\Foundation\\Http\\Middleware\\TransformsRequest.php(21): Illuminate\\Pipeline\\Pipeline->Illuminate\\Pipeline\\{closure}(Object(Illuminate\\Http\\Request))
#34 D:\\xampp7\\htdocs\\zakwanbd\\affiliate\\vendor\\laravel\\framework\\src\\Illuminate\\Pipeline\\Pipeline.php(167): Illuminate\\Foundation\\Http\\Middleware\\TransformsRequest->handle(Object(Illuminate\\Http\\Request), Object(Closure))
#35 D:\\xampp7\\htdocs\\zakwanbd\\affiliate\\vendor\\laravel\\framework\\src\\Illuminate\\Foundation\\Http\\Middleware\\TransformsRequest.php(21): Illuminate\\Pipeline\\Pipeline->Illuminate\\Pipeline\\{closure}(Object(Illuminate\\Http\\Request))
#36 D:\\xampp7\\htdocs\\zakwanbd\\affiliate\\vendor\\laravel\\framework\\src\\Illuminate\\Pipeline\\Pipeline.php(167): Illuminate\\Foundation\\Http\\Middleware\\TransformsRequest->handle(Object(Illuminate\\Http\\Request), Object(Closure))
#37 D:\\xampp7\\htdocs\\zakwanbd\\affiliate\\vendor\\laravel\\framework\\src\\Illuminate\\Foundation\\Http\\Middleware\\ValidatePostSize.php(27): Illuminate\\Pipeline\\Pipeline->Illuminate\\Pipeline\\{closure}(Object(Illuminate\\Http\\Request))
#38 D:\\xampp7\\htdocs\\zakwanbd\\affiliate\\vendor\\laravel\\framework\\src\\Illuminate\\Pipeline\\Pipeline.php(167): Illuminate\\Foundation\\Http\\Middleware\\ValidatePostSize->handle(Object(Illuminate\\Http\\Request), Object(Closure))
#39 D:\\xampp7\\htdocs\\zakwanbd\\affiliate\\vendor\\laravel\\framework\\src\\Illuminate\\Foundation\\Http\\Middleware\\CheckForMaintenanceMode.php(63): Illuminate\\Pipeline\\Pipeline->Illuminate\\Pipeline\\{closure}(Object(Illuminate\\Http\\Request))
#40 D:\\xampp7\\htdocs\\zakwanbd\\affiliate\\vendor\\laravel\\framework\\src\\Illuminate\\Pipeline\\Pipeline.php(167): Illuminate\\Foundation\\Http\\Middleware\\CheckForMaintenanceMode->handle(Object(Illuminate\\Http\\Request), Object(Closure))
#41 D:\\xampp7\\htdocs\\zakwanbd\\affiliate\\vendor\\fruitcake\\laravel-cors\\src\\HandleCors.php(37): Illuminate\\Pipeline\\Pipeline->Illuminate\\Pipeline\\{closure}(Object(Illuminate\\Http\\Request))
#42 D:\\xampp7\\htdocs\\zakwanbd\\affiliate\\vendor\\laravel\\framework\\src\\Illuminate\\Pipeline\\Pipeline.php(167): Fruitcake\\Cors\\HandleCors->handle(Object(Illuminate\\Http\\Request), Object(Closure))
#43 D:\\xampp7\\htdocs\\zakwanbd\\affiliate\\vendor\\fideloper\\proxy\\src\\TrustProxies.php(57): Illuminate\\Pipeline\\Pipeline->Illuminate\\Pipeline\\{closure}(Object(Illuminate\\Http\\Request))
#44 D:\\xampp7\\htdocs\\zakwanbd\\affiliate\\vendor\\laravel\\framework\\src\\Illuminate\\Pipeline\\Pipeline.php(167): Fideloper\\Proxy\\TrustProxies->handle(Object(Illuminate\\Http\\Request), Object(Closure))
#45 D:\\xampp7\\htdocs\\zakwanbd\\affiliate\\vendor\\laravel\\framework\\src\\Illuminate\\Pipeline\\Pipeline.php(103): Illuminate\\Pipeline\\Pipeline->Illuminate\\Pipeline\\{closure}(Object(Illuminate\\Http\\Request))
#46 D:\\xampp7\\htdocs\\zakwanbd\\affiliate\\vendor\\laravel\\framework\\src\\Illuminate\\Foundation\\Http\\Kernel.php(140): Illuminate\\Pipeline\\Pipeline->then(Object(Closure))
#47 D:\\xampp7\\htdocs\\zakwanbd\\affiliate\\vendor\\laravel\\framework\\src\\Illuminate\\Foundation\\Http\\Kernel.php(109): Illuminate\\Foundation\\Http\\Kernel->sendRequestThroughRouter(Object(Illuminate\\Http\\Request))
#48 D:\\xampp7\\htdocs\\zakwanbd\\affiliate\\index.php(55): Illuminate\\Foundation\\Http\\Kernel->handle(Object(Illuminate\\Http\\Request))
#49 {main}
"} 
[2025-04-14 13:53:35] local.ERROR: Undefined property: stdClass::$income_label_1 (View: D:\xampp7\htdocs\zakwanbd\affiliate\resources\views\layouts\affiliate_dashboard_1.blade.php) {"exception":"[object] (Facade\\Ignition\\Exceptions\\ViewException(code: 0): Undefined property: stdClass::$income_label_1 (View: D:\\xampp7\\htdocs\\zakwanbd\\affiliate\esources\\views\\layouts\\affiliate_dashboard_1.blade.php) at D:\\xampp7\\htdocs\\zakwanbd\\affiliate\esources\\views/layouts/affiliate_dashboard_1.blade.php:137)
[stacktrace]
#0 D:\\xampp7\\htdocs\\zakwanbd\\affiliate\esources\\views/layouts/affiliate_dashboard_1.blade.php(137): Illuminate\\Foundation\\Bootstrap\\HandleExceptions->handleError(8, 'Undefined prope...', 'D:\\\\xampp7\\\\htdoc...', 137, Array)
#1 D:\\xampp7\\htdocs\\zakwanbd\\affiliate\\vendor\\laravel\\framework\\src\\Illuminate\\View\\Engines\\PhpEngine.php(41): include('D:\\\\xampp7\\\\htdoc...')
#2 D:\\xampp7\\htdocs\\zakwanbd\\affiliate\\vendor\\laravel\\framework\\src\\Illuminate\\View\\Engines\\CompilerEngine.php(57): Illuminate\\View\\Engines\\PhpEngine->evaluatePath('D:\\\\xampp7\\\\htdoc...', Array)
#3 D:\\xampp7\\htdocs\\zakwanbd\\affiliate\\vendor\\facade\\ignition\\src\\Views\\Engines\\CompilerEngine.php(37): Illuminate\\View\\Engines\\CompilerEngine->get('D:\\\\xampp7\\\\htdoc...', Array)
#4 D:\\xampp7\\htdocs\\zakwanbd\\affiliate\\vendor\\laravel\\framework\\src\\Illuminate\\View\\View.php(139): Facade\\Ignition\\Views\\Engines\\CompilerEngine->get('D:\\\\xampp7\\\\htdoc...', Array)
#5 D:\\xampp7\\htdocs\\zakwanbd\\affiliate\\vendor\\laravel\\framework\\src\\Illuminate\\View\\View.php(122): Illuminate\\View\\View->getContents()
#6 D:\\xampp7\\htdocs\\zakwanbd\\affiliate\\vendor\\laravel\\framework\\src\\Illuminate\\View\\View.php(91): Illuminate\\View\\View->renderContents()
#7 D:\\xampp7\\htdocs\\zakwanbd\\affiliate\\vendor\\laravel\\framework\\src\\Illuminate\\Http\\Response.php(62): Illuminate\\View\\View->render()
#8 D:\\xampp7\\htdocs\\zakwanbd\\affiliate\\vendor\\laravel\\framework\\src\\Illuminate\\Http\\Response.php(34): Illuminate\\Http\\Response->setContent(Object(Illuminate\\View\\View))
#9 D:\\xampp7\\htdocs\\zakwanbd\\affiliate\\vendor\\laravel\\framework\\src\\Illuminate\\Routing\\Router.php(759): Illuminate\\Http\\Response->__construct(Object(Illuminate\\View\\View), 200, Array)
#10 D:\\xampp7\\htdocs\\zakwanbd\\affiliate\\vendor\\laravel\\framework\\src\\Illuminate\\Routing\\Router.php(731): Illuminate\\Routing\\Router::toResponse(Object(Illuminate\\Http\\Request), Object(Illuminate\\View\\View))
#11 D:\\xampp7\\htdocs\\zakwanbd\\affiliate\\vendor\\laravel\\framework\\src\\Illuminate\\Routing\\Router.php(685): Illuminate\\Routing\\Router->prepareResponse(Object(Illuminate\\Http\\Request), Object(Illuminate\\View\\View))
#12 D:\\xampp7\\htdocs\\zakwanbd\\affiliate\\vendor\\laravel\\framework\\src\\Illuminate\\Pipeline\\Pipeline.php(128): Illuminate\\Routing\\Router->Illuminate\\Routing\\{closure}(Object(Illuminate\\Http\\Request))
#13 D:\\xampp7\\htdocs\\zakwanbd\\affiliate\\app\\Http\\Middleware\\AdminMiddleware.php(25): Illuminate\\Pipeline\\Pipeline->Illuminate\\Pipeline\\{closure}(Object(Illuminate\\Http\\Request))
#14 D:\\xampp7\\htdocs\\zakwanbd\\affiliate\\vendor\\laravel\\framework\\src\\Illuminate\\Pipeline\\Pipeline.php(167): App\\Http\\Middleware\\AdminMiddleware->handle(Object(Illuminate\\Http\\Request), Object(Closure))
#15 D:\\xampp7\\htdocs\\zakwanbd\\affiliate\\vendor\\laravel\\framework\\src\\Illuminate\\Routing\\Middleware\\SubstituteBindings.php(41): Illuminate\\Pipeline\\Pipeline->Illuminate\\Pipeline\\{closure}(Object(Illuminate\\Http\\Request))
#16 D:\\xampp7\\htdocs\\zakwanbd\\affiliate\\vendor\\laravel\\framework\\src\\Illuminate\\Pipeline\\Pipeline.php(167): Illuminate\\Routing\\Middleware\\SubstituteBindings->handle(Object(Illuminate\\Http\\Request), Object(Closure))
#17 D:\\xampp7\\htdocs\\zakwanbd\\affiliate\\vendor\\laravel\\framework\\src\\Illuminate\\Foundation\\Http\\Middleware\\VerifyCsrfToken.php(78): Illuminate\\Pipeline\\Pipeline->Illuminate\\Pipeline\\{closure}(Object(Illuminate\\Http\\Request))
#18 D:\\xampp7\\htdocs\\zakwanbd\\affiliate\\vendor\\laravel\\framework\\src\\Illuminate\\Pipeline\\Pipeline.php(167): Illuminate\\Foundation\\Http\\Middleware\\VerifyCsrfToken->handle(Object(Illuminate\\Http\\Request), Object(Closure))
#19 D:\\xampp7\\htdocs\\zakwanbd\\affiliate\\vendor\\laravel\\framework\\src\\Illuminate\\View\\Middleware\\ShareErrorsFromSession.php(49): Illuminate\\Pipeline\\Pipeline->Illuminate\\Pipeline\\{closure}(Object(Illuminate\\Http\\Request))
#20 D:\\xampp7\\htdocs\\zakwanbd\\affiliate\\vendor\\laravel\\framework\\src\\Illuminate\\Pipeline\\Pipeline.php(167): Illuminate\\View\\Middleware\\ShareErrorsFromSession->handle(Object(Illuminate\\Http\\Request), Object(Closure))
#21 D:\\xampp7\\htdocs\\zakwanbd\\affiliate\\vendor\\laravel\\framework\\src\\Illuminate\\Session\\Middleware\\StartSession.php(116): Illuminate\\Pipeline\\Pipeline->Illuminate\\Pipeline\\{closure}(Object(Illuminate\\Http\\Request))
#22 D:\\xampp7\\htdocs\\zakwanbd\\affiliate\\vendor\\laravel\\framework\\src\\Illuminate\\Session\\Middleware\\StartSession.php(62): Illuminate\\Session\\Middleware\\StartSession->handleStatefulRequest(Object(Illuminate\\Http\\Request), Object(Illuminate\\Session\\Store), Object(Closure))
#23 D:\\xampp7\\htdocs\\zakwanbd\\affiliate\\vendor\\laravel\\framework\\src\\Illuminate\\Pipeline\\Pipeline.php(167): Illuminate\\Session\\Middleware\\StartSession->handle(Object(Illuminate\\Http\\Request), Object(Closure))
#24 D:\\xampp7\\htdocs\\zakwanbd\\affiliate\\vendor\\laravel\\framework\\src\\Illuminate\\Cookie\\Middleware\\AddQueuedCookiesToResponse.php(37): Illuminate\\Pipeline\\Pipeline->Illuminate\\Pipeline\\{closure}(Object(Illuminate\\Http\\Request))
#25 D:\\xampp7\\htdocs\\zakwanbd\\affiliate\\vendor\\laravel\\framework\\src\\Illuminate\\Pipeline\\Pipeline.php(167): Illuminate\\Cookie\\Middleware\\AddQueuedCookiesToResponse->handle(Object(Illuminate\\Http\\Request), Object(Closure))
#26 D:\\xampp7\\htdocs\\zakwanbd\\affiliate\\vendor\\laravel\\framework\\src\\Illuminate\\Cookie\\Middleware\\EncryptCookies.php(67): Illuminate\\Pipeline\\Pipeline->Illuminate\\Pipeline\\{closure}(Object(Illuminate\\Http\\Request))
#27 D:\\xampp7\\htdocs\\zakwanbd\\affiliate\\vendor\\laravel\\framework\\src\\Illuminate\\Pipeline\\Pipeline.php(167): Illuminate\\Cookie\\Middleware\\EncryptCookies->handle(Object(Illuminate\\Http\\Request), Object(Closure))
#28 D:\\xampp7\\htdocs\\zakwanbd\\affiliate\\vendor\\laravel\\framework\\src\\Illuminate\\Pipeline\\Pipeline.php(103): Illuminate\\Pipeline\\Pipeline->Illuminate\\Pipeline\\{closure}(Object(Illuminate\\Http\\Request))
#29 D:\\xampp7\\htdocs\\zakwanbd\\affiliate\\vendor\\laravel\\framework\\src\\Illuminate\\Routing\\Router.php(687): Illuminate\\Pipeline\\Pipeline->then(Object(Closure))
#30 D:\\xampp7\\htdocs\\zakwanbd\\affiliate\\vendor\\laravel\\framework\\src\\Illuminate\\Routing\\Router.php(662): Illuminate\\Routing\\Router->runRouteWithinStack(Object(Illuminate\\Routing\\Route), Object(Illuminate\\Http\\Request))
#31 D:\\xampp7\\htdocs\\zakwanbd\\affiliate\\vendor\\laravel\\framework\\src\\Illuminate\\Routing\\Router.php(628): Illuminate\\Routing\\Router->runRoute(Object(Illuminate\\Http\\Request), Object(Illuminate\\Routing\\Route))
#32 D:\\xampp7\\htdocs\\zakwanbd\\affiliate\\vendor\\laravel\\framework\\src\\Illuminate\\Routing\\Router.php(617): Illuminate\\Routing\\Router->dispatchToRoute(Object(Illuminate\\Http\\Request))
#33 D:\\xampp7\\htdocs\\zakwanbd\\affiliate\\vendor\\laravel\\framework\\src\\Illuminate\\Foundation\\Http\\Kernel.php(165): Illuminate\\Routing\\Router->dispatch(Object(Illuminate\\Http\\Request))
#34 D:\\xampp7\\htdocs\\zakwanbd\\affiliate\\vendor\\laravel\\framework\\src\\Illuminate\\Pipeline\\Pipeline.php(128): Illuminate\\Foundation\\Http\\Kernel->Illuminate\\Foundation\\Http\\{closure}(Object(Illuminate\\Http\\Request))
#35 D:\\xampp7\\htdocs\\zakwanbd\\affiliate\\vendor\\laravel\\framework\\src\\Illuminate\\Foundation\\Http\\Middleware\\TransformsRequest.php(21): Illuminate\\Pipeline\\Pipeline->Illuminate\\Pipeline\\{closure}(Object(Illuminate\\Http\\Request))
#36 D:\\xampp7\\htdocs\\zakwanbd\\affiliate\\vendor\\laravel\\framework\\src\\Illuminate\\Pipeline\\Pipeline.php(167): Illuminate\\Foundation\\Http\\Middleware\\TransformsRequest->handle(Object(Illuminate\\Http\\Request), Object(Closure))
#37 D:\\xampp7\\htdocs\\zakwanbd\\affiliate\\vendor\\laravel\\framework\\src\\Illuminate\\Foundation\\Http\\Middleware\\TransformsRequest.php(21): Illuminate\\Pipeline\\Pipeline->Illuminate\\Pipeline\\{closure}(Object(Illuminate\\Http\\Request))
#38 D:\\xampp7\\htdocs\\zakwanbd\\affiliate\\vendor\\laravel\\framework\\src\\Illuminate\\Pipeline\\Pipeline.php(167): Illuminate\\Foundation\\Http\\Middleware\\TransformsRequest->handle(Object(Illuminate\\Http\\Request), Object(Closure))
#39 D:\\xampp7\\htdocs\\zakwanbd\\affiliate\\vendor\\laravel\\framework\\src\\Illuminate\\Foundation\\Http\\Middleware\\ValidatePostSize.php(27): Illuminate\\Pipeline\\Pipeline->Illuminate\\Pipeline\\{closure}(Object(Illuminate\\Http\\Request))
#40 D:\\xampp7\\htdocs\\zakwanbd\\affiliate\\vendor\\laravel\\framework\\src\\Illuminate\\Pipeline\\Pipeline.php(167): Illuminate\\Foundation\\Http\\Middleware\\ValidatePostSize->handle(Object(Illuminate\\Http\\Request), Object(Closure))
#41 D:\\xampp7\\htdocs\\zakwanbd\\affiliate\\vendor\\laravel\\framework\\src\\Illuminate\\Foundation\\Http\\Middleware\\CheckForMaintenanceMode.php(63): Illuminate\\Pipeline\\Pipeline->Illuminate\\Pipeline\\{closure}(Object(Illuminate\\Http\\Request))
#42 D:\\xampp7\\htdocs\\zakwanbd\\affiliate\\vendor\\laravel\\framework\\src\\Illuminate\\Pipeline\\Pipeline.php(167): Illuminate\\Foundation\\Http\\Middleware\\CheckForMaintenanceMode->handle(Object(Illuminate\\Http\\Request), Object(Closure))
#43 D:\\xampp7\\htdocs\\zakwanbd\\affiliate\\vendor\\fruitcake\\laravel-cors\\src\\HandleCors.php(37): Illuminate\\Pipeline\\Pipeline->Illuminate\\Pipeline\\{closure}(Object(Illuminate\\Http\\Request))
#44 D:\\xampp7\\htdocs\\zakwanbd\\affiliate\\vendor\\laravel\\framework\\src\\Illuminate\\Pipeline\\Pipeline.php(167): Fruitcake\\Cors\\HandleCors->handle(Object(Illuminate\\Http\\Request), Object(Closure))
#45 D:\\xampp7\\htdocs\\zakwanbd\\affiliate\\vendor\\fideloper\\proxy\\src\\TrustProxies.php(57): Illuminate\\Pipeline\\Pipeline->Illuminate\\Pipeline\\{closure}(Object(Illuminate\\Http\\Request))
#46 D:\\xampp7\\htdocs\\zakwanbd\\affiliate\\vendor\\laravel\\framework\\src\\Illuminate\\Pipeline\\Pipeline.php(167): Fideloper\\Proxy\\TrustProxies->handle(Object(Illuminate\\Http\\Request), Object(Closure))
#47 D:\\xampp7\\htdocs\\zakwanbd\\affiliate\\vendor\\laravel\\framework\\src\\Illuminate\\Pipeline\\Pipeline.php(103): Illuminate\\Pipeline\\Pipeline->Illuminate\\Pipeline\\{closure}(Object(Illuminate\\Http\\Request))
#48 D:\\xampp7\\htdocs\\zakwanbd\\affiliate\\vendor\\laravel\\framework\\src\\Illuminate\\Foundation\\Http\\Kernel.php(140): Illuminate\\Pipeline\\Pipeline->then(Object(Closure))
#49 D:\\xampp7\\htdocs\\zakwanbd\\affiliate\\vendor\\laravel\\framework\\src\\Illuminate\\Foundation\\Http\\Kernel.php(109): Illuminate\\Foundation\\Http\\Kernel->sendRequestThroughRouter(Object(Illuminate\\Http\\Request))
#50 D:\\xampp7\\htdocs\\zakwanbd\\affiliate\\index.php(55): Illuminate\\Foundation\\Http\\Kernel->handle(Object(Illuminate\\Http\\Request))
#51 {main}

[previous exception] [object] (ErrorException(code: 0): Undefined property: stdClass::$income_label_1 at D:\\xampp7\\htdocs\\zakwanbd\\affiliate\\storage\\framework\\views\\ae2b2af208f3c32828a48723c443de7bc1af3773.php:137)
[stacktrace]
#0 D:\\xampp7\\htdocs\\zakwanbd\\affiliate\\storage\\framework\\views\\ae2b2af208f3c32828a48723c443de7bc1af3773.php(137): Illuminate\\Foundation\\Bootstrap\\HandleExceptions->handleError(8, 'Undefined prope...', 'D:\\\\xampp7\\\\htdoc...', 137, Array)
#1 D:\\xampp7\\htdocs\\zakwanbd\\affiliate\\vendor\\laravel\\framework\\src\\Illuminate\\View\\Engines\\PhpEngine.php(41): include('D:\\\\xampp7\\\\htdoc...')
#2 D:\\xampp7\\htdocs\\zakwanbd\\affiliate\\vendor\\laravel\\framework\\src\\Illuminate\\View\\Engines\\CompilerEngine.php(57): Illuminate\\View\\Engines\\PhpEngine->evaluatePath('D:\\\\xampp7\\\\htdoc...', Array)
#3 D:\\xampp7\\htdocs\\zakwanbd\\affiliate\\vendor\\facade\\ignition\\src\\Views\\Engines\\CompilerEngine.php(37): Illuminate\\View\\Engines\\CompilerEngine->get('D:\\\\xampp7\\\\htdoc...', Array)
#4 D:\\xampp7\\htdocs\\zakwanbd\\affiliate\\vendor\\laravel\\framework\\src\\Illuminate\\View\\View.php(139): Facade\\Ignition\\Views\\Engines\\CompilerEngine->get('D:\\\\xampp7\\\\htdoc...', Array)
#5 D:\\xampp7\\htdocs\\zakwanbd\\affiliate\\vendor\\laravel\\framework\\src\\Illuminate\\View\\View.php(122): Illuminate\\View\\View->getContents()
#6 D:\\xampp7\\htdocs\\zakwanbd\\affiliate\\vendor\\laravel\\framework\\src\\Illuminate\\View\\View.php(91): Illuminate\\View\\View->renderContents()
#7 D:\\xampp7\\htdocs\\zakwanbd\\affiliate\\vendor\\laravel\\framework\\src\\Illuminate\\Http\\Response.php(62): Illuminate\\View\\View->render()
#8 D:\\xampp7\\htdocs\\zakwanbd\\affiliate\\vendor\\laravel\\framework\\src\\Illuminate\\Http\\Response.php(34): Illuminate\\Http\\Response->setContent(Object(Illuminate\\View\\View))
#9 D:\\xampp7\\htdocs\\zakwanbd\\affiliate\\vendor\\laravel\\framework\\src\\Illuminate\\Routing\\Router.php(759): Illuminate\\Http\\Response->__construct(Object(Illuminate\\View\\View), 200, Array)
#10 D:\\xampp7\\htdocs\\zakwanbd\\affiliate\\vendor\\laravel\\framework\\src\\Illuminate\\Routing\\Router.php(731): Illuminate\\Routing\\Router::toResponse(Object(Illuminate\\Http\\Request), Object(Illuminate\\View\\View))
#11 D:\\xampp7\\htdocs\\zakwanbd\\affiliate\\vendor\\laravel\\framework\\src\\Illuminate\\Routing\\Router.php(685): Illuminate\\Routing\\Router->prepareResponse(Object(Illuminate\\Http\\Request), Object(Illuminate\\View\\View))
#12 D:\\xampp7\\htdocs\\zakwanbd\\affiliate\\vendor\\laravel\\framework\\src\\Illuminate\\Pipeline\\Pipeline.php(128): Illuminate\\Routing\\Router->Illuminate\\Routing\\{closure}(Object(Illuminate\\Http\\Request))
#13 D:\\xampp7\\htdocs\\zakwanbd\\affiliate\\app\\Http\\Middleware\\AdminMiddleware.php(25): Illuminate\\Pipeline\\Pipeline->Illuminate\\Pipeline\\{closure}(Object(Illuminate\\Http\\Request))
#14 D:\\xampp7\\htdocs\\zakwanbd\\affiliate\\vendor\\laravel\\framework\\src\\Illuminate\\Pipeline\\Pipeline.php(167): App\\Http\\Middleware\\AdminMiddleware->handle(Object(Illuminate\\Http\\Request), Object(Closure))
#15 D:\\xampp7\\htdocs\\zakwanbd\\affiliate\\vendor\\laravel\\framework\\src\\Illuminate\\Routing\\Middleware\\SubstituteBindings.php(41): Illuminate\\Pipeline\\Pipeline->Illuminate\\Pipeline\\{closure}(Object(Illuminate\\Http\\Request))
#16 D:\\xampp7\\htdocs\\zakwanbd\\affiliate\\vendor\\laravel\\framework\\src\\Illuminate\\Pipeline\\Pipeline.php(167): Illuminate\\Routing\\Middleware\\SubstituteBindings->handle(Object(Illuminate\\Http\\Request), Object(Closure))
#17 D:\\xampp7\\htdocs\\zakwanbd\\affiliate\\vendor\\laravel\\framework\\src\\Illuminate\\Foundation\\Http\\Middleware\\VerifyCsrfToken.php(78): Illuminate\\Pipeline\\Pipeline->Illuminate\\Pipeline\\{closure}(Object(Illuminate\\Http\\Request))
#18 D:\\xampp7\\htdocs\\zakwanbd\\affiliate\\vendor\\laravel\\framework\\src\\Illuminate\\Pipeline\\Pipeline.php(167): Illuminate\\Foundation\\Http\\Middleware\\VerifyCsrfToken->handle(Object(Illuminate\\Http\\Request), Object(Closure))
#19 D:\\xampp7\\htdocs\\zakwanbd\\affiliate\\vendor\\laravel\\framework\\src\\Illuminate\\View\\Middleware\\ShareErrorsFromSession.php(49): Illuminate\\Pipeline\\Pipeline->Illuminate\\Pipeline\\{closure}(Object(Illuminate\\Http\\Request))
#20 D:\\xampp7\\htdocs\\zakwanbd\\affiliate\\vendor\\laravel\\framework\\src\\Illuminate\\Pipeline\\Pipeline.php(167): Illuminate\\View\\Middleware\\ShareErrorsFromSession->handle(Object(Illuminate\\Http\\Request), Object(Closure))
#21 D:\\xampp7\\htdocs\\zakwanbd\\affiliate\\vendor\\laravel\\framework\\src\\Illuminate\\Session\\Middleware\\StartSession.php(116): Illuminate\\Pipeline\\Pipeline->Illuminate\\Pipeline\\{closure}(Object(Illuminate\\Http\\Request))
#22 D:\\xampp7\\htdocs\\zakwanbd\\affiliate\\vendor\\laravel\\framework\\src\\Illuminate\\Session\\Middleware\\StartSession.php(62): Illuminate\\Session\\Middleware\\StartSession->handleStatefulRequest(Object(Illuminate\\Http\\Request), Object(Illuminate\\Session\\Store), Object(Closure))
#23 D:\\xampp7\\htdocs\\zakwanbd\\affiliate\\vendor\\laravel\\framework\\src\\Illuminate\\Pipeline\\Pipeline.php(167): Illuminate\\Session\\Middleware\\StartSession->handle(Object(Illuminate\\Http\\Request), Object(Closure))
#24 D:\\xampp7\\htdocs\\zakwanbd\\affiliate\\vendor\\laravel\\framework\\src\\Illuminate\\Cookie\\Middleware\\AddQueuedCookiesToResponse.php(37): Illuminate\\Pipeline\\Pipeline->Illuminate\\Pipeline\\{closure}(Object(Illuminate\\Http\\Request))
#25 D:\\xampp7\\htdocs\\zakwanbd\\affiliate\\vendor\\laravel\\framework\\src\\Illuminate\\Pipeline\\Pipeline.php(167): Illuminate\\Cookie\\Middleware\\AddQueuedCookiesToResponse->handle(Object(Illuminate\\Http\\Request), Object(Closure))
#26 D:\\xampp7\\htdocs\\zakwanbd\\affiliate\\vendor\\laravel\\framework\\src\\Illuminate\\Cookie\\Middleware\\EncryptCookies.php(67): Illuminate\\Pipeline\\Pipeline->Illuminate\\Pipeline\\{closure}(Object(Illuminate\\Http\\Request))
#27 D:\\xampp7\\htdocs\\zakwanbd\\affiliate\\vendor\\laravel\\framework\\src\\Illuminate\\Pipeline\\Pipeline.php(167): Illuminate\\Cookie\\Middleware\\EncryptCookies->handle(Object(Illuminate\\Http\\Request), Object(Closure))
#28 D:\\xampp7\\htdocs\\zakwanbd\\affiliate\\vendor\\laravel\\framework\\src\\Illuminate\\Pipeline\\Pipeline.php(103): Illuminate\\Pipeline\\Pipeline->Illuminate\\Pipeline\\{closure}(Object(Illuminate\\Http\\Request))
#29 D:\\xampp7\\htdocs\\zakwanbd\\affiliate\\vendor\\laravel\\framework\\src\\Illuminate\\Routing\\Router.php(687): Illuminate\\Pipeline\\Pipeline->then(Object(Closure))
#30 D:\\xampp7\\htdocs\\zakwanbd\\affiliate\\vendor\\laravel\\framework\\src\\Illuminate\\Routing\\Router.php(662): Illuminate\\Routing\\Router->runRouteWithinStack(Object(Illuminate\\Routing\\Route), Object(Illuminate\\Http\\Request))
#31 D:\\xampp7\\htdocs\\zakwanbd\\affiliate\\vendor\\laravel\\framework\\src\\Illuminate\\Routing\\Router.php(628): Illuminate\\Routing\\Router->runRoute(Object(Illuminate\\Http\\Request), Object(Illuminate\\Routing\\Route))
#32 D:\\xampp7\\htdocs\\zakwanbd\\affiliate\\vendor\\laravel\\framework\\src\\Illuminate\\Routing\\Router.php(617): Illuminate\\Routing\\Router->dispatchToRoute(Object(Illuminate\\Http\\Request))
#33 D:\\xampp7\\htdocs\\zakwanbd\\affiliate\\vendor\\laravel\\framework\\src\\Illuminate\\Foundation\\Http\\Kernel.php(165): Illuminate\\Routing\\Router->dispatch(Object(Illuminate\\Http\\Request))
#34 D:\\xampp7\\htdocs\\zakwanbd\\affiliate\\vendor\\laravel\\framework\\src\\Illuminate\\Pipeline\\Pipeline.php(128): Illuminate\\Foundation\\Http\\Kernel->Illuminate\\Foundation\\Http\\{closure}(Object(Illuminate\\Http\\Request))
#35 D:\\xampp7\\htdocs\\zakwanbd\\affiliate\\vendor\\laravel\\framework\\src\\Illuminate\\Foundation\\Http\\Middleware\\TransformsRequest.php(21): Illuminate\\Pipeline\\Pipeline->Illuminate\\Pipeline\\{closure}(Object(Illuminate\\Http\\Request))
#36 D:\\xampp7\\htdocs\\zakwanbd\\affiliate\\vendor\\laravel\\framework\\src\\Illuminate\\Pipeline\\Pipeline.php(167): Illuminate\\Foundation\\Http\\Middleware\\TransformsRequest->handle(Object(Illuminate\\Http\\Request), Object(Closure))
#37 D:\\xampp7\\htdocs\\zakwanbd\\affiliate\\vendor\\laravel\\framework\\src\\Illuminate\\Foundation\\Http\\Middleware\\TransformsRequest.php(21): Illuminate\\Pipeline\\Pipeline->Illuminate\\Pipeline\\{closure}(Object(Illuminate\\Http\\Request))
#38 D:\\xampp7\\htdocs\\zakwanbd\\affiliate\\vendor\\laravel\\framework\\src\\Illuminate\\Pipeline\\Pipeline.php(167): Illuminate\\Foundation\\Http\\Middleware\\TransformsRequest->handle(Object(Illuminate\\Http\\Request), Object(Closure))
#39 D:\\xampp7\\htdocs\\zakwanbd\\affiliate\\vendor\\laravel\\framework\\src\\Illuminate\\Foundation\\Http\\Middleware\\ValidatePostSize.php(27): Illuminate\\Pipeline\\Pipeline->Illuminate\\Pipeline\\{closure}(Object(Illuminate\\Http\\Request))
#40 D:\\xampp7\\htdocs\\zakwanbd\\affiliate\\vendor\\laravel\\framework\\src\\Illuminate\\Pipeline\\Pipeline.php(167): Illuminate\\Foundation\\Http\\Middleware\\ValidatePostSize->handle(Object(Illuminate\\Http\\Request), Object(Closure))
#41 D:\\xampp7\\htdocs\\zakwanbd\\affiliate\\vendor\\laravel\\framework\\src\\Illuminate\\Foundation\\Http\\Middleware\\CheckForMaintenanceMode.php(63): Illuminate\\Pipeline\\Pipeline->Illuminate\\Pipeline\\{closure}(Object(Illuminate\\Http\\Request))
#42 D:\\xampp7\\htdocs\\zakwanbd\\affiliate\\vendor\\laravel\\framework\\src\\Illuminate\\Pipeline\\Pipeline.php(167): Illuminate\\Foundation\\Http\\Middleware\\CheckForMaintenanceMode->handle(Object(Illuminate\\Http\\Request), Object(Closure))
#43 D:\\xampp7\\htdocs\\zakwanbd\\affiliate\\vendor\\fruitcake\\laravel-cors\\src\\HandleCors.php(37): Illuminate\\Pipeline\\Pipeline->Illuminate\\Pipeline\\{closure}(Object(Illuminate\\Http\\Request))
#44 D:\\xampp7\\htdocs\\zakwanbd\\affiliate\\vendor\\laravel\\framework\\src\\Illuminate\\Pipeline\\Pipeline.php(167): Fruitcake\\Cors\\HandleCors->handle(Object(Illuminate\\Http\\Request), Object(Closure))
#45 D:\\xampp7\\htdocs\\zakwanbd\\affiliate\\vendor\\fideloper\\proxy\\src\\TrustProxies.php(57): Illuminate\\Pipeline\\Pipeline->Illuminate\\Pipeline\\{closure}(Object(Illuminate\\Http\\Request))
#46 D:\\xampp7\\htdocs\\zakwanbd\\affiliate\\vendor\\laravel\\framework\\src\\Illuminate\\Pipeline\\Pipeline.php(167): Fideloper\\Proxy\\TrustProxies->handle(Object(Illuminate\\Http\\Request), Object(Closure))
#47 D:\\xampp7\\htdocs\\zakwanbd\\affiliate\\vendor\\laravel\\framework\\src\\Illuminate\\Pipeline\\Pipeline.php(103): Illuminate\\Pipeline\\Pipeline->Illuminate\\Pipeline\\{closure}(Object(Illuminate\\Http\\Request))
#48 D:\\xampp7\\htdocs\\zakwanbd\\affiliate\\vendor\\laravel\\framework\\src\\Illuminate\\Foundation\\Http\\Kernel.php(140): Illuminate\\Pipeline\\Pipeline->then(Object(Closure))
#49 D:\\xampp7\\htdocs\\zakwanbd\\affiliate\\vendor\\laravel\\framework\\src\\Illuminate\\Foundation\\Http\\Kernel.php(109): Illuminate\\Foundation\\Http\\Kernel->sendRequestThroughRouter(Object(Illuminate\\Http\\Request))
#50 D:\\xampp7\\htdocs\\zakwanbd\\affiliate\\index.php(55): Illuminate\\Foundation\\Http\\Kernel->handle(Object(Illuminate\\Http\\Request))
#51 {main}
"} 
[2025-04-14 13:54:41] local.ERROR: Undefined property: stdClass::$1 (View: D:\xampp7\htdocs\zakwanbd\affiliate\resources\views\layouts\affiliate_dashboard_1.blade.php) {"exception":"[object] (Facade\\Ignition\\Exceptions\\ViewException(code: 0): Undefined property: stdClass::$1 (View: D:\\xampp7\\htdocs\\zakwanbd\\affiliate\esources\\views\\layouts\\affiliate_dashboard_1.blade.php) at D:\\xampp7\\htdocs\\zakwanbd\\affiliate\esources\\views/layouts/affiliate_dashboard_1.blade.php:136)
[stacktrace]
#0 D:\\xampp7\\htdocs\\zakwanbd\\affiliate\esources\\views/layouts/affiliate_dashboard_1.blade.php(136): Illuminate\\Foundation\\Bootstrap\\HandleExceptions->handleError(8, 'Undefined prope...', 'D:\\\\xampp7\\\\htdoc...', 136, Array)
#1 D:\\xampp7\\htdocs\\zakwanbd\\affiliate\\vendor\\laravel\\framework\\src\\Illuminate\\View\\Engines\\PhpEngine.php(41): include('D:\\\\xampp7\\\\htdoc...')
#2 D:\\xampp7\\htdocs\\zakwanbd\\affiliate\\vendor\\laravel\\framework\\src\\Illuminate\\View\\Engines\\CompilerEngine.php(57): Illuminate\\View\\Engines\\PhpEngine->evaluatePath('D:\\\\xampp7\\\\htdoc...', Array)
#3 D:\\xampp7\\htdocs\\zakwanbd\\affiliate\\vendor\\facade\\ignition\\src\\Views\\Engines\\CompilerEngine.php(37): Illuminate\\View\\Engines\\CompilerEngine->get('D:\\\\xampp7\\\\htdoc...', Array)
#4 D:\\xampp7\\htdocs\\zakwanbd\\affiliate\\vendor\\laravel\\framework\\src\\Illuminate\\View\\View.php(139): Facade\\Ignition\\Views\\Engines\\CompilerEngine->get('D:\\\\xampp7\\\\htdoc...', Array)
#5 D:\\xampp7\\htdocs\\zakwanbd\\affiliate\\vendor\\laravel\\framework\\src\\Illuminate\\View\\View.php(122): Illuminate\\View\\View->getContents()
#6 D:\\xampp7\\htdocs\\zakwanbd\\affiliate\\vendor\\laravel\\framework\\src\\Illuminate\\View\\View.php(91): Illuminate\\View\\View->renderContents()
#7 D:\\xampp7\\htdocs\\zakwanbd\\affiliate\\vendor\\laravel\\framework\\src\\Illuminate\\Http\\Response.php(62): Illuminate\\View\\View->render()
#8 D:\\xampp7\\htdocs\\zakwanbd\\affiliate\\vendor\\laravel\\framework\\src\\Illuminate\\Http\\Response.php(34): Illuminate\\Http\\Response->setContent(Object(Illuminate\\View\\View))
#9 D:\\xampp7\\htdocs\\zakwanbd\\affiliate\\vendor\\laravel\\framework\\src\\Illuminate\\Routing\\Router.php(759): Illuminate\\Http\\Response->__construct(Object(Illuminate\\View\\View), 200, Array)
#10 D:\\xampp7\\htdocs\\zakwanbd\\affiliate\\vendor\\laravel\\framework\\src\\Illuminate\\Routing\\Router.php(731): Illuminate\\Routing\\Router::toResponse(Object(Illuminate\\Http\\Request), Object(Illuminate\\View\\View))
#11 D:\\xampp7\\htdocs\\zakwanbd\\affiliate\\vendor\\laravel\\framework\\src\\Illuminate\\Routing\\Router.php(685): Illuminate\\Routing\\Router->prepareResponse(Object(Illuminate\\Http\\Request), Object(Illuminate\\View\\View))
#12 D:\\xampp7\\htdocs\\zakwanbd\\affiliate\\vendor\\laravel\\framework\\src\\Illuminate\\Pipeline\\Pipeline.php(128): Illuminate\\Routing\\Router->Illuminate\\Routing\\{closure}(Object(Illuminate\\Http\\Request))
#13 D:\\xampp7\\htdocs\\zakwanbd\\affiliate\\app\\Http\\Middleware\\AdminMiddleware.php(25): Illuminate\\Pipeline\\Pipeline->Illuminate\\Pipeline\\{closure}(Object(Illuminate\\Http\\Request))
#14 D:\\xampp7\\htdocs\\zakwanbd\\affiliate\\vendor\\laravel\\framework\\src\\Illuminate\\Pipeline\\Pipeline.php(167): App\\Http\\Middleware\\AdminMiddleware->handle(Object(Illuminate\\Http\\Request), Object(Closure))
#15 D:\\xampp7\\htdocs\\zakwanbd\\affiliate\\vendor\\laravel\\framework\\src\\Illuminate\\Routing\\Middleware\\SubstituteBindings.php(41): Illuminate\\Pipeline\\Pipeline->Illuminate\\Pipeline\\{closure}(Object(Illuminate\\Http\\Request))
#16 D:\\xampp7\\htdocs\\zakwanbd\\affiliate\\vendor\\laravel\\framework\\src\\Illuminate\\Pipeline\\Pipeline.php(167): Illuminate\\Routing\\Middleware\\SubstituteBindings->handle(Object(Illuminate\\Http\\Request), Object(Closure))
#17 D:\\xampp7\\htdocs\\zakwanbd\\affiliate\\vendor\\laravel\\framework\\src\\Illuminate\\Foundation\\Http\\Middleware\\VerifyCsrfToken.php(78): Illuminate\\Pipeline\\Pipeline->Illuminate\\Pipeline\\{closure}(Object(Illuminate\\Http\\Request))
#18 D:\\xampp7\\htdocs\\zakwanbd\\affiliate\\vendor\\laravel\\framework\\src\\Illuminate\\Pipeline\\Pipeline.php(167): Illuminate\\Foundation\\Http\\Middleware\\VerifyCsrfToken->handle(Object(Illuminate\\Http\\Request), Object(Closure))
#19 D:\\xampp7\\htdocs\\zakwanbd\\affiliate\\vendor\\laravel\\framework\\src\\Illuminate\\View\\Middleware\\ShareErrorsFromSession.php(49): Illuminate\\Pipeline\\Pipeline->Illuminate\\Pipeline\\{closure}(Object(Illuminate\\Http\\Request))
#20 D:\\xampp7\\htdocs\\zakwanbd\\affiliate\\vendor\\laravel\\framework\\src\\Illuminate\\Pipeline\\Pipeline.php(167): Illuminate\\View\\Middleware\\ShareErrorsFromSession->handle(Object(Illuminate\\Http\\Request), Object(Closure))
#21 D:\\xampp7\\htdocs\\zakwanbd\\affiliate\\vendor\\laravel\\framework\\src\\Illuminate\\Session\\Middleware\\StartSession.php(116): Illuminate\\Pipeline\\Pipeline->Illuminate\\Pipeline\\{closure}(Object(Illuminate\\Http\\Request))
#22 D:\\xampp7\\htdocs\\zakwanbd\\affiliate\\vendor\\laravel\\framework\\src\\Illuminate\\Session\\Middleware\\StartSession.php(62): Illuminate\\Session\\Middleware\\StartSession->handleStatefulRequest(Object(Illuminate\\Http\\Request), Object(Illuminate\\Session\\Store), Object(Closure))
#23 D:\\xampp7\\htdocs\\zakwanbd\\affiliate\\vendor\\laravel\\framework\\src\\Illuminate\\Pipeline\\Pipeline.php(167): Illuminate\\Session\\Middleware\\StartSession->handle(Object(Illuminate\\Http\\Request), Object(Closure))
#24 D:\\xampp7\\htdocs\\zakwanbd\\affiliate\\vendor\\laravel\\framework\\src\\Illuminate\\Cookie\\Middleware\\AddQueuedCookiesToResponse.php(37): Illuminate\\Pipeline\\Pipeline->Illuminate\\Pipeline\\{closure}(Object(Illuminate\\Http\\Request))
#25 D:\\xampp7\\htdocs\\zakwanbd\\affiliate\\vendor\\laravel\\framework\\src\\Illuminate\\Pipeline\\Pipeline.php(167): Illuminate\\Cookie\\Middleware\\AddQueuedCookiesToResponse->handle(Object(Illuminate\\Http\\Request), Object(Closure))
#26 D:\\xampp7\\htdocs\\zakwanbd\\affiliate\\vendor\\laravel\\framework\\src\\Illuminate\\Cookie\\Middleware\\EncryptCookies.php(67): Illuminate\\Pipeline\\Pipeline->Illuminate\\Pipeline\\{closure}(Object(Illuminate\\Http\\Request))
#27 D:\\xampp7\\htdocs\\zakwanbd\\affiliate\\vendor\\laravel\\framework\\src\\Illuminate\\Pipeline\\Pipeline.php(167): Illuminate\\Cookie\\Middleware\\EncryptCookies->handle(Object(Illuminate\\Http\\Request), Object(Closure))
#28 D:\\xampp7\\htdocs\\zakwanbd\\affiliate\\vendor\\laravel\\framework\\src\\Illuminate\\Pipeline\\Pipeline.php(103): Illuminate\\Pipeline\\Pipeline->Illuminate\\Pipeline\\{closure}(Object(Illuminate\\Http\\Request))
#29 D:\\xampp7\\htdocs\\zakwanbd\\affiliate\\vendor\\laravel\\framework\\src\\Illuminate\\Routing\\Router.php(687): Illuminate\\Pipeline\\Pipeline->then(Object(Closure))
#30 D:\\xampp7\\htdocs\\zakwanbd\\affiliate\\vendor\\laravel\\framework\\src\\Illuminate\\Routing\\Router.php(662): Illuminate\\Routing\\Router->runRouteWithinStack(Object(Illuminate\\Routing\\Route), Object(Illuminate\\Http\\Request))
#31 D:\\xampp7\\htdocs\\zakwanbd\\affiliate\\vendor\\laravel\\framework\\src\\Illuminate\\Routing\\Router.php(628): Illuminate\\Routing\\Router->runRoute(Object(Illuminate\\Http\\Request), Object(Illuminate\\Routing\\Route))
#32 D:\\xampp7\\htdocs\\zakwanbd\\affiliate\\vendor\\laravel\\framework\\src\\Illuminate\\Routing\\Router.php(617): Illuminate\\Routing\\Router->dispatchToRoute(Object(Illuminate\\Http\\Request))
#33 D:\\xampp7\\htdocs\\zakwanbd\\affiliate\\vendor\\laravel\\framework\\src\\Illuminate\\Foundation\\Http\\Kernel.php(165): Illuminate\\Routing\\Router->dispatch(Object(Illuminate\\Http\\Request))
#34 D:\\xampp7\\htdocs\\zakwanbd\\affiliate\\vendor\\laravel\\framework\\src\\Illuminate\\Pipeline\\Pipeline.php(128): Illuminate\\Foundation\\Http\\Kernel->Illuminate\\Foundation\\Http\\{closure}(Object(Illuminate\\Http\\Request))
#35 D:\\xampp7\\htdocs\\zakwanbd\\affiliate\\vendor\\laravel\\framework\\src\\Illuminate\\Foundation\\Http\\Middleware\\TransformsRequest.php(21): Illuminate\\Pipeline\\Pipeline->Illuminate\\Pipeline\\{closure}(Object(Illuminate\\Http\\Request))
#36 D:\\xampp7\\htdocs\\zakwanbd\\affiliate\\vendor\\laravel\\framework\\src\\Illuminate\\Pipeline\\Pipeline.php(167): Illuminate\\Foundation\\Http\\Middleware\\TransformsRequest->handle(Object(Illuminate\\Http\\Request), Object(Closure))
#37 D:\\xampp7\\htdocs\\zakwanbd\\affiliate\\vendor\\laravel\\framework\\src\\Illuminate\\Foundation\\Http\\Middleware\\TransformsRequest.php(21): Illuminate\\Pipeline\\Pipeline->Illuminate\\Pipeline\\{closure}(Object(Illuminate\\Http\\Request))
#38 D:\\xampp7\\htdocs\\zakwanbd\\affiliate\\vendor\\laravel\\framework\\src\\Illuminate\\Pipeline\\Pipeline.php(167): Illuminate\\Foundation\\Http\\Middleware\\TransformsRequest->handle(Object(Illuminate\\Http\\Request), Object(Closure))
#39 D:\\xampp7\\htdocs\\zakwanbd\\affiliate\\vendor\\laravel\\framework\\src\\Illuminate\\Foundation\\Http\\Middleware\\ValidatePostSize.php(27): Illuminate\\Pipeline\\Pipeline->Illuminate\\Pipeline\\{closure}(Object(Illuminate\\Http\\Request))
#40 D:\\xampp7\\htdocs\\zakwanbd\\affiliate\\vendor\\laravel\\framework\\src\\Illuminate\\Pipeline\\Pipeline.php(167): Illuminate\\Foundation\\Http\\Middleware\\ValidatePostSize->handle(Object(Illuminate\\Http\\Request), Object(Closure))
#41 D:\\xampp7\\htdocs\\zakwanbd\\affiliate\\vendor\\laravel\\framework\\src\\Illuminate\\Foundation\\Http\\Middleware\\CheckForMaintenanceMode.php(63): Illuminate\\Pipeline\\Pipeline->Illuminate\\Pipeline\\{closure}(Object(Illuminate\\Http\\Request))
#42 D:\\xampp7\\htdocs\\zakwanbd\\affiliate\\vendor\\laravel\\framework\\src\\Illuminate\\Pipeline\\Pipeline.php(167): Illuminate\\Foundation\\Http\\Middleware\\CheckForMaintenanceMode->handle(Object(Illuminate\\Http\\Request), Object(Closure))
#43 D:\\xampp7\\htdocs\\zakwanbd\\affiliate\\vendor\\fruitcake\\laravel-cors\\src\\HandleCors.php(37): Illuminate\\Pipeline\\Pipeline->Illuminate\\Pipeline\\{closure}(Object(Illuminate\\Http\\Request))
#44 D:\\xampp7\\htdocs\\zakwanbd\\affiliate\\vendor\\laravel\\framework\\src\\Illuminate\\Pipeline\\Pipeline.php(167): Fruitcake\\Cors\\HandleCors->handle(Object(Illuminate\\Http\\Request), Object(Closure))
#45 D:\\xampp7\\htdocs\\zakwanbd\\affiliate\\vendor\\fideloper\\proxy\\src\\TrustProxies.php(57): Illuminate\\Pipeline\\Pipeline->Illuminate\\Pipeline\\{closure}(Object(Illuminate\\Http\\Request))
#46 D:\\xampp7\\htdocs\\zakwanbd\\affiliate\\vendor\\laravel\\framework\\src\\Illuminate\\Pipeline\\Pipeline.php(167): Fideloper\\Proxy\\TrustProxies->handle(Object(Illuminate\\Http\\Request), Object(Closure))
#47 D:\\xampp7\\htdocs\\zakwanbd\\affiliate\\vendor\\laravel\\framework\\src\\Illuminate\\Pipeline\\Pipeline.php(103): Illuminate\\Pipeline\\Pipeline->Illuminate\\Pipeline\\{closure}(Object(Illuminate\\Http\\Request))
#48 D:\\xampp7\\htdocs\\zakwanbd\\affiliate\\vendor\\laravel\\framework\\src\\Illuminate\\Foundation\\Http\\Kernel.php(140): Illuminate\\Pipeline\\Pipeline->then(Object(Closure))
#49 D:\\xampp7\\htdocs\\zakwanbd\\affiliate\\vendor\\laravel\\framework\\src\\Illuminate\\Foundation\\Http\\Kernel.php(109): Illuminate\\Foundation\\Http\\Kernel->sendRequestThroughRouter(Object(Illuminate\\Http\\Request))
#50 D:\\xampp7\\htdocs\\zakwanbd\\affiliate\\index.php(55): Illuminate\\Foundation\\Http\\Kernel->handle(Object(Illuminate\\Http\\Request))
#51 {main}

[previous exception] [object] (ErrorException(code: 0): Undefined property: stdClass::$1 at D:\\xampp7\\htdocs\\zakwanbd\\affiliate\\storage\\framework\\views\\ae2b2af208f3c32828a48723c443de7bc1af3773.php:136)
[stacktrace]
#0 D:\\xampp7\\htdocs\\zakwanbd\\affiliate\\storage\\framework\\views\\ae2b2af208f3c32828a48723c443de7bc1af3773.php(136): Illuminate\\Foundation\\Bootstrap\\HandleExceptions->handleError(8, 'Undefined prope...', 'D:\\\\xampp7\\\\htdoc...', 136, Array)
#1 D:\\xampp7\\htdocs\\zakwanbd\\affiliate\\vendor\\laravel\\framework\\src\\Illuminate\\View\\Engines\\PhpEngine.php(41): include('D:\\\\xampp7\\\\htdoc...')
#2 D:\\xampp7\\htdocs\\zakwanbd\\affiliate\\vendor\\laravel\\framework\\src\\Illuminate\\View\\Engines\\CompilerEngine.php(57): Illuminate\\View\\Engines\\PhpEngine->evaluatePath('D:\\\\xampp7\\\\htdoc...', Array)
#3 D:\\xampp7\\htdocs\\zakwanbd\\affiliate\\vendor\\facade\\ignition\\src\\Views\\Engines\\CompilerEngine.php(37): Illuminate\\View\\Engines\\CompilerEngine->get('D:\\\\xampp7\\\\htdoc...', Array)
#4 D:\\xampp7\\htdocs\\zakwanbd\\affiliate\\vendor\\laravel\\framework\\src\\Illuminate\\View\\View.php(139): Facade\\Ignition\\Views\\Engines\\CompilerEngine->get('D:\\\\xampp7\\\\htdoc...', Array)
#5 D:\\xampp7\\htdocs\\zakwanbd\\affiliate\\vendor\\laravel\\framework\\src\\Illuminate\\View\\View.php(122): Illuminate\\View\\View->getContents()
#6 D:\\xampp7\\htdocs\\zakwanbd\\affiliate\\vendor\\laravel\\framework\\src\\Illuminate\\View\\View.php(91): Illuminate\\View\\View->renderContents()
#7 D:\\xampp7\\htdocs\\zakwanbd\\affiliate\\vendor\\laravel\\framework\\src\\Illuminate\\Http\\Response.php(62): Illuminate\\View\\View->render()
#8 D:\\xampp7\\htdocs\\zakwanbd\\affiliate\\vendor\\laravel\\framework\\src\\Illuminate\\Http\\Response.php(34): Illuminate\\Http\\Response->setContent(Object(Illuminate\\View\\View))
#9 D:\\xampp7\\htdocs\\zakwanbd\\affiliate\\vendor\\laravel\\framework\\src\\Illuminate\\Routing\\Router.php(759): Illuminate\\Http\\Response->__construct(Object(Illuminate\\View\\View), 200, Array)
#10 D:\\xampp7\\htdocs\\zakwanbd\\affiliate\\vendor\\laravel\\framework\\src\\Illuminate\\Routing\\Router.php(731): Illuminate\\Routing\\Router::toResponse(Object(Illuminate\\Http\\Request), Object(Illuminate\\View\\View))
#11 D:\\xampp7\\htdocs\\zakwanbd\\affiliate\\vendor\\laravel\\framework\\src\\Illuminate\\Routing\\Router.php(685): Illuminate\\Routing\\Router->prepareResponse(Object(Illuminate\\Http\\Request), Object(Illuminate\\View\\View))
#12 D:\\xampp7\\htdocs\\zakwanbd\\affiliate\\vendor\\laravel\\framework\\src\\Illuminate\\Pipeline\\Pipeline.php(128): Illuminate\\Routing\\Router->Illuminate\\Routing\\{closure}(Object(Illuminate\\Http\\Request))
#13 D:\\xampp7\\htdocs\\zakwanbd\\affiliate\\app\\Http\\Middleware\\AdminMiddleware.php(25): Illuminate\\Pipeline\\Pipeline->Illuminate\\Pipeline\\{closure}(Object(Illuminate\\Http\\Request))
#14 D:\\xampp7\\htdocs\\zakwanbd\\affiliate\\vendor\\laravel\\framework\\src\\Illuminate\\Pipeline\\Pipeline.php(167): App\\Http\\Middleware\\AdminMiddleware->handle(Object(Illuminate\\Http\\Request), Object(Closure))
#15 D:\\xampp7\\htdocs\\zakwanbd\\affiliate\\vendor\\laravel\\framework\\src\\Illuminate\\Routing\\Middleware\\SubstituteBindings.php(41): Illuminate\\Pipeline\\Pipeline->Illuminate\\Pipeline\\{closure}(Object(Illuminate\\Http\\Request))
#16 D:\\xampp7\\htdocs\\zakwanbd\\affiliate\\vendor\\laravel\\framework\\src\\Illuminate\\Pipeline\\Pipeline.php(167): Illuminate\\Routing\\Middleware\\SubstituteBindings->handle(Object(Illuminate\\Http\\Request), Object(Closure))
#17 D:\\xampp7\\htdocs\\zakwanbd\\affiliate\\vendor\\laravel\\framework\\src\\Illuminate\\Foundation\\Http\\Middleware\\VerifyCsrfToken.php(78): Illuminate\\Pipeline\\Pipeline->Illuminate\\Pipeline\\{closure}(Object(Illuminate\\Http\\Request))
#18 D:\\xampp7\\htdocs\\zakwanbd\\affiliate\\vendor\\laravel\\framework\\src\\Illuminate\\Pipeline\\Pipeline.php(167): Illuminate\\Foundation\\Http\\Middleware\\VerifyCsrfToken->handle(Object(Illuminate\\Http\\Request), Object(Closure))
#19 D:\\xampp7\\htdocs\\zakwanbd\\affiliate\\vendor\\laravel\\framework\\src\\Illuminate\\View\\Middleware\\ShareErrorsFromSession.php(49): Illuminate\\Pipeline\\Pipeline->Illuminate\\Pipeline\\{closure}(Object(Illuminate\\Http\\Request))
#20 D:\\xampp7\\htdocs\\zakwanbd\\affiliate\\vendor\\laravel\\framework\\src\\Illuminate\\Pipeline\\Pipeline.php(167): Illuminate\\View\\Middleware\\ShareErrorsFromSession->handle(Object(Illuminate\\Http\\Request), Object(Closure))
#21 D:\\xampp7\\htdocs\\zakwanbd\\affiliate\\vendor\\laravel\\framework\\src\\Illuminate\\Session\\Middleware\\StartSession.php(116): Illuminate\\Pipeline\\Pipeline->Illuminate\\Pipeline\\{closure}(Object(Illuminate\\Http\\Request))
#22 D:\\xampp7\\htdocs\\zakwanbd\\affiliate\\vendor\\laravel\\framework\\src\\Illuminate\\Session\\Middleware\\StartSession.php(62): Illuminate\\Session\\Middleware\\StartSession->handleStatefulRequest(Object(Illuminate\\Http\\Request), Object(Illuminate\\Session\\Store), Object(Closure))
#23 D:\\xampp7\\htdocs\\zakwanbd\\affiliate\\vendor\\laravel\\framework\\src\\Illuminate\\Pipeline\\Pipeline.php(167): Illuminate\\Session\\Middleware\\StartSession->handle(Object(Illuminate\\Http\\Request), Object(Closure))
#24 D:\\xampp7\\htdocs\\zakwanbd\\affiliate\\vendor\\laravel\\framework\\src\\Illuminate\\Cookie\\Middleware\\AddQueuedCookiesToResponse.php(37): Illuminate\\Pipeline\\Pipeline->Illuminate\\Pipeline\\{closure}(Object(Illuminate\\Http\\Request))
#25 D:\\xampp7\\htdocs\\zakwanbd\\affiliate\\vendor\\laravel\\framework\\src\\Illuminate\\Pipeline\\Pipeline.php(167): Illuminate\\Cookie\\Middleware\\AddQueuedCookiesToResponse->handle(Object(Illuminate\\Http\\Request), Object(Closure))
#26 D:\\xampp7\\htdocs\\zakwanbd\\affiliate\\vendor\\laravel\\framework\\src\\Illuminate\\Cookie\\Middleware\\EncryptCookies.php(67): Illuminate\\Pipeline\\Pipeline->Illuminate\\Pipeline\\{closure}(Object(Illuminate\\Http\\Request))
#27 D:\\xampp7\\htdocs\\zakwanbd\\affiliate\\vendor\\laravel\\framework\\src\\Illuminate\\Pipeline\\Pipeline.php(167): Illuminate\\Cookie\\Middleware\\EncryptCookies->handle(Object(Illuminate\\Http\\Request), Object(Closure))
#28 D:\\xampp7\\htdocs\\zakwanbd\\affiliate\\vendor\\laravel\\framework\\src\\Illuminate\\Pipeline\\Pipeline.php(103): Illuminate\\Pipeline\\Pipeline->Illuminate\\Pipeline\\{closure}(Object(Illuminate\\Http\\Request))
#29 D:\\xampp7\\htdocs\\zakwanbd\\affiliate\\vendor\\laravel\\framework\\src\\Illuminate\\Routing\\Router.php(687): Illuminate\\Pipeline\\Pipeline->then(Object(Closure))
#30 D:\\xampp7\\htdocs\\zakwanbd\\affiliate\\vendor\\laravel\\framework\\src\\Illuminate\\Routing\\Router.php(662): Illuminate\\Routing\\Router->runRouteWithinStack(Object(Illuminate\\Routing\\Route), Object(Illuminate\\Http\\Request))
#31 D:\\xampp7\\htdocs\\zakwanbd\\affiliate\\vendor\\laravel\\framework\\src\\Illuminate\\Routing\\Router.php(628): Illuminate\\Routing\\Router->runRoute(Object(Illuminate\\Http\\Request), Object(Illuminate\\Routing\\Route))
#32 D:\\xampp7\\htdocs\\zakwanbd\\affiliate\\vendor\\laravel\\framework\\src\\Illuminate\\Routing\\Router.php(617): Illuminate\\Routing\\Router->dispatchToRoute(Object(Illuminate\\Http\\Request))
#33 D:\\xampp7\\htdocs\\zakwanbd\\affiliate\\vendor\\laravel\\framework\\src\\Illuminate\\Foundation\\Http\\Kernel.php(165): Illuminate\\Routing\\Router->dispatch(Object(Illuminate\\Http\\Request))
#34 D:\\xampp7\\htdocs\\zakwanbd\\affiliate\\vendor\\laravel\\framework\\src\\Illuminate\\Pipeline\\Pipeline.php(128): Illuminate\\Foundation\\Http\\Kernel->Illuminate\\Foundation\\Http\\{closure}(Object(Illuminate\\Http\\Request))
#35 D:\\xampp7\\htdocs\\zakwanbd\\affiliate\\vendor\\laravel\\framework\\src\\Illuminate\\Foundation\\Http\\Middleware\\TransformsRequest.php(21): Illuminate\\Pipeline\\Pipeline->Illuminate\\Pipeline\\{closure}(Object(Illuminate\\Http\\Request))
#36 D:\\xampp7\\htdocs\\zakwanbd\\affiliate\\vendor\\laravel\\framework\\src\\Illuminate\\Pipeline\\Pipeline.php(167): Illuminate\\Foundation\\Http\\Middleware\\TransformsRequest->handle(Object(Illuminate\\Http\\Request), Object(Closure))
#37 D:\\xampp7\\htdocs\\zakwanbd\\affiliate\\vendor\\laravel\\framework\\src\\Illuminate\\Foundation\\Http\\Middleware\\TransformsRequest.php(21): Illuminate\\Pipeline\\Pipeline->Illuminate\\Pipeline\\{closure}(Object(Illuminate\\Http\\Request))
#38 D:\\xampp7\\htdocs\\zakwanbd\\affiliate\\vendor\\laravel\\framework\\src\\Illuminate\\Pipeline\\Pipeline.php(167): Illuminate\\Foundation\\Http\\Middleware\\TransformsRequest->handle(Object(Illuminate\\Http\\Request), Object(Closure))
#39 D:\\xampp7\\htdocs\\zakwanbd\\affiliate\\vendor\\laravel\\framework\\src\\Illuminate\\Foundation\\Http\\Middleware\\ValidatePostSize.php(27): Illuminate\\Pipeline\\Pipeline->Illuminate\\Pipeline\\{closure}(Object(Illuminate\\Http\\Request))
#40 D:\\xampp7\\htdocs\\zakwanbd\\affiliate\\vendor\\laravel\\framework\\src\\Illuminate\\Pipeline\\Pipeline.php(167): Illuminate\\Foundation\\Http\\Middleware\\ValidatePostSize->handle(Object(Illuminate\\Http\\Request), Object(Closure))
#41 D:\\xampp7\\htdocs\\zakwanbd\\affiliate\\vendor\\laravel\\framework\\src\\Illuminate\\Foundation\\Http\\Middleware\\CheckForMaintenanceMode.php(63): Illuminate\\Pipeline\\Pipeline->Illuminate\\Pipeline\\{closure}(Object(Illuminate\\Http\\Request))
#42 D:\\xampp7\\htdocs\\zakwanbd\\affiliate\\vendor\\laravel\\framework\\src\\Illuminate\\Pipeline\\Pipeline.php(167): Illuminate\\Foundation\\Http\\Middleware\\CheckForMaintenanceMode->handle(Object(Illuminate\\Http\\Request), Object(Closure))
#43 D:\\xampp7\\htdocs\\zakwanbd\\affiliate\\vendor\\fruitcake\\laravel-cors\\src\\HandleCors.php(37): Illuminate\\Pipeline\\Pipeline->Illuminate\\Pipeline\\{closure}(Object(Illuminate\\Http\\Request))
#44 D:\\xampp7\\htdocs\\zakwanbd\\affiliate\\vendor\\laravel\\framework\\src\\Illuminate\\Pipeline\\Pipeline.php(167): Fruitcake\\Cors\\HandleCors->handle(Object(Illuminate\\Http\\Request), Object(Closure))
#45 D:\\xampp7\\htdocs\\zakwanbd\\affiliate\\vendor\\fideloper\\proxy\\src\\TrustProxies.php(57): Illuminate\\Pipeline\\Pipeline->Illuminate\\Pipeline\\{closure}(Object(Illuminate\\Http\\Request))
#46 D:\\xampp7\\htdocs\\zakwanbd\\affiliate\\vendor\\laravel\\framework\\src\\Illuminate\\Pipeline\\Pipeline.php(167): Fideloper\\Proxy\\TrustProxies->handle(Object(Illuminate\\Http\\Request), Object(Closure))
#47 D:\\xampp7\\htdocs\\zakwanbd\\affiliate\\vendor\\laravel\\framework\\src\\Illuminate\\Pipeline\\Pipeline.php(103): Illuminate\\Pipeline\\Pipeline->Illuminate\\Pipeline\\{closure}(Object(Illuminate\\Http\\Request))
#48 D:\\xampp7\\htdocs\\zakwanbd\\affiliate\\vendor\\laravel\\framework\\src\\Illuminate\\Foundation\\Http\\Kernel.php(140): Illuminate\\Pipeline\\Pipeline->then(Object(Closure))
#49 D:\\xampp7\\htdocs\\zakwanbd\\affiliate\\vendor\\laravel\\framework\\src\\Illuminate\\Foundation\\Http\\Kernel.php(109): Illuminate\\Foundation\\Http\\Kernel->sendRequestThroughRouter(Object(Illuminate\\Http\\Request))
#50 D:\\xampp7\\htdocs\\zakwanbd\\affiliate\\index.php(55): Illuminate\\Foundation\\Http\\Kernel->handle(Object(Illuminate\\Http\\Request))
#51 {main}
"} 
[2025-04-14 13:54:59] local.ERROR: syntax error, unexpected '$type' (T_VARIABLE), expecting ')' (View: D:\xampp7\htdocs\zakwanbd\affiliate\resources\views\layouts\affiliate_dashboard_1.blade.php) {"exception":"[object] (Facade\\Ignition\\Exceptions\\ViewException(code: 0): syntax error, unexpected '$type' (T_VARIABLE), expecting ')' (View: D:\\xampp7\\htdocs\\zakwanbd\\affiliate\esources\\views\\layouts\\affiliate_dashboard_1.blade.php) at D:\\xampp7\\htdocs\\zakwanbd\\affiliate\esources\\views/layouts/affiliate_dashboard_1.blade.php:136)
[stacktrace]
#0 D:\\xampp7\\htdocs\\zakwanbd\\affiliate\\vendor\\laravel\\framework\\src\\Illuminate\\View\\Engines\\CompilerEngine.php(57): Illuminate\\View\\Engines\\PhpEngine->evaluatePath('D:\\\\xampp7\\\\htdoc...', Array)
#1 D:\\xampp7\\htdocs\\zakwanbd\\affiliate\\vendor\\facade\\ignition\\src\\Views\\Engines\\CompilerEngine.php(37): Illuminate\\View\\Engines\\CompilerEngine->get('D:\\\\xampp7\\\\htdoc...', Array)
#2 D:\\xampp7\\htdocs\\zakwanbd\\affiliate\\vendor\\laravel\\framework\\src\\Illuminate\\View\\View.php(139): Facade\\Ignition\\Views\\Engines\\CompilerEngine->get('D:\\\\xampp7\\\\htdoc...', Array)
#3 D:\\xampp7\\htdocs\\zakwanbd\\affiliate\\vendor\\laravel\\framework\\src\\Illuminate\\View\\View.php(122): Illuminate\\View\\View->getContents()
#4 D:\\xampp7\\htdocs\\zakwanbd\\affiliate\\vendor\\laravel\\framework\\src\\Illuminate\\View\\View.php(91): Illuminate\\View\\View->renderContents()
#5 D:\\xampp7\\htdocs\\zakwanbd\\affiliate\\vendor\\laravel\\framework\\src\\Illuminate\\Http\\Response.php(62): Illuminate\\View\\View->render()
#6 D:\\xampp7\\htdocs\\zakwanbd\\affiliate\\vendor\\laravel\\framework\\src\\Illuminate\\Http\\Response.php(34): Illuminate\\Http\\Response->setContent(Object(Illuminate\\View\\View))
#7 D:\\xampp7\\htdocs\\zakwanbd\\affiliate\\vendor\\laravel\\framework\\src\\Illuminate\\Routing\\Router.php(759): Illuminate\\Http\\Response->__construct(Object(Illuminate\\View\\View), 200, Array)
#8 D:\\xampp7\\htdocs\\zakwanbd\\affiliate\\vendor\\laravel\\framework\\src\\Illuminate\\Routing\\Router.php(731): Illuminate\\Routing\\Router::toResponse(Object(Illuminate\\Http\\Request), Object(Illuminate\\View\\View))
#9 D:\\xampp7\\htdocs\\zakwanbd\\affiliate\\vendor\\laravel\\framework\\src\\Illuminate\\Routing\\Router.php(685): Illuminate\\Routing\\Router->prepareResponse(Object(Illuminate\\Http\\Request), Object(Illuminate\\View\\View))
#10 D:\\xampp7\\htdocs\\zakwanbd\\affiliate\\vendor\\laravel\\framework\\src\\Illuminate\\Pipeline\\Pipeline.php(128): Illuminate\\Routing\\Router->Illuminate\\Routing\\{closure}(Object(Illuminate\\Http\\Request))
#11 D:\\xampp7\\htdocs\\zakwanbd\\affiliate\\app\\Http\\Middleware\\AdminMiddleware.php(25): Illuminate\\Pipeline\\Pipeline->Illuminate\\Pipeline\\{closure}(Object(Illuminate\\Http\\Request))
#12 D:\\xampp7\\htdocs\\zakwanbd\\affiliate\\vendor\\laravel\\framework\\src\\Illuminate\\Pipeline\\Pipeline.php(167): App\\Http\\Middleware\\AdminMiddleware->handle(Object(Illuminate\\Http\\Request), Object(Closure))
#13 D:\\xampp7\\htdocs\\zakwanbd\\affiliate\\vendor\\laravel\\framework\\src\\Illuminate\\Routing\\Middleware\\SubstituteBindings.php(41): Illuminate\\Pipeline\\Pipeline->Illuminate\\Pipeline\\{closure}(Object(Illuminate\\Http\\Request))
#14 D:\\xampp7\\htdocs\\zakwanbd\\affiliate\\vendor\\laravel\\framework\\src\\Illuminate\\Pipeline\\Pipeline.php(167): Illuminate\\Routing\\Middleware\\SubstituteBindings->handle(Object(Illuminate\\Http\\Request), Object(Closure))
#15 D:\\xampp7\\htdocs\\zakwanbd\\affiliate\\vendor\\laravel\\framework\\src\\Illuminate\\Foundation\\Http\\Middleware\\VerifyCsrfToken.php(78): Illuminate\\Pipeline\\Pipeline->Illuminate\\Pipeline\\{closure}(Object(Illuminate\\Http\\Request))
#16 D:\\xampp7\\htdocs\\zakwanbd\\affiliate\\vendor\\laravel\\framework\\src\\Illuminate\\Pipeline\\Pipeline.php(167): Illuminate\\Foundation\\Http\\Middleware\\VerifyCsrfToken->handle(Object(Illuminate\\Http\\Request), Object(Closure))
#17 D:\\xampp7\\htdocs\\zakwanbd\\affiliate\\vendor\\laravel\\framework\\src\\Illuminate\\View\\Middleware\\ShareErrorsFromSession.php(49): Illuminate\\Pipeline\\Pipeline->Illuminate\\Pipeline\\{closure}(Object(Illuminate\\Http\\Request))
#18 D:\\xampp7\\htdocs\\zakwanbd\\affiliate\\vendor\\laravel\\framework\\src\\Illuminate\\Pipeline\\Pipeline.php(167): Illuminate\\View\\Middleware\\ShareErrorsFromSession->handle(Object(Illuminate\\Http\\Request), Object(Closure))
#19 D:\\xampp7\\htdocs\\zakwanbd\\affiliate\\vendor\\laravel\\framework\\src\\Illuminate\\Session\\Middleware\\StartSession.php(116): Illuminate\\Pipeline\\Pipeline->Illuminate\\Pipeline\\{closure}(Object(Illuminate\\Http\\Request))
#20 D:\\xampp7\\htdocs\\zakwanbd\\affiliate\\vendor\\laravel\\framework\\src\\Illuminate\\Session\\Middleware\\StartSession.php(62): Illuminate\\Session\\Middleware\\StartSession->handleStatefulRequest(Object(Illuminate\\Http\\Request), Object(Illuminate\\Session\\Store), Object(Closure))
#21 D:\\xampp7\\htdocs\\zakwanbd\\affiliate\\vendor\\laravel\\framework\\src\\Illuminate\\Pipeline\\Pipeline.php(167): Illuminate\\Session\\Middleware\\StartSession->handle(Object(Illuminate\\Http\\Request), Object(Closure))
#22 D:\\xampp7\\htdocs\\zakwanbd\\affiliate\\vendor\\laravel\\framework\\src\\Illuminate\\Cookie\\Middleware\\AddQueuedCookiesToResponse.php(37): Illuminate\\Pipeline\\Pipeline->Illuminate\\Pipeline\\{closure}(Object(Illuminate\\Http\\Request))
#23 D:\\xampp7\\htdocs\\zakwanbd\\affiliate\\vendor\\laravel\\framework\\src\\Illuminate\\Pipeline\\Pipeline.php(167): Illuminate\\Cookie\\Middleware\\AddQueuedCookiesToResponse->handle(Object(Illuminate\\Http\\Request), Object(Closure))
#24 D:\\xampp7\\htdocs\\zakwanbd\\affiliate\\vendor\\laravel\\framework\\src\\Illuminate\\Cookie\\Middleware\\EncryptCookies.php(67): Illuminate\\Pipeline\\Pipeline->Illuminate\\Pipeline\\{closure}(Object(Illuminate\\Http\\Request))
#25 D:\\xampp7\\htdocs\\zakwanbd\\affiliate\\vendor\\laravel\\framework\\src\\Illuminate\\Pipeline\\Pipeline.php(167): Illuminate\\Cookie\\Middleware\\EncryptCookies->handle(Object(Illuminate\\Http\\Request), Object(Closure))
#26 D:\\xampp7\\htdocs\\zakwanbd\\affiliate\\vendor\\laravel\\framework\\src\\Illuminate\\Pipeline\\Pipeline.php(103): Illuminate\\Pipeline\\Pipeline->Illuminate\\Pipeline\\{closure}(Object(Illuminate\\Http\\Request))
#27 D:\\xampp7\\htdocs\\zakwanbd\\affiliate\\vendor\\laravel\\framework\\src\\Illuminate\\Routing\\Router.php(687): Illuminate\\Pipeline\\Pipeline->then(Object(Closure))
#28 D:\\xampp7\\htdocs\\zakwanbd\\affiliate\\vendor\\laravel\\framework\\src\\Illuminate\\Routing\\Router.php(662): Illuminate\\Routing\\Router->runRouteWithinStack(Object(Illuminate\\Routing\\Route), Object(Illuminate\\Http\\Request))
#29 D:\\xampp7\\htdocs\\zakwanbd\\affiliate\\vendor\\laravel\\framework\\src\\Illuminate\\Routing\\Router.php(628): Illuminate\\Routing\\Router->runRoute(Object(Illuminate\\Http\\Request), Object(Illuminate\\Routing\\Route))
#30 D:\\xampp7\\htdocs\\zakwanbd\\affiliate\\vendor\\laravel\\framework\\src\\Illuminate\\Routing\\Router.php(617): Illuminate\\Routing\\Router->dispatchToRoute(Object(Illuminate\\Http\\Request))
#31 D:\\xampp7\\htdocs\\zakwanbd\\affiliate\\vendor\\laravel\\framework\\src\\Illuminate\\Foundation\\Http\\Kernel.php(165): Illuminate\\Routing\\Router->dispatch(Object(Illuminate\\Http\\Request))
#32 D:\\xampp7\\htdocs\\zakwanbd\\affiliate\\vendor\\laravel\\framework\\src\\Illuminate\\Pipeline\\Pipeline.php(128): Illuminate\\Foundation\\Http\\Kernel->Illuminate\\Foundation\\Http\\{closure}(Object(Illuminate\\Http\\Request))
#33 D:\\xampp7\\htdocs\\zakwanbd\\affiliate\\vendor\\laravel\\framework\\src\\Illuminate\\Foundation\\Http\\Middleware\\TransformsRequest.php(21): Illuminate\\Pipeline\\Pipeline->Illuminate\\Pipeline\\{closure}(Object(Illuminate\\Http\\Request))
#34 D:\\xampp7\\htdocs\\zakwanbd\\affiliate\\vendor\\laravel\\framework\\src\\Illuminate\\Pipeline\\Pipeline.php(167): Illuminate\\Foundation\\Http\\Middleware\\TransformsRequest->handle(Object(Illuminate\\Http\\Request), Object(Closure))
#35 D:\\xampp7\\htdocs\\zakwanbd\\affiliate\\vendor\\laravel\\framework\\src\\Illuminate\\Foundation\\Http\\Middleware\\TransformsRequest.php(21): Illuminate\\Pipeline\\Pipeline->Illuminate\\Pipeline\\{closure}(Object(Illuminate\\Http\\Request))
#36 D:\\xampp7\\htdocs\\zakwanbd\\affiliate\\vendor\\laravel\\framework\\src\\Illuminate\\Pipeline\\Pipeline.php(167): Illuminate\\Foundation\\Http\\Middleware\\TransformsRequest->handle(Object(Illuminate\\Http\\Request), Object(Closure))
#37 D:\\xampp7\\htdocs\\zakwanbd\\affiliate\\vendor\\laravel\\framework\\src\\Illuminate\\Foundation\\Http\\Middleware\\ValidatePostSize.php(27): Illuminate\\Pipeline\\Pipeline->Illuminate\\Pipeline\\{closure}(Object(Illuminate\\Http\\Request))
#38 D:\\xampp7\\htdocs\\zakwanbd\\affiliate\\vendor\\laravel\\framework\\src\\Illuminate\\Pipeline\\Pipeline.php(167): Illuminate\\Foundation\\Http\\Middleware\\ValidatePostSize->handle(Object(Illuminate\\Http\\Request), Object(Closure))
#39 D:\\xampp7\\htdocs\\zakwanbd\\affiliate\\vendor\\laravel\\framework\\src\\Illuminate\\Foundation\\Http\\Middleware\\CheckForMaintenanceMode.php(63): Illuminate\\Pipeline\\Pipeline->Illuminate\\Pipeline\\{closure}(Object(Illuminate\\Http\\Request))
#40 D:\\xampp7\\htdocs\\zakwanbd\\affiliate\\vendor\\laravel\\framework\\src\\Illuminate\\Pipeline\\Pipeline.php(167): Illuminate\\Foundation\\Http\\Middleware\\CheckForMaintenanceMode->handle(Object(Illuminate\\Http\\Request), Object(Closure))
#41 D:\\xampp7\\htdocs\\zakwanbd\\affiliate\\vendor\\fruitcake\\laravel-cors\\src\\HandleCors.php(37): Illuminate\\Pipeline\\Pipeline->Illuminate\\Pipeline\\{closure}(Object(Illuminate\\Http\\Request))
#42 D:\\xampp7\\htdocs\\zakwanbd\\affiliate\\vendor\\laravel\\framework\\src\\Illuminate\\Pipeline\\Pipeline.php(167): Fruitcake\\Cors\\HandleCors->handle(Object(Illuminate\\Http\\Request), Object(Closure))
#43 D:\\xampp7\\htdocs\\zakwanbd\\affiliate\\vendor\\fideloper\\proxy\\src\\TrustProxies.php(57): Illuminate\\Pipeline\\Pipeline->Illuminate\\Pipeline\\{closure}(Object(Illuminate\\Http\\Request))
#44 D:\\xampp7\\htdocs\\zakwanbd\\affiliate\\vendor\\laravel\\framework\\src\\Illuminate\\Pipeline\\Pipeline.php(167): Fideloper\\Proxy\\TrustProxies->handle(Object(Illuminate\\Http\\Request), Object(Closure))
#45 D:\\xampp7\\htdocs\\zakwanbd\\affiliate\\vendor\\laravel\\framework\\src\\Illuminate\\Pipeline\\Pipeline.php(103): Illuminate\\Pipeline\\Pipeline->Illuminate\\Pipeline\\{closure}(Object(Illuminate\\Http\\Request))
#46 D:\\xampp7\\htdocs\\zakwanbd\\affiliate\\vendor\\laravel\\framework\\src\\Illuminate\\Foundation\\Http\\Kernel.php(140): Illuminate\\Pipeline\\Pipeline->then(Object(Closure))
#47 D:\\xampp7\\htdocs\\zakwanbd\\affiliate\\vendor\\laravel\\framework\\src\\Illuminate\\Foundation\\Http\\Kernel.php(109): Illuminate\\Foundation\\Http\\Kernel->sendRequestThroughRouter(Object(Illuminate\\Http\\Request))
#48 D:\\xampp7\\htdocs\\zakwanbd\\affiliate\\index.php(55): Illuminate\\Foundation\\Http\\Kernel->handle(Object(Illuminate\\Http\\Request))
#49 {main}

[previous exception] [object] (ParseError(code: 0): syntax error, unexpected '$type' (T_VARIABLE), expecting ')' at D:\\xampp7\\htdocs\\zakwanbd\\affiliate\\storage\\framework\\views\\ae2b2af208f3c32828a48723c443de7bc1af3773.php:136)
[stacktrace]
#0 D:\\xampp7\\htdocs\\zakwanbd\\affiliate\\vendor\\laravel\\framework\\src\\Illuminate\\View\\Engines\\CompilerEngine.php(57): Illuminate\\View\\Engines\\PhpEngine->evaluatePath('D:\\\\xampp7\\\\htdoc...', Array)
#1 D:\\xampp7\\htdocs\\zakwanbd\\affiliate\\vendor\\facade\\ignition\\src\\Views\\Engines\\CompilerEngine.php(37): Illuminate\\View\\Engines\\CompilerEngine->get('D:\\\\xampp7\\\\htdoc...', Array)
#2 D:\\xampp7\\htdocs\\zakwanbd\\affiliate\\vendor\\laravel\\framework\\src\\Illuminate\\View\\View.php(139): Facade\\Ignition\\Views\\Engines\\CompilerEngine->get('D:\\\\xampp7\\\\htdoc...', Array)
#3 D:\\xampp7\\htdocs\\zakwanbd\\affiliate\\vendor\\laravel\\framework\\src\\Illuminate\\View\\View.php(122): Illuminate\\View\\View->getContents()
#4 D:\\xampp7\\htdocs\\zakwanbd\\affiliate\\vendor\\laravel\\framework\\src\\Illuminate\\View\\View.php(91): Illuminate\\View\\View->renderContents()
#5 D:\\xampp7\\htdocs\\zakwanbd\\affiliate\\vendor\\laravel\\framework\\src\\Illuminate\\Http\\Response.php(62): Illuminate\\View\\View->render()
#6 D:\\xampp7\\htdocs\\zakwanbd\\affiliate\\vendor\\laravel\\framework\\src\\Illuminate\\Http\\Response.php(34): Illuminate\\Http\\Response->setContent(Object(Illuminate\\View\\View))
#7 D:\\xampp7\\htdocs\\zakwanbd\\affiliate\\vendor\\laravel\\framework\\src\\Illuminate\\Routing\\Router.php(759): Illuminate\\Http\\Response->__construct(Object(Illuminate\\View\\View), 200, Array)
#8 D:\\xampp7\\htdocs\\zakwanbd\\affiliate\\vendor\\laravel\\framework\\src\\Illuminate\\Routing\\Router.php(731): Illuminate\\Routing\\Router::toResponse(Object(Illuminate\\Http\\Request), Object(Illuminate\\View\\View))
#9 D:\\xampp7\\htdocs\\zakwanbd\\affiliate\\vendor\\laravel\\framework\\src\\Illuminate\\Routing\\Router.php(685): Illuminate\\Routing\\Router->prepareResponse(Object(Illuminate\\Http\\Request), Object(Illuminate\\View\\View))
#10 D:\\xampp7\\htdocs\\zakwanbd\\affiliate\\vendor\\laravel\\framework\\src\\Illuminate\\Pipeline\\Pipeline.php(128): Illuminate\\Routing\\Router->Illuminate\\Routing\\{closure}(Object(Illuminate\\Http\\Request))
#11 D:\\xampp7\\htdocs\\zakwanbd\\affiliate\\app\\Http\\Middleware\\AdminMiddleware.php(25): Illuminate\\Pipeline\\Pipeline->Illuminate\\Pipeline\\{closure}(Object(Illuminate\\Http\\Request))
#12 D:\\xampp7\\htdocs\\zakwanbd\\affiliate\\vendor\\laravel\\framework\\src\\Illuminate\\Pipeline\\Pipeline.php(167): App\\Http\\Middleware\\AdminMiddleware->handle(Object(Illuminate\\Http\\Request), Object(Closure))
#13 D:\\xampp7\\htdocs\\zakwanbd\\affiliate\\vendor\\laravel\\framework\\src\\Illuminate\\Routing\\Middleware\\SubstituteBindings.php(41): Illuminate\\Pipeline\\Pipeline->Illuminate\\Pipeline\\{closure}(Object(Illuminate\\Http\\Request))
#14 D:\\xampp7\\htdocs\\zakwanbd\\affiliate\\vendor\\laravel\\framework\\src\\Illuminate\\Pipeline\\Pipeline.php(167): Illuminate\\Routing\\Middleware\\SubstituteBindings->handle(Object(Illuminate\\Http\\Request), Object(Closure))
#15 D:\\xampp7\\htdocs\\zakwanbd\\affiliate\\vendor\\laravel\\framework\\src\\Illuminate\\Foundation\\Http\\Middleware\\VerifyCsrfToken.php(78): Illuminate\\Pipeline\\Pipeline->Illuminate\\Pipeline\\{closure}(Object(Illuminate\\Http\\Request))
#16 D:\\xampp7\\htdocs\\zakwanbd\\affiliate\\vendor\\laravel\\framework\\src\\Illuminate\\Pipeline\\Pipeline.php(167): Illuminate\\Foundation\\Http\\Middleware\\VerifyCsrfToken->handle(Object(Illuminate\\Http\\Request), Object(Closure))
#17 D:\\xampp7\\htdocs\\zakwanbd\\affiliate\\vendor\\laravel\\framework\\src\\Illuminate\\View\\Middleware\\ShareErrorsFromSession.php(49): Illuminate\\Pipeline\\Pipeline->Illuminate\\Pipeline\\{closure}(Object(Illuminate\\Http\\Request))
#18 D:\\xampp7\\htdocs\\zakwanbd\\affiliate\\vendor\\laravel\\framework\\src\\Illuminate\\Pipeline\\Pipeline.php(167): Illuminate\\View\\Middleware\\ShareErrorsFromSession->handle(Object(Illuminate\\Http\\Request), Object(Closure))
#19 D:\\xampp7\\htdocs\\zakwanbd\\affiliate\\vendor\\laravel\\framework\\src\\Illuminate\\Session\\Middleware\\StartSession.php(116): Illuminate\\Pipeline\\Pipeline->Illuminate\\Pipeline\\{closure}(Object(Illuminate\\Http\\Request))
#20 D:\\xampp7\\htdocs\\zakwanbd\\affiliate\\vendor\\laravel\\framework\\src\\Illuminate\\Session\\Middleware\\StartSession.php(62): Illuminate\\Session\\Middleware\\StartSession->handleStatefulRequest(Object(Illuminate\\Http\\Request), Object(Illuminate\\Session\\Store), Object(Closure))
#21 D:\\xampp7\\htdocs\\zakwanbd\\affiliate\\vendor\\laravel\\framework\\src\\Illuminate\\Pipeline\\Pipeline.php(167): Illuminate\\Session\\Middleware\\StartSession->handle(Object(Illuminate\\Http\\Request), Object(Closure))
#22 D:\\xampp7\\htdocs\\zakwanbd\\affiliate\\vendor\\laravel\\framework\\src\\Illuminate\\Cookie\\Middleware\\AddQueuedCookiesToResponse.php(37): Illuminate\\Pipeline\\Pipeline->Illuminate\\Pipeline\\{closure}(Object(Illuminate\\Http\\Request))
#23 D:\\xampp7\\htdocs\\zakwanbd\\affiliate\\vendor\\laravel\\framework\\src\\Illuminate\\Pipeline\\Pipeline.php(167): Illuminate\\Cookie\\Middleware\\AddQueuedCookiesToResponse->handle(Object(Illuminate\\Http\\Request), Object(Closure))
#24 D:\\xampp7\\htdocs\\zakwanbd\\affiliate\\vendor\\laravel\\framework\\src\\Illuminate\\Cookie\\Middleware\\EncryptCookies.php(67): Illuminate\\Pipeline\\Pipeline->Illuminate\\Pipeline\\{closure}(Object(Illuminate\\Http\\Request))
#25 D:\\xampp7\\htdocs\\zakwanbd\\affiliate\\vendor\\laravel\\framework\\src\\Illuminate\\Pipeline\\Pipeline.php(167): Illuminate\\Cookie\\Middleware\\EncryptCookies->handle(Object(Illuminate\\Http\\Request), Object(Closure))
#26 D:\\xampp7\\htdocs\\zakwanbd\\affiliate\\vendor\\laravel\\framework\\src\\Illuminate\\Pipeline\\Pipeline.php(103): Illuminate\\Pipeline\\Pipeline->Illuminate\\Pipeline\\{closure}(Object(Illuminate\\Http\\Request))
#27 D:\\xampp7\\htdocs\\zakwanbd\\affiliate\\vendor\\laravel\\framework\\src\\Illuminate\\Routing\\Router.php(687): Illuminate\\Pipeline\\Pipeline->then(Object(Closure))
#28 D:\\xampp7\\htdocs\\zakwanbd\\affiliate\\vendor\\laravel\\framework\\src\\Illuminate\\Routing\\Router.php(662): Illuminate\\Routing\\Router->runRouteWithinStack(Object(Illuminate\\Routing\\Route), Object(Illuminate\\Http\\Request))
#29 D:\\xampp7\\htdocs\\zakwanbd\\affiliate\\vendor\\laravel\\framework\\src\\Illuminate\\Routing\\Router.php(628): Illuminate\\Routing\\Router->runRoute(Object(Illuminate\\Http\\Request), Object(Illuminate\\Routing\\Route))
#30 D:\\xampp7\\htdocs\\zakwanbd\\affiliate\\vendor\\laravel\\framework\\src\\Illuminate\\Routing\\Router.php(617): Illuminate\\Routing\\Router->dispatchToRoute(Object(Illuminate\\Http\\Request))
#31 D:\\xampp7\\htdocs\\zakwanbd\\affiliate\\vendor\\laravel\\framework\\src\\Illuminate\\Foundation\\Http\\Kernel.php(165): Illuminate\\Routing\\Router->dispatch(Object(Illuminate\\Http\\Request))
#32 D:\\xampp7\\htdocs\\zakwanbd\\affiliate\\vendor\\laravel\\framework\\src\\Illuminate\\Pipeline\\Pipeline.php(128): Illuminate\\Foundation\\Http\\Kernel->Illuminate\\Foundation\\Http\\{closure}(Object(Illuminate\\Http\\Request))
#33 D:\\xampp7\\htdocs\\zakwanbd\\affiliate\\vendor\\laravel\\framework\\src\\Illuminate\\Foundation\\Http\\Middleware\\TransformsRequest.php(21): Illuminate\\Pipeline\\Pipeline->Illuminate\\Pipeline\\{closure}(Object(Illuminate\\Http\\Request))
#34 D:\\xampp7\\htdocs\\zakwanbd\\affiliate\\vendor\\laravel\\framework\\src\\Illuminate\\Pipeline\\Pipeline.php(167): Illuminate\\Foundation\\Http\\Middleware\\TransformsRequest->handle(Object(Illuminate\\Http\\Request), Object(Closure))
#35 D:\\xampp7\\htdocs\\zakwanbd\\affiliate\\vendor\\laravel\\framework\\src\\Illuminate\\Foundation\\Http\\Middleware\\TransformsRequest.php(21): Illuminate\\Pipeline\\Pipeline->Illuminate\\Pipeline\\{closure}(Object(Illuminate\\Http\\Request))
#36 D:\\xampp7\\htdocs\\zakwanbd\\affiliate\\vendor\\laravel\\framework\\src\\Illuminate\\Pipeline\\Pipeline.php(167): Illuminate\\Foundation\\Http\\Middleware\\TransformsRequest->handle(Object(Illuminate\\Http\\Request), Object(Closure))
#37 D:\\xampp7\\htdocs\\zakwanbd\\affiliate\\vendor\\laravel\\framework\\src\\Illuminate\\Foundation\\Http\\Middleware\\ValidatePostSize.php(27): Illuminate\\Pipeline\\Pipeline->Illuminate\\Pipeline\\{closure}(Object(Illuminate\\Http\\Request))
#38 D:\\xampp7\\htdocs\\zakwanbd\\affiliate\\vendor\\laravel\\framework\\src\\Illuminate\\Pipeline\\Pipeline.php(167): Illuminate\\Foundation\\Http\\Middleware\\ValidatePostSize->handle(Object(Illuminate\\Http\\Request), Object(Closure))
#39 D:\\xampp7\\htdocs\\zakwanbd\\affiliate\\vendor\\laravel\\framework\\src\\Illuminate\\Foundation\\Http\\Middleware\\CheckForMaintenanceMode.php(63): Illuminate\\Pipeline\\Pipeline->Illuminate\\Pipeline\\{closure}(Object(Illuminate\\Http\\Request))
#40 D:\\xampp7\\htdocs\\zakwanbd\\affiliate\\vendor\\laravel\\framework\\src\\Illuminate\\Pipeline\\Pipeline.php(167): Illuminate\\Foundation\\Http\\Middleware\\CheckForMaintenanceMode->handle(Object(Illuminate\\Http\\Request), Object(Closure))
#41 D:\\xampp7\\htdocs\\zakwanbd\\affiliate\\vendor\\fruitcake\\laravel-cors\\src\\HandleCors.php(37): Illuminate\\Pipeline\\Pipeline->Illuminate\\Pipeline\\{closure}(Object(Illuminate\\Http\\Request))
#42 D:\\xampp7\\htdocs\\zakwanbd\\affiliate\\vendor\\laravel\\framework\\src\\Illuminate\\Pipeline\\Pipeline.php(167): Fruitcake\\Cors\\HandleCors->handle(Object(Illuminate\\Http\\Request), Object(Closure))
#43 D:\\xampp7\\htdocs\\zakwanbd\\affiliate\\vendor\\fideloper\\proxy\\src\\TrustProxies.php(57): Illuminate\\Pipeline\\Pipeline->Illuminate\\Pipeline\\{closure}(Object(Illuminate\\Http\\Request))
#44 D:\\xampp7\\htdocs\\zakwanbd\\affiliate\\vendor\\laravel\\framework\\src\\Illuminate\\Pipeline\\Pipeline.php(167): Fideloper\\Proxy\\TrustProxies->handle(Object(Illuminate\\Http\\Request), Object(Closure))
#45 D:\\xampp7\\htdocs\\zakwanbd\\affiliate\\vendor\\laravel\\framework\\src\\Illuminate\\Pipeline\\Pipeline.php(103): Illuminate\\Pipeline\\Pipeline->Illuminate\\Pipeline\\{closure}(Object(Illuminate\\Http\\Request))
#46 D:\\xampp7\\htdocs\\zakwanbd\\affiliate\\vendor\\laravel\\framework\\src\\Illuminate\\Foundation\\Http\\Kernel.php(140): Illuminate\\Pipeline\\Pipeline->then(Object(Closure))
#47 D:\\xampp7\\htdocs\\zakwanbd\\affiliate\\vendor\\laravel\\framework\\src\\Illuminate\\Foundation\\Http\\Kernel.php(109): Illuminate\\Foundation\\Http\\Kernel->sendRequestThroughRouter(Object(Illuminate\\Http\\Request))
#48 D:\\xampp7\\htdocs\\zakwanbd\\affiliate\\index.php(55): Illuminate\\Foundation\\Http\\Kernel->handle(Object(Illuminate\\Http\\Request))
#49 {main}
"} 
[2025-04-18 09:02:23] local.ERROR: Method App\Http\Controllers\admin\AdminAffiliteController::labelHistory does not exist. {"exception":"[object] (BadMethodCallException(code: 0): Method App\\Http\\Controllers\\admin\\AdminAffiliteController::labelHistory does not exist. at D:\\xampp7\\htdocs\\zakwanbd\\affiliate\\vendor\\laravel\\framework\\src\\Illuminate\\Routing\\Controller.php:68)
[stacktrace]
#0 D:\\xampp7\\htdocs\\zakwanbd\\affiliate\\vendor\\laravel\\framework\\src\\Illuminate\\Routing\\Controller.php(54): Illuminate\\Routing\\Controller->__call('labelHistory', Array)
#1 D:\\xampp7\\htdocs\\zakwanbd\\affiliate\\vendor\\laravel\\framework\\src\\Illuminate\\Routing\\ControllerDispatcher.php(45): Illuminate\\Routing\\Controller->callAction('labelHistory', Array)
#2 D:\\xampp7\\htdocs\\zakwanbd\\affiliate\\vendor\\laravel\\framework\\src\\Illuminate\\Routing\\Route.php(239): Illuminate\\Routing\\ControllerDispatcher->dispatch(Object(Illuminate\\Routing\\Route), Object(App\\Http\\Controllers\\admin\\AdminAffiliteController), 'labelHistory')
#3 D:\\xampp7\\htdocs\\zakwanbd\\affiliate\\vendor\\laravel\\framework\\src\\Illuminate\\Routing\\Route.php(196): Illuminate\\Routing\\Route->runController()
#4 D:\\xampp7\\htdocs\\zakwanbd\\affiliate\\vendor\\laravel\\framework\\src\\Illuminate\\Routing\\Router.php(685): Illuminate\\Routing\\Route->run()
#5 D:\\xampp7\\htdocs\\zakwanbd\\affiliate\\vendor\\laravel\\framework\\src\\Illuminate\\Pipeline\\Pipeline.php(128): Illuminate\\Routing\\Router->Illuminate\\Routing\\{closure}(Object(Illuminate\\Http\\Request))
#6 D:\\xampp7\\htdocs\\zakwanbd\\affiliate\\app\\Http\\Middleware\\AdminMiddleware.php(25): Illuminate\\Pipeline\\Pipeline->Illuminate\\Pipeline\\{closure}(Object(Illuminate\\Http\\Request))
#7 D:\\xampp7\\htdocs\\zakwanbd\\affiliate\\vendor\\laravel\\framework\\src\\Illuminate\\Pipeline\\Pipeline.php(167): App\\Http\\Middleware\\AdminMiddleware->handle(Object(Illuminate\\Http\\Request), Object(Closure))
#8 D:\\xampp7\\htdocs\\zakwanbd\\affiliate\\vendor\\laravel\\framework\\src\\Illuminate\\Routing\\Middleware\\SubstituteBindings.php(41): Illuminate\\Pipeline\\Pipeline->Illuminate\\Pipeline\\{closure}(Object(Illuminate\\Http\\Request))
#9 D:\\xampp7\\htdocs\\zakwanbd\\affiliate\\vendor\\laravel\\framework\\src\\Illuminate\\Pipeline\\Pipeline.php(167): Illuminate\\Routing\\Middleware\\SubstituteBindings->handle(Object(Illuminate\\Http\\Request), Object(Closure))
#10 D:\\xampp7\\htdocs\\zakwanbd\\affiliate\\vendor\\laravel\\framework\\src\\Illuminate\\Foundation\\Http\\Middleware\\VerifyCsrfToken.php(78): Illuminate\\Pipeline\\Pipeline->Illuminate\\Pipeline\\{closure}(Object(Illuminate\\Http\\Request))
#11 D:\\xampp7\\htdocs\\zakwanbd\\affiliate\\vendor\\laravel\\framework\\src\\Illuminate\\Pipeline\\Pipeline.php(167): Illuminate\\Foundation\\Http\\Middleware\\VerifyCsrfToken->handle(Object(Illuminate\\Http\\Request), Object(Closure))
#12 D:\\xampp7\\htdocs\\zakwanbd\\affiliate\\vendor\\laravel\\framework\\src\\Illuminate\\View\\Middleware\\ShareErrorsFromSession.php(49): Illuminate\\Pipeline\\Pipeline->Illuminate\\Pipeline\\{closure}(Object(Illuminate\\Http\\Request))
#13 D:\\xampp7\\htdocs\\zakwanbd\\affiliate\\vendor\\laravel\\framework\\src\\Illuminate\\Pipeline\\Pipeline.php(167): Illuminate\\View\\Middleware\\ShareErrorsFromSession->handle(Object(Illuminate\\Http\\Request), Object(Closure))
#14 D:\\xampp7\\htdocs\\zakwanbd\\affiliate\\vendor\\laravel\\framework\\src\\Illuminate\\Session\\Middleware\\StartSession.php(116): Illuminate\\Pipeline\\Pipeline->Illuminate\\Pipeline\\{closure}(Object(Illuminate\\Http\\Request))
#15 D:\\xampp7\\htdocs\\zakwanbd\\affiliate\\vendor\\laravel\\framework\\src\\Illuminate\\Session\\Middleware\\StartSession.php(62): Illuminate\\Session\\Middleware\\StartSession->handleStatefulRequest(Object(Illuminate\\Http\\Request), Object(Illuminate\\Session\\Store), Object(Closure))
#16 D:\\xampp7\\htdocs\\zakwanbd\\affiliate\\vendor\\laravel\\framework\\src\\Illuminate\\Pipeline\\Pipeline.php(167): Illuminate\\Session\\Middleware\\StartSession->handle(Object(Illuminate\\Http\\Request), Object(Closure))
#17 D:\\xampp7\\htdocs\\zakwanbd\\affiliate\\vendor\\laravel\\framework\\src\\Illuminate\\Cookie\\Middleware\\AddQueuedCookiesToResponse.php(37): Illuminate\\Pipeline\\Pipeline->Illuminate\\Pipeline\\{closure}(Object(Illuminate\\Http\\Request))
#18 D:\\xampp7\\htdocs\\zakwanbd\\affiliate\\vendor\\laravel\\framework\\src\\Illuminate\\Pipeline\\Pipeline.php(167): Illuminate\\Cookie\\Middleware\\AddQueuedCookiesToResponse->handle(Object(Illuminate\\Http\\Request), Object(Closure))
#19 D:\\xampp7\\htdocs\\zakwanbd\\affiliate\\vendor\\laravel\\framework\\src\\Illuminate\\Cookie\\Middleware\\EncryptCookies.php(67): Illuminate\\Pipeline\\Pipeline->Illuminate\\Pipeline\\{closure}(Object(Illuminate\\Http\\Request))
#20 D:\\xampp7\\htdocs\\zakwanbd\\affiliate\\vendor\\laravel\\framework\\src\\Illuminate\\Pipeline\\Pipeline.php(167): Illuminate\\Cookie\\Middleware\\EncryptCookies->handle(Object(Illuminate\\Http\\Request), Object(Closure))
#21 D:\\xampp7\\htdocs\\zakwanbd\\affiliate\\vendor\\laravel\\framework\\src\\Illuminate\\Pipeline\\Pipeline.php(103): Illuminate\\Pipeline\\Pipeline->Illuminate\\Pipeline\\{closure}(Object(Illuminate\\Http\\Request))
#22 D:\\xampp7\\htdocs\\zakwanbd\\affiliate\\vendor\\laravel\\framework\\src\\Illuminate\\Routing\\Router.php(687): Illuminate\\Pipeline\\Pipeline->then(Object(Closure))
#23 D:\\xampp7\\htdocs\\zakwanbd\\affiliate\\vendor\\laravel\\framework\\src\\Illuminate\\Routing\\Router.php(662): Illuminate\\Routing\\Router->runRouteWithinStack(Object(Illuminate\\Routing\\Route), Object(Illuminate\\Http\\Request))
#24 D:\\xampp7\\htdocs\\zakwanbd\\affiliate\\vendor\\laravel\\framework\\src\\Illuminate\\Routing\\Router.php(628): Illuminate\\Routing\\Router->runRoute(Object(Illuminate\\Http\\Request), Object(Illuminate\\Routing\\Route))
#25 D:\\xampp7\\htdocs\\zakwanbd\\affiliate\\vendor\\laravel\\framework\\src\\Illuminate\\Routing\\Router.php(617): Illuminate\\Routing\\Router->dispatchToRoute(Object(Illuminate\\Http\\Request))
#26 D:\\xampp7\\htdocs\\zakwanbd\\affiliate\\vendor\\laravel\\framework\\src\\Illuminate\\Foundation\\Http\\Kernel.php(165): Illuminate\\Routing\\Router->dispatch(Object(Illuminate\\Http\\Request))
#27 D:\\xampp7\\htdocs\\zakwanbd\\affiliate\\vendor\\laravel\\framework\\src\\Illuminate\\Pipeline\\Pipeline.php(128): Illuminate\\Foundation\\Http\\Kernel->Illuminate\\Foundation\\Http\\{closure}(Object(Illuminate\\Http\\Request))
#28 D:\\xampp7\\htdocs\\zakwanbd\\affiliate\\vendor\\laravel\\framework\\src\\Illuminate\\Foundation\\Http\\Middleware\\TransformsRequest.php(21): Illuminate\\Pipeline\\Pipeline->Illuminate\\Pipeline\\{closure}(Object(Illuminate\\Http\\Request))
#29 D:\\xampp7\\htdocs\\zakwanbd\\affiliate\\vendor\\laravel\\framework\\src\\Illuminate\\Pipeline\\Pipeline.php(167): Illuminate\\Foundation\\Http\\Middleware\\TransformsRequest->handle(Object(Illuminate\\Http\\Request), Object(Closure))
#30 D:\\xampp7\\htdocs\\zakwanbd\\affiliate\\vendor\\laravel\\framework\\src\\Illuminate\\Foundation\\Http\\Middleware\\TransformsRequest.php(21): Illuminate\\Pipeline\\Pipeline->Illuminate\\Pipeline\\{closure}(Object(Illuminate\\Http\\Request))
#31 D:\\xampp7\\htdocs\\zakwanbd\\affiliate\\vendor\\laravel\\framework\\src\\Illuminate\\Pipeline\\Pipeline.php(167): Illuminate\\Foundation\\Http\\Middleware\\TransformsRequest->handle(Object(Illuminate\\Http\\Request), Object(Closure))
#32 D:\\xampp7\\htdocs\\zakwanbd\\affiliate\\vendor\\laravel\\framework\\src\\Illuminate\\Foundation\\Http\\Middleware\\ValidatePostSize.php(27): Illuminate\\Pipeline\\Pipeline->Illuminate\\Pipeline\\{closure}(Object(Illuminate\\Http\\Request))
#33 D:\\xampp7\\htdocs\\zakwanbd\\affiliate\\vendor\\laravel\\framework\\src\\Illuminate\\Pipeline\\Pipeline.php(167): Illuminate\\Foundation\\Http\\Middleware\\ValidatePostSize->handle(Object(Illuminate\\Http\\Request), Object(Closure))
#34 D:\\xampp7\\htdocs\\zakwanbd\\affiliate\\vendor\\laravel\\framework\\src\\Illuminate\\Foundation\\Http\\Middleware\\CheckForMaintenanceMode.php(63): Illuminate\\Pipeline\\Pipeline->Illuminate\\Pipeline\\{closure}(Object(Illuminate\\Http\\Request))
#35 D:\\xampp7\\htdocs\\zakwanbd\\affiliate\\vendor\\laravel\\framework\\src\\Illuminate\\Pipeline\\Pipeline.php(167): Illuminate\\Foundation\\Http\\Middleware\\CheckForMaintenanceMode->handle(Object(Illuminate\\Http\\Request), Object(Closure))
#36 D:\\xampp7\\htdocs\\zakwanbd\\affiliate\\vendor\\fruitcake\\laravel-cors\\src\\HandleCors.php(37): Illuminate\\Pipeline\\Pipeline->Illuminate\\Pipeline\\{closure}(Object(Illuminate\\Http\\Request))
#37 D:\\xampp7\\htdocs\\zakwanbd\\affiliate\\vendor\\laravel\\framework\\src\\Illuminate\\Pipeline\\Pipeline.php(167): Fruitcake\\Cors\\HandleCors->handle(Object(Illuminate\\Http\\Request), Object(Closure))
#38 D:\\xampp7\\htdocs\\zakwanbd\\affiliate\\vendor\\fideloper\\proxy\\src\\TrustProxies.php(57): Illuminate\\Pipeline\\Pipeline->Illuminate\\Pipeline\\{closure}(Object(Illuminate\\Http\\Request))
#39 D:\\xampp7\\htdocs\\zakwanbd\\affiliate\\vendor\\laravel\\framework\\src\\Illuminate\\Pipeline\\Pipeline.php(167): Fideloper\\Proxy\\TrustProxies->handle(Object(Illuminate\\Http\\Request), Object(Closure))
#40 D:\\xampp7\\htdocs\\zakwanbd\\affiliate\\vendor\\laravel\\framework\\src\\Illuminate\\Pipeline\\Pipeline.php(103): Illuminate\\Pipeline\\Pipeline->Illuminate\\Pipeline\\{closure}(Object(Illuminate\\Http\\Request))
#41 D:\\xampp7\\htdocs\\zakwanbd\\affiliate\\vendor\\laravel\\framework\\src\\Illuminate\\Foundation\\Http\\Kernel.php(140): Illuminate\\Pipeline\\Pipeline->then(Object(Closure))
#42 D:\\xampp7\\htdocs\\zakwanbd\\affiliate\\vendor\\laravel\\framework\\src\\Illuminate\\Foundation\\Http\\Kernel.php(109): Illuminate\\Foundation\\Http\\Kernel->sendRequestThroughRouter(Object(Illuminate\\Http\\Request))
#43 D:\\xampp7\\htdocs\\zakwanbd\\affiliate\\index.php(55): Illuminate\\Foundation\\Http\\Kernel->handle(Object(Illuminate\\Http\\Request))
#44 {main}
"} 
[2025-04-18 09:15:47] local.ERROR: Call to undefined relationship [incomeFor] on model [App\IncomeHistory]. {"exception":"[object] (Illuminate\\Database\\Eloquent\\RelationNotFoundException(code: 0): Call to undefined relationship [incomeFor] on model [App\\IncomeHistory]. at D:\\xampp7\\htdocs\\zakwanbd\\affiliate\\vendor\\laravel\\framework\\src\\Illuminate\\Database\\Eloquent\\RelationNotFoundException.php:34)
[stacktrace]
#0 D:\\xampp7\\htdocs\\zakwanbd\\affiliate\\vendor\\laravel\\framework\\src\\Illuminate\\Database\\Eloquent\\Builder.php(615): Illuminate\\Database\\Eloquent\\RelationNotFoundException::make(Object(App\\IncomeHistory), 'incomeFor')
#1 D:\\xampp7\\htdocs\\zakwanbd\\affiliate\\vendor\\laravel\\framework\\src\\Illuminate\\Database\\Eloquent\\Relations\\Relation.php(90): Illuminate\\Database\\Eloquent\\Builder->Illuminate\\Database\\Eloquent\\{closure}()
#2 D:\\xampp7\\htdocs\\zakwanbd\\affiliate\\vendor\\laravel\\framework\\src\\Illuminate\\Database\\Eloquent\\Builder.php(617): Illuminate\\Database\\Eloquent\\Relations\\Relation::noConstraints(Object(Closure))
#3 D:\\xampp7\\htdocs\\zakwanbd\\affiliate\\vendor\\laravel\\framework\\src\\Illuminate\\Database\\Eloquent\\Builder.php(585): Illuminate\\Database\\Eloquent\\Builder->getRelation('incomeFor')
#4 D:\\xampp7\\htdocs\\zakwanbd\\affiliate\\vendor\\laravel\\framework\\src\\Illuminate\\Database\\Eloquent\\Builder.php(565): Illuminate\\Database\\Eloquent\\Builder->eagerLoadRelation(Array, 'incomeFor', Object(Closure))
#5 D:\\xampp7\\htdocs\\zakwanbd\\affiliate\\vendor\\laravel\\framework\\src\\Illuminate\\Database\\Eloquent\\Builder.php(533): Illuminate\\Database\\Eloquent\\Builder->eagerLoadRelations(Array)
#6 D:\\xampp7\\htdocs\\zakwanbd\\affiliate\\vendor\\laravel\\framework\\src\\Illuminate\\Database\\Eloquent\\Builder.php(732): Illuminate\\Database\\Eloquent\\Builder->get(Array)
#7 D:\\xampp7\\htdocs\\zakwanbd\\affiliate\\app\\Http\\Controllers\\admin\\AdminAffiliteController.php(1944): Illuminate\\Database\\Eloquent\\Builder->paginate(15)
#8 D:\\xampp7\\htdocs\\zakwanbd\\affiliate\\vendor\\laravel\\framework\\src\\Illuminate\\Routing\\Controller.php(54): App\\Http\\Controllers\\admin\\AdminAffiliteController->labelHistory()
#9 D:\\xampp7\\htdocs\\zakwanbd\\affiliate\\vendor\\laravel\\framework\\src\\Illuminate\\Routing\\ControllerDispatcher.php(45): Illuminate\\Routing\\Controller->callAction('labelHistory', Array)
#10 D:\\xampp7\\htdocs\\zakwanbd\\affiliate\\vendor\\laravel\\framework\\src\\Illuminate\\Routing\\Route.php(239): Illuminate\\Routing\\ControllerDispatcher->dispatch(Object(Illuminate\\Routing\\Route), Object(App\\Http\\Controllers\\admin\\AdminAffiliteController), 'labelHistory')
#11 D:\\xampp7\\htdocs\\zakwanbd\\affiliate\\vendor\\laravel\\framework\\src\\Illuminate\\Routing\\Route.php(196): Illuminate\\Routing\\Route->runController()
#12 D:\\xampp7\\htdocs\\zakwanbd\\affiliate\\vendor\\laravel\\framework\\src\\Illuminate\\Routing\\Router.php(685): Illuminate\\Routing\\Route->run()
#13 D:\\xampp7\\htdocs\\zakwanbd\\affiliate\\vendor\\laravel\\framework\\src\\Illuminate\\Pipeline\\Pipeline.php(128): Illuminate\\Routing\\Router->Illuminate\\Routing\\{closure}(Object(Illuminate\\Http\\Request))
#14 D:\\xampp7\\htdocs\\zakwanbd\\affiliate\\app\\Http\\Middleware\\AdminMiddleware.php(25): Illuminate\\Pipeline\\Pipeline->Illuminate\\Pipeline\\{closure}(Object(Illuminate\\Http\\Request))
#15 D:\\xampp7\\htdocs\\zakwanbd\\affiliate\\vendor\\laravel\\framework\\src\\Illuminate\\Pipeline\\Pipeline.php(167): App\\Http\\Middleware\\AdminMiddleware->handle(Object(Illuminate\\Http\\Request), Object(Closure))
#16 D:\\xampp7\\htdocs\\zakwanbd\\affiliate\\vendor\\laravel\\framework\\src\\Illuminate\\Routing\\Middleware\\SubstituteBindings.php(41): Illuminate\\Pipeline\\Pipeline->Illuminate\\Pipeline\\{closure}(Object(Illuminate\\Http\\Request))
#17 D:\\xampp7\\htdocs\\zakwanbd\\affiliate\\vendor\\laravel\\framework\\src\\Illuminate\\Pipeline\\Pipeline.php(167): Illuminate\\Routing\\Middleware\\SubstituteBindings->handle(Object(Illuminate\\Http\\Request), Object(Closure))
#18 D:\\xampp7\\htdocs\\zakwanbd\\affiliate\\vendor\\laravel\\framework\\src\\Illuminate\\Foundation\\Http\\Middleware\\VerifyCsrfToken.php(78): Illuminate\\Pipeline\\Pipeline->Illuminate\\Pipeline\\{closure}(Object(Illuminate\\Http\\Request))
#19 D:\\xampp7\\htdocs\\zakwanbd\\affiliate\\vendor\\laravel\\framework\\src\\Illuminate\\Pipeline\\Pipeline.php(167): Illuminate\\Foundation\\Http\\Middleware\\VerifyCsrfToken->handle(Object(Illuminate\\Http\\Request), Object(Closure))
#20 D:\\xampp7\\htdocs\\zakwanbd\\affiliate\\vendor\\laravel\\framework\\src\\Illuminate\\View\\Middleware\\ShareErrorsFromSession.php(49): Illuminate\\Pipeline\\Pipeline->Illuminate\\Pipeline\\{closure}(Object(Illuminate\\Http\\Request))
#21 D:\\xampp7\\htdocs\\zakwanbd\\affiliate\\vendor\\laravel\\framework\\src\\Illuminate\\Pipeline\\Pipeline.php(167): Illuminate\\View\\Middleware\\ShareErrorsFromSession->handle(Object(Illuminate\\Http\\Request), Object(Closure))
#22 D:\\xampp7\\htdocs\\zakwanbd\\affiliate\\vendor\\laravel\\framework\\src\\Illuminate\\Session\\Middleware\\StartSession.php(116): Illuminate\\Pipeline\\Pipeline->Illuminate\\Pipeline\\{closure}(Object(Illuminate\\Http\\Request))
#23 D:\\xampp7\\htdocs\\zakwanbd\\affiliate\\vendor\\laravel\\framework\\src\\Illuminate\\Session\\Middleware\\StartSession.php(62): Illuminate\\Session\\Middleware\\StartSession->handleStatefulRequest(Object(Illuminate\\Http\\Request), Object(Illuminate\\Session\\Store), Object(Closure))
#24 D:\\xampp7\\htdocs\\zakwanbd\\affiliate\\vendor\\laravel\\framework\\src\\Illuminate\\Pipeline\\Pipeline.php(167): Illuminate\\Session\\Middleware\\StartSession->handle(Object(Illuminate\\Http\\Request), Object(Closure))
#25 D:\\xampp7\\htdocs\\zakwanbd\\affiliate\\vendor\\laravel\\framework\\src\\Illuminate\\Cookie\\Middleware\\AddQueuedCookiesToResponse.php(37): Illuminate\\Pipeline\\Pipeline->Illuminate\\Pipeline\\{closure}(Object(Illuminate\\Http\\Request))
#26 D:\\xampp7\\htdocs\\zakwanbd\\affiliate\\vendor\\laravel\\framework\\src\\Illuminate\\Pipeline\\Pipeline.php(167): Illuminate\\Cookie\\Middleware\\AddQueuedCookiesToResponse->handle(Object(Illuminate\\Http\\Request), Object(Closure))
#27 D:\\xampp7\\htdocs\\zakwanbd\\affiliate\\vendor\\laravel\\framework\\src\\Illuminate\\Cookie\\Middleware\\EncryptCookies.php(67): Illuminate\\Pipeline\\Pipeline->Illuminate\\Pipeline\\{closure}(Object(Illuminate\\Http\\Request))
#28 D:\\xampp7\\htdocs\\zakwanbd\\affiliate\\vendor\\laravel\\framework\\src\\Illuminate\\Pipeline\\Pipeline.php(167): Illuminate\\Cookie\\Middleware\\EncryptCookies->handle(Object(Illuminate\\Http\\Request), Object(Closure))
#29 D:\\xampp7\\htdocs\\zakwanbd\\affiliate\\vendor\\laravel\\framework\\src\\Illuminate\\Pipeline\\Pipeline.php(103): Illuminate\\Pipeline\\Pipeline->Illuminate\\Pipeline\\{closure}(Object(Illuminate\\Http\\Request))
#30 D:\\xampp7\\htdocs\\zakwanbd\\affiliate\\vendor\\laravel\\framework\\src\\Illuminate\\Routing\\Router.php(687): Illuminate\\Pipeline\\Pipeline->then(Object(Closure))
#31 D:\\xampp7\\htdocs\\zakwanbd\\affiliate\\vendor\\laravel\\framework\\src\\Illuminate\\Routing\\Router.php(662): Illuminate\\Routing\\Router->runRouteWithinStack(Object(Illuminate\\Routing\\Route), Object(Illuminate\\Http\\Request))
#32 D:\\xampp7\\htdocs\\zakwanbd\\affiliate\\vendor\\laravel\\framework\\src\\Illuminate\\Routing\\Router.php(628): Illuminate\\Routing\\Router->runRoute(Object(Illuminate\\Http\\Request), Object(Illuminate\\Routing\\Route))
#33 D:\\xampp7\\htdocs\\zakwanbd\\affiliate\\vendor\\laravel\\framework\\src\\Illuminate\\Routing\\Router.php(617): Illuminate\\Routing\\Router->dispatchToRoute(Object(Illuminate\\Http\\Request))
#34 D:\\xampp7\\htdocs\\zakwanbd\\affiliate\\vendor\\laravel\\framework\\src\\Illuminate\\Foundation\\Http\\Kernel.php(165): Illuminate\\Routing\\Router->dispatch(Object(Illuminate\\Http\\Request))
#35 D:\\xampp7\\htdocs\\zakwanbd\\affiliate\\vendor\\laravel\\framework\\src\\Illuminate\\Pipeline\\Pipeline.php(128): Illuminate\\Foundation\\Http\\Kernel->Illuminate\\Foundation\\Http\\{closure}(Object(Illuminate\\Http\\Request))
#36 D:\\xampp7\\htdocs\\zakwanbd\\affiliate\\vendor\\laravel\\framework\\src\\Illuminate\\Foundation\\Http\\Middleware\\TransformsRequest.php(21): Illuminate\\Pipeline\\Pipeline->Illuminate\\Pipeline\\{closure}(Object(Illuminate\\Http\\Request))
#37 D:\\xampp7\\htdocs\\zakwanbd\\affiliate\\vendor\\laravel\\framework\\src\\Illuminate\\Pipeline\\Pipeline.php(167): Illuminate\\Foundation\\Http\\Middleware\\TransformsRequest->handle(Object(Illuminate\\Http\\Request), Object(Closure))
#38 D:\\xampp7\\htdocs\\zakwanbd\\affiliate\\vendor\\laravel\\framework\\src\\Illuminate\\Foundation\\Http\\Middleware\\TransformsRequest.php(21): Illuminate\\Pipeline\\Pipeline->Illuminate\\Pipeline\\{closure}(Object(Illuminate\\Http\\Request))
#39 D:\\xampp7\\htdocs\\zakwanbd\\affiliate\\vendor\\laravel\\framework\\src\\Illuminate\\Pipeline\\Pipeline.php(167): Illuminate\\Foundation\\Http\\Middleware\\TransformsRequest->handle(Object(Illuminate\\Http\\Request), Object(Closure))
#40 D:\\xampp7\\htdocs\\zakwanbd\\affiliate\\vendor\\laravel\\framework\\src\\Illuminate\\Foundation\\Http\\Middleware\\ValidatePostSize.php(27): Illuminate\\Pipeline\\Pipeline->Illuminate\\Pipeline\\{closure}(Object(Illuminate\\Http\\Request))
#41 D:\\xampp7\\htdocs\\zakwanbd\\affiliate\\vendor\\laravel\\framework\\src\\Illuminate\\Pipeline\\Pipeline.php(167): Illuminate\\Foundation\\Http\\Middleware\\ValidatePostSize->handle(Object(Illuminate\\Http\\Request), Object(Closure))
#42 D:\\xampp7\\htdocs\\zakwanbd\\affiliate\\vendor\\laravel\\framework\\src\\Illuminate\\Foundation\\Http\\Middleware\\CheckForMaintenanceMode.php(63): Illuminate\\Pipeline\\Pipeline->Illuminate\\Pipeline\\{closure}(Object(Illuminate\\Http\\Request))
#43 D:\\xampp7\\htdocs\\zakwanbd\\affiliate\\vendor\\laravel\\framework\\src\\Illuminate\\Pipeline\\Pipeline.php(167): Illuminate\\Foundation\\Http\\Middleware\\CheckForMaintenanceMode->handle(Object(Illuminate\\Http\\Request), Object(Closure))
#44 D:\\xampp7\\htdocs\\zakwanbd\\affiliate\\vendor\\fruitcake\\laravel-cors\\src\\HandleCors.php(37): Illuminate\\Pipeline\\Pipeline->Illuminate\\Pipeline\\{closure}(Object(Illuminate\\Http\\Request))
#45 D:\\xampp7\\htdocs\\zakwanbd\\affiliate\\vendor\\laravel\\framework\\src\\Illuminate\\Pipeline\\Pipeline.php(167): Fruitcake\\Cors\\HandleCors->handle(Object(Illuminate\\Http\\Request), Object(Closure))
#46 D:\\xampp7\\htdocs\\zakwanbd\\affiliate\\vendor\\fideloper\\proxy\\src\\TrustProxies.php(57): Illuminate\\Pipeline\\Pipeline->Illuminate\\Pipeline\\{closure}(Object(Illuminate\\Http\\Request))
#47 D:\\xampp7\\htdocs\\zakwanbd\\affiliate\\vendor\\laravel\\framework\\src\\Illuminate\\Pipeline\\Pipeline.php(167): Fideloper\\Proxy\\TrustProxies->handle(Object(Illuminate\\Http\\Request), Object(Closure))
#48 D:\\xampp7\\htdocs\\zakwanbd\\affiliate\\vendor\\laravel\\framework\\src\\Illuminate\\Pipeline\\Pipeline.php(103): Illuminate\\Pipeline\\Pipeline->Illuminate\\Pipeline\\{closure}(Object(Illuminate\\Http\\Request))
#49 D:\\xampp7\\htdocs\\zakwanbd\\affiliate\\vendor\\laravel\\framework\\src\\Illuminate\\Foundation\\Http\\Kernel.php(140): Illuminate\\Pipeline\\Pipeline->then(Object(Closure))
#50 D:\\xampp7\\htdocs\\zakwanbd\\affiliate\\vendor\\laravel\\framework\\src\\Illuminate\\Foundation\\Http\\Kernel.php(109): Illuminate\\Foundation\\Http\\Kernel->sendRequestThroughRouter(Object(Illuminate\\Http\\Request))
#51 D:\\xampp7\\htdocs\\zakwanbd\\affiliate\\index.php(55): Illuminate\\Foundation\\Http\\Kernel->handle(Object(Illuminate\\Http\\Request))
#52 {main}
"} 
[2025-04-18 09:17:58] local.ERROR: Call to undefined relationship [incomeFor] on model [App\IncomeHistory]. {"exception":"[object] (Illuminate\\Database\\Eloquent\\RelationNotFoundException(code: 0): Call to undefined relationship [incomeFor] on model [App\\IncomeHistory]. at D:\\xampp7\\htdocs\\zakwanbd\\affiliate\\vendor\\laravel\\framework\\src\\Illuminate\\Database\\Eloquent\\RelationNotFoundException.php:34)
[stacktrace]
#0 D:\\xampp7\\htdocs\\zakwanbd\\affiliate\\vendor\\laravel\\framework\\src\\Illuminate\\Database\\Eloquent\\Builder.php(615): Illuminate\\Database\\Eloquent\\RelationNotFoundException::make(Object(App\\IncomeHistory), 'incomeFor')
#1 D:\\xampp7\\htdocs\\zakwanbd\\affiliate\\vendor\\laravel\\framework\\src\\Illuminate\\Database\\Eloquent\\Relations\\Relation.php(90): Illuminate\\Database\\Eloquent\\Builder->Illuminate\\Database\\Eloquent\\{closure}()
#2 D:\\xampp7\\htdocs\\zakwanbd\\affiliate\\vendor\\laravel\\framework\\src\\Illuminate\\Database\\Eloquent\\Builder.php(617): Illuminate\\Database\\Eloquent\\Relations\\Relation::noConstraints(Object(Closure))
#3 D:\\xampp7\\htdocs\\zakwanbd\\affiliate\\vendor\\laravel\\framework\\src\\Illuminate\\Database\\Eloquent\\Builder.php(585): Illuminate\\Database\\Eloquent\\Builder->getRelation('incomeFor')
#4 D:\\xampp7\\htdocs\\zakwanbd\\affiliate\\vendor\\laravel\\framework\\src\\Illuminate\\Database\\Eloquent\\Builder.php(565): Illuminate\\Database\\Eloquent\\Builder->eagerLoadRelation(Array, 'incomeFor', Object(Closure))
#5 D:\\xampp7\\htdocs\\zakwanbd\\affiliate\\vendor\\laravel\\framework\\src\\Illuminate\\Database\\Eloquent\\Builder.php(533): Illuminate\\Database\\Eloquent\\Builder->eagerLoadRelations(Array)
#6 D:\\xampp7\\htdocs\\zakwanbd\\affiliate\\vendor\\laravel\\framework\\src\\Illuminate\\Database\\Eloquent\\Builder.php(732): Illuminate\\Database\\Eloquent\\Builder->get(Array)
#7 D:\\xampp7\\htdocs\\zakwanbd\\affiliate\\app\\Http\\Controllers\\admin\\AdminAffiliteController.php(1944): Illuminate\\Database\\Eloquent\\Builder->paginate(15)
#8 D:\\xampp7\\htdocs\\zakwanbd\\affiliate\\vendor\\laravel\\framework\\src\\Illuminate\\Routing\\Controller.php(54): App\\Http\\Controllers\\admin\\AdminAffiliteController->labelHistory()
#9 D:\\xampp7\\htdocs\\zakwanbd\\affiliate\\vendor\\laravel\\framework\\src\\Illuminate\\Routing\\ControllerDispatcher.php(45): Illuminate\\Routing\\Controller->callAction('labelHistory', Array)
#10 D:\\xampp7\\htdocs\\zakwanbd\\affiliate\\vendor\\laravel\\framework\\src\\Illuminate\\Routing\\Route.php(239): Illuminate\\Routing\\ControllerDispatcher->dispatch(Object(Illuminate\\Routing\\Route), Object(App\\Http\\Controllers\\admin\\AdminAffiliteController), 'labelHistory')
#11 D:\\xampp7\\htdocs\\zakwanbd\\affiliate\\vendor\\laravel\\framework\\src\\Illuminate\\Routing\\Route.php(196): Illuminate\\Routing\\Route->runController()
#12 D:\\xampp7\\htdocs\\zakwanbd\\affiliate\\vendor\\laravel\\framework\\src\\Illuminate\\Routing\\Router.php(685): Illuminate\\Routing\\Route->run()
#13 D:\\xampp7\\htdocs\\zakwanbd\\affiliate\\vendor\\laravel\\framework\\src\\Illuminate\\Pipeline\\Pipeline.php(128): Illuminate\\Routing\\Router->Illuminate\\Routing\\{closure}(Object(Illuminate\\Http\\Request))
#14 D:\\xampp7\\htdocs\\zakwanbd\\affiliate\\app\\Http\\Middleware\\AdminMiddleware.php(25): Illuminate\\Pipeline\\Pipeline->Illuminate\\Pipeline\\{closure}(Object(Illuminate\\Http\\Request))
#15 D:\\xampp7\\htdocs\\zakwanbd\\affiliate\\vendor\\laravel\\framework\\src\\Illuminate\\Pipeline\\Pipeline.php(167): App\\Http\\Middleware\\AdminMiddleware->handle(Object(Illuminate\\Http\\Request), Object(Closure))
#16 D:\\xampp7\\htdocs\\zakwanbd\\affiliate\\vendor\\laravel\\framework\\src\\Illuminate\\Routing\\Middleware\\SubstituteBindings.php(41): Illuminate\\Pipeline\\Pipeline->Illuminate\\Pipeline\\{closure}(Object(Illuminate\\Http\\Request))
#17 D:\\xampp7\\htdocs\\zakwanbd\\affiliate\\vendor\\laravel\\framework\\src\\Illuminate\\Pipeline\\Pipeline.php(167): Illuminate\\Routing\\Middleware\\SubstituteBindings->handle(Object(Illuminate\\Http\\Request), Object(Closure))
#18 D:\\xampp7\\htdocs\\zakwanbd\\affiliate\\vendor\\laravel\\framework\\src\\Illuminate\\Foundation\\Http\\Middleware\\VerifyCsrfToken.php(78): Illuminate\\Pipeline\\Pipeline->Illuminate\\Pipeline\\{closure}(Object(Illuminate\\Http\\Request))
#19 D:\\xampp7\\htdocs\\zakwanbd\\affiliate\\vendor\\laravel\\framework\\src\\Illuminate\\Pipeline\\Pipeline.php(167): Illuminate\\Foundation\\Http\\Middleware\\VerifyCsrfToken->handle(Object(Illuminate\\Http\\Request), Object(Closure))
#20 D:\\xampp7\\htdocs\\zakwanbd\\affiliate\\vendor\\laravel\\framework\\src\\Illuminate\\View\\Middleware\\ShareErrorsFromSession.php(49): Illuminate\\Pipeline\\Pipeline->Illuminate\\Pipeline\\{closure}(Object(Illuminate\\Http\\Request))
#21 D:\\xampp7\\htdocs\\zakwanbd\\affiliate\\vendor\\laravel\\framework\\src\\Illuminate\\Pipeline\\Pipeline.php(167): Illuminate\\View\\Middleware\\ShareErrorsFromSession->handle(Object(Illuminate\\Http\\Request), Object(Closure))
#22 D:\\xampp7\\htdocs\\zakwanbd\\affiliate\\vendor\\laravel\\framework\\src\\Illuminate\\Session\\Middleware\\StartSession.php(116): Illuminate\\Pipeline\\Pipeline->Illuminate\\Pipeline\\{closure}(Object(Illuminate\\Http\\Request))
#23 D:\\xampp7\\htdocs\\zakwanbd\\affiliate\\vendor\\laravel\\framework\\src\\Illuminate\\Session\\Middleware\\StartSession.php(62): Illuminate\\Session\\Middleware\\StartSession->handleStatefulRequest(Object(Illuminate\\Http\\Request), Object(Illuminate\\Session\\Store), Object(Closure))
#24 D:\\xampp7\\htdocs\\zakwanbd\\affiliate\\vendor\\laravel\\framework\\src\\Illuminate\\Pipeline\\Pipeline.php(167): Illuminate\\Session\\Middleware\\StartSession->handle(Object(Illuminate\\Http\\Request), Object(Closure))
#25 D:\\xampp7\\htdocs\\zakwanbd\\affiliate\\vendor\\laravel\\framework\\src\\Illuminate\\Cookie\\Middleware\\AddQueuedCookiesToResponse.php(37): Illuminate\\Pipeline\\Pipeline->Illuminate\\Pipeline\\{closure}(Object(Illuminate\\Http\\Request))
#26 D:\\xampp7\\htdocs\\zakwanbd\\affiliate\\vendor\\laravel\\framework\\src\\Illuminate\\Pipeline\\Pipeline.php(167): Illuminate\\Cookie\\Middleware\\AddQueuedCookiesToResponse->handle(Object(Illuminate\\Http\\Request), Object(Closure))
#27 D:\\xampp7\\htdocs\\zakwanbd\\affiliate\\vendor\\laravel\\framework\\src\\Illuminate\\Cookie\\Middleware\\EncryptCookies.php(67): Illuminate\\Pipeline\\Pipeline->Illuminate\\Pipeline\\{closure}(Object(Illuminate\\Http\\Request))
#28 D:\\xampp7\\htdocs\\zakwanbd\\affiliate\\vendor\\laravel\\framework\\src\\Illuminate\\Pipeline\\Pipeline.php(167): Illuminate\\Cookie\\Middleware\\EncryptCookies->handle(Object(Illuminate\\Http\\Request), Object(Closure))
#29 D:\\xampp7\\htdocs\\zakwanbd\\affiliate\\vendor\\laravel\\framework\\src\\Illuminate\\Pipeline\\Pipeline.php(103): Illuminate\\Pipeline\\Pipeline->Illuminate\\Pipeline\\{closure}(Object(Illuminate\\Http\\Request))
#30 D:\\xampp7\\htdocs\\zakwanbd\\affiliate\\vendor\\laravel\\framework\\src\\Illuminate\\Routing\\Router.php(687): Illuminate\\Pipeline\\Pipeline->then(Object(Closure))
#31 D:\\xampp7\\htdocs\\zakwanbd\\affiliate\\vendor\\laravel\\framework\\src\\Illuminate\\Routing\\Router.php(662): Illuminate\\Routing\\Router->runRouteWithinStack(Object(Illuminate\\Routing\\Route), Object(Illuminate\\Http\\Request))
#32 D:\\xampp7\\htdocs\\zakwanbd\\affiliate\\vendor\\laravel\\framework\\src\\Illuminate\\Routing\\Router.php(628): Illuminate\\Routing\\Router->runRoute(Object(Illuminate\\Http\\Request), Object(Illuminate\\Routing\\Route))
#33 D:\\xampp7\\htdocs\\zakwanbd\\affiliate\\vendor\\laravel\\framework\\src\\Illuminate\\Routing\\Router.php(617): Illuminate\\Routing\\Router->dispatchToRoute(Object(Illuminate\\Http\\Request))
#34 D:\\xampp7\\htdocs\\zakwanbd\\affiliate\\vendor\\laravel\\framework\\src\\Illuminate\\Foundation\\Http\\Kernel.php(165): Illuminate\\Routing\\Router->dispatch(Object(Illuminate\\Http\\Request))
#35 D:\\xampp7\\htdocs\\zakwanbd\\affiliate\\vendor\\laravel\\framework\\src\\Illuminate\\Pipeline\\Pipeline.php(128): Illuminate\\Foundation\\Http\\Kernel->Illuminate\\Foundation\\Http\\{closure}(Object(Illuminate\\Http\\Request))
#36 D:\\xampp7\\htdocs\\zakwanbd\\affiliate\\vendor\\laravel\\framework\\src\\Illuminate\\Foundation\\Http\\Middleware\\TransformsRequest.php(21): Illuminate\\Pipeline\\Pipeline->Illuminate\\Pipeline\\{closure}(Object(Illuminate\\Http\\Request))
#37 D:\\xampp7\\htdocs\\zakwanbd\\affiliate\\vendor\\laravel\\framework\\src\\Illuminate\\Pipeline\\Pipeline.php(167): Illuminate\\Foundation\\Http\\Middleware\\TransformsRequest->handle(Object(Illuminate\\Http\\Request), Object(Closure))
#38 D:\\xampp7\\htdocs\\zakwanbd\\affiliate\\vendor\\laravel\\framework\\src\\Illuminate\\Foundation\\Http\\Middleware\\TransformsRequest.php(21): Illuminate\\Pipeline\\Pipeline->Illuminate\\Pipeline\\{closure}(Object(Illuminate\\Http\\Request))
#39 D:\\xampp7\\htdocs\\zakwanbd\\affiliate\\vendor\\laravel\\framework\\src\\Illuminate\\Pipeline\\Pipeline.php(167): Illuminate\\Foundation\\Http\\Middleware\\TransformsRequest->handle(Object(Illuminate\\Http\\Request), Object(Closure))
#40 D:\\xampp7\\htdocs\\zakwanbd\\affiliate\\vendor\\laravel\\framework\\src\\Illuminate\\Foundation\\Http\\Middleware\\ValidatePostSize.php(27): Illuminate\\Pipeline\\Pipeline->Illuminate\\Pipeline\\{closure}(Object(Illuminate\\Http\\Request))
#41 D:\\xampp7\\htdocs\\zakwanbd\\affiliate\\vendor\\laravel\\framework\\src\\Illuminate\\Pipeline\\Pipeline.php(167): Illuminate\\Foundation\\Http\\Middleware\\ValidatePostSize->handle(Object(Illuminate\\Http\\Request), Object(Closure))
#42 D:\\xampp7\\htdocs\\zakwanbd\\affiliate\\vendor\\laravel\\framework\\src\\Illuminate\\Foundation\\Http\\Middleware\\CheckForMaintenanceMode.php(63): Illuminate\\Pipeline\\Pipeline->Illuminate\\Pipeline\\{closure}(Object(Illuminate\\Http\\Request))
#43 D:\\xampp7\\htdocs\\zakwanbd\\affiliate\\vendor\\laravel\\framework\\src\\Illuminate\\Pipeline\\Pipeline.php(167): Illuminate\\Foundation\\Http\\Middleware\\CheckForMaintenanceMode->handle(Object(Illuminate\\Http\\Request), Object(Closure))
#44 D:\\xampp7\\htdocs\\zakwanbd\\affiliate\\vendor\\fruitcake\\laravel-cors\\src\\HandleCors.php(37): Illuminate\\Pipeline\\Pipeline->Illuminate\\Pipeline\\{closure}(Object(Illuminate\\Http\\Request))
#45 D:\\xampp7\\htdocs\\zakwanbd\\affiliate\\vendor\\laravel\\framework\\src\\Illuminate\\Pipeline\\Pipeline.php(167): Fruitcake\\Cors\\HandleCors->handle(Object(Illuminate\\Http\\Request), Object(Closure))
#46 D:\\xampp7\\htdocs\\zakwanbd\\affiliate\\vendor\\fideloper\\proxy\\src\\TrustProxies.php(57): Illuminate\\Pipeline\\Pipeline->Illuminate\\Pipeline\\{closure}(Object(Illuminate\\Http\\Request))
#47 D:\\xampp7\\htdocs\\zakwanbd\\affiliate\\vendor\\laravel\\framework\\src\\Illuminate\\Pipeline\\Pipeline.php(167): Fideloper\\Proxy\\TrustProxies->handle(Object(Illuminate\\Http\\Request), Object(Closure))
#48 D:\\xampp7\\htdocs\\zakwanbd\\affiliate\\vendor\\laravel\\framework\\src\\Illuminate\\Pipeline\\Pipeline.php(103): Illuminate\\Pipeline\\Pipeline->Illuminate\\Pipeline\\{closure}(Object(Illuminate\\Http\\Request))
#49 D:\\xampp7\\htdocs\\zakwanbd\\affiliate\\vendor\\laravel\\framework\\src\\Illuminate\\Foundation\\Http\\Kernel.php(140): Illuminate\\Pipeline\\Pipeline->then(Object(Closure))
#50 D:\\xampp7\\htdocs\\zakwanbd\\affiliate\\vendor\\laravel\\framework\\src\\Illuminate\\Foundation\\Http\\Kernel.php(109): Illuminate\\Foundation\\Http\\Kernel->sendRequestThroughRouter(Object(Illuminate\\Http\\Request))
#51 D:\\xampp7\\htdocs\\zakwanbd\\affiliate\\index.php(55): Illuminate\\Foundation\\Http\\Kernel->handle(Object(Illuminate\\Http\\Request))
#52 {main}
"} 
[2025-04-18 09:18:11] local.ERROR: Call to a member function addEagerConstraints() on null {"exception":"[object] (Error(code: 0): Call to a member function addEagerConstraints() on null at D:\\xampp7\\htdocs\\zakwanbd\\affiliate\\vendor\\laravel\\framework\\src\\Illuminate\\Database\\Eloquent\\Builder.php:587)
[stacktrace]
#0 D:\\xampp7\\htdocs\\zakwanbd\\affiliate\\vendor\\laravel\\framework\\src\\Illuminate\\Database\\Eloquent\\Builder.php(565): Illuminate\\Database\\Eloquent\\Builder->eagerLoadRelation(Array, 'incomeFor', Object(Closure))
#1 D:\\xampp7\\htdocs\\zakwanbd\\affiliate\\vendor\\laravel\\framework\\src\\Illuminate\\Database\\Eloquent\\Builder.php(533): Illuminate\\Database\\Eloquent\\Builder->eagerLoadRelations(Array)
#2 D:\\xampp7\\htdocs\\zakwanbd\\affiliate\\vendor\\laravel\\framework\\src\\Illuminate\\Database\\Eloquent\\Builder.php(732): Illuminate\\Database\\Eloquent\\Builder->get(Array)
#3 D:\\xampp7\\htdocs\\zakwanbd\\affiliate\\app\\Http\\Controllers\\admin\\AdminAffiliteController.php(1944): Illuminate\\Database\\Eloquent\\Builder->paginate(15)
#4 D:\\xampp7\\htdocs\\zakwanbd\\affiliate\\vendor\\laravel\\framework\\src\\Illuminate\\Routing\\Controller.php(54): App\\Http\\Controllers\\admin\\AdminAffiliteController->labelHistory()
#5 D:\\xampp7\\htdocs\\zakwanbd\\affiliate\\vendor\\laravel\\framework\\src\\Illuminate\\Routing\\ControllerDispatcher.php(45): Illuminate\\Routing\\Controller->callAction('labelHistory', Array)
#6 D:\\xampp7\\htdocs\\zakwanbd\\affiliate\\vendor\\laravel\\framework\\src\\Illuminate\\Routing\\Route.php(239): Illuminate\\Routing\\ControllerDispatcher->dispatch(Object(Illuminate\\Routing\\Route), Object(App\\Http\\Controllers\\admin\\AdminAffiliteController), 'labelHistory')
#7 D:\\xampp7\\htdocs\\zakwanbd\\affiliate\\vendor\\laravel\\framework\\src\\Illuminate\\Routing\\Route.php(196): Illuminate\\Routing\\Route->runController()
#8 D:\\xampp7\\htdocs\\zakwanbd\\affiliate\\vendor\\laravel\\framework\\src\\Illuminate\\Routing\\Router.php(685): Illuminate\\Routing\\Route->run()
#9 D:\\xampp7\\htdocs\\zakwanbd\\affiliate\\vendor\\laravel\\framework\\src\\Illuminate\\Pipeline\\Pipeline.php(128): Illuminate\\Routing\\Router->Illuminate\\Routing\\{closure}(Object(Illuminate\\Http\\Request))
#10 D:\\xampp7\\htdocs\\zakwanbd\\affiliate\\app\\Http\\Middleware\\AdminMiddleware.php(25): Illuminate\\Pipeline\\Pipeline->Illuminate\\Pipeline\\{closure}(Object(Illuminate\\Http\\Request))
#11 D:\\xampp7\\htdocs\\zakwanbd\\affiliate\\vendor\\laravel\\framework\\src\\Illuminate\\Pipeline\\Pipeline.php(167): App\\Http\\Middleware\\AdminMiddleware->handle(Object(Illuminate\\Http\\Request), Object(Closure))
#12 D:\\xampp7\\htdocs\\zakwanbd\\affiliate\\vendor\\laravel\\framework\\src\\Illuminate\\Routing\\Middleware\\SubstituteBindings.php(41): Illuminate\\Pipeline\\Pipeline->Illuminate\\Pipeline\\{closure}(Object(Illuminate\\Http\\Request))
#13 D:\\xampp7\\htdocs\\zakwanbd\\affiliate\\vendor\\laravel\\framework\\src\\Illuminate\\Pipeline\\Pipeline.php(167): Illuminate\\Routing\\Middleware\\SubstituteBindings->handle(Object(Illuminate\\Http\\Request), Object(Closure))
#14 D:\\xampp7\\htdocs\\zakwanbd\\affiliate\\vendor\\laravel\\framework\\src\\Illuminate\\Foundation\\Http\\Middleware\\VerifyCsrfToken.php(78): Illuminate\\Pipeline\\Pipeline->Illuminate\\Pipeline\\{closure}(Object(Illuminate\\Http\\Request))
#15 D:\\xampp7\\htdocs\\zakwanbd\\affiliate\\vendor\\laravel\\framework\\src\\Illuminate\\Pipeline\\Pipeline.php(167): Illuminate\\Foundation\\Http\\Middleware\\VerifyCsrfToken->handle(Object(Illuminate\\Http\\Request), Object(Closure))
#16 D:\\xampp7\\htdocs\\zakwanbd\\affiliate\\vendor\\laravel\\framework\\src\\Illuminate\\View\\Middleware\\ShareErrorsFromSession.php(49): Illuminate\\Pipeline\\Pipeline->Illuminate\\Pipeline\\{closure}(Object(Illuminate\\Http\\Request))
#17 D:\\xampp7\\htdocs\\zakwanbd\\affiliate\\vendor\\laravel\\framework\\src\\Illuminate\\Pipeline\\Pipeline.php(167): Illuminate\\View\\Middleware\\ShareErrorsFromSession->handle(Object(Illuminate\\Http\\Request), Object(Closure))
#18 D:\\xampp7\\htdocs\\zakwanbd\\affiliate\\vendor\\laravel\\framework\\src\\Illuminate\\Session\\Middleware\\StartSession.php(116): Illuminate\\Pipeline\\Pipeline->Illuminate\\Pipeline\\{closure}(Object(Illuminate\\Http\\Request))
#19 D:\\xampp7\\htdocs\\zakwanbd\\affiliate\\vendor\\laravel\\framework\\src\\Illuminate\\Session\\Middleware\\StartSession.php(62): Illuminate\\Session\\Middleware\\StartSession->handleStatefulRequest(Object(Illuminate\\Http\\Request), Object(Illuminate\\Session\\Store), Object(Closure))
#20 D:\\xampp7\\htdocs\\zakwanbd\\affiliate\\vendor\\laravel\\framework\\src\\Illuminate\\Pipeline\\Pipeline.php(167): Illuminate\\Session\\Middleware\\StartSession->handle(Object(Illuminate\\Http\\Request), Object(Closure))
#21 D:\\xampp7\\htdocs\\zakwanbd\\affiliate\\vendor\\laravel\\framework\\src\\Illuminate\\Cookie\\Middleware\\AddQueuedCookiesToResponse.php(37): Illuminate\\Pipeline\\Pipeline->Illuminate\\Pipeline\\{closure}(Object(Illuminate\\Http\\Request))
#22 D:\\xampp7\\htdocs\\zakwanbd\\affiliate\\vendor\\laravel\\framework\\src\\Illuminate\\Pipeline\\Pipeline.php(167): Illuminate\\Cookie\\Middleware\\AddQueuedCookiesToResponse->handle(Object(Illuminate\\Http\\Request), Object(Closure))
#23 D:\\xampp7\\htdocs\\zakwanbd\\affiliate\\vendor\\laravel\\framework\\src\\Illuminate\\Cookie\\Middleware\\EncryptCookies.php(67): Illuminate\\Pipeline\\Pipeline->Illuminate\\Pipeline\\{closure}(Object(Illuminate\\Http\\Request))
#24 D:\\xampp7\\htdocs\\zakwanbd\\affiliate\\vendor\\laravel\\framework\\src\\Illuminate\\Pipeline\\Pipeline.php(167): Illuminate\\Cookie\\Middleware\\EncryptCookies->handle(Object(Illuminate\\Http\\Request), Object(Closure))
#25 D:\\xampp7\\htdocs\\zakwanbd\\affiliate\\vendor\\laravel\\framework\\src\\Illuminate\\Pipeline\\Pipeline.php(103): Illuminate\\Pipeline\\Pipeline->Illuminate\\Pipeline\\{closure}(Object(Illuminate\\Http\\Request))
#26 D:\\xampp7\\htdocs\\zakwanbd\\affiliate\\vendor\\laravel\\framework\\src\\Illuminate\\Routing\\Router.php(687): Illuminate\\Pipeline\\Pipeline->then(Object(Closure))
#27 D:\\xampp7\\htdocs\\zakwanbd\\affiliate\\vendor\\laravel\\framework\\src\\Illuminate\\Routing\\Router.php(662): Illuminate\\Routing\\Router->runRouteWithinStack(Object(Illuminate\\Routing\\Route), Object(Illuminate\\Http\\Request))
#28 D:\\xampp7\\htdocs\\zakwanbd\\affiliate\\vendor\\laravel\\framework\\src\\Illuminate\\Routing\\Router.php(628): Illuminate\\Routing\\Router->runRoute(Object(Illuminate\\Http\\Request), Object(Illuminate\\Routing\\Route))
#29 D:\\xampp7\\htdocs\\zakwanbd\\affiliate\\vendor\\laravel\\framework\\src\\Illuminate\\Routing\\Router.php(617): Illuminate\\Routing\\Router->dispatchToRoute(Object(Illuminate\\Http\\Request))
#30 D:\\xampp7\\htdocs\\zakwanbd\\affiliate\\vendor\\laravel\\framework\\src\\Illuminate\\Foundation\\Http\\Kernel.php(165): Illuminate\\Routing\\Router->dispatch(Object(Illuminate\\Http\\Request))
#31 D:\\xampp7\\htdocs\\zakwanbd\\affiliate\\vendor\\laravel\\framework\\src\\Illuminate\\Pipeline\\Pipeline.php(128): Illuminate\\Foundation\\Http\\Kernel->Illuminate\\Foundation\\Http\\{closure}(Object(Illuminate\\Http\\Request))
#32 D:\\xampp7\\htdocs\\zakwanbd\\affiliate\\vendor\\laravel\\framework\\src\\Illuminate\\Foundation\\Http\\Middleware\\TransformsRequest.php(21): Illuminate\\Pipeline\\Pipeline->Illuminate\\Pipeline\\{closure}(Object(Illuminate\\Http\\Request))
#33 D:\\xampp7\\htdocs\\zakwanbd\\affiliate\\vendor\\laravel\\framework\\src\\Illuminate\\Pipeline\\Pipeline.php(167): Illuminate\\Foundation\\Http\\Middleware\\TransformsRequest->handle(Object(Illuminate\\Http\\Request), Object(Closure))
#34 D:\\xampp7\\htdocs\\zakwanbd\\affiliate\\vendor\\laravel\\framework\\src\\Illuminate\\Foundation\\Http\\Middleware\\TransformsRequest.php(21): Illuminate\\Pipeline\\Pipeline->Illuminate\\Pipeline\\{closure}(Object(Illuminate\\Http\\Request))
#35 D:\\xampp7\\htdocs\\zakwanbd\\affiliate\\vendor\\laravel\\framework\\src\\Illuminate\\Pipeline\\Pipeline.php(167): Illuminate\\Foundation\\Http\\Middleware\\TransformsRequest->handle(Object(Illuminate\\Http\\Request), Object(Closure))
#36 D:\\xampp7\\htdocs\\zakwanbd\\affiliate\\vendor\\laravel\\framework\\src\\Illuminate\\Foundation\\Http\\Middleware\\ValidatePostSize.php(27): Illuminate\\Pipeline\\Pipeline->Illuminate\\Pipeline\\{closure}(Object(Illuminate\\Http\\Request))
#37 D:\\xampp7\\htdocs\\zakwanbd\\affiliate\\vendor\\laravel\\framework\\src\\Illuminate\\Pipeline\\Pipeline.php(167): Illuminate\\Foundation\\Http\\Middleware\\ValidatePostSize->handle(Object(Illuminate\\Http\\Request), Object(Closure))
#38 D:\\xampp7\\htdocs\\zakwanbd\\affiliate\\vendor\\laravel\\framework\\src\\Illuminate\\Foundation\\Http\\Middleware\\CheckForMaintenanceMode.php(63): Illuminate\\Pipeline\\Pipeline->Illuminate\\Pipeline\\{closure}(Object(Illuminate\\Http\\Request))
#39 D:\\xampp7\\htdocs\\zakwanbd\\affiliate\\vendor\\laravel\\framework\\src\\Illuminate\\Pipeline\\Pipeline.php(167): Illuminate\\Foundation\\Http\\Middleware\\CheckForMaintenanceMode->handle(Object(Illuminate\\Http\\Request), Object(Closure))
#40 D:\\xampp7\\htdocs\\zakwanbd\\affiliate\\vendor\\fruitcake\\laravel-cors\\src\\HandleCors.php(37): Illuminate\\Pipeline\\Pipeline->Illuminate\\Pipeline\\{closure}(Object(Illuminate\\Http\\Request))
#41 D:\\xampp7\\htdocs\\zakwanbd\\affiliate\\vendor\\laravel\\framework\\src\\Illuminate\\Pipeline\\Pipeline.php(167): Fruitcake\\Cors\\HandleCors->handle(Object(Illuminate\\Http\\Request), Object(Closure))
#42 D:\\xampp7\\htdocs\\zakwanbd\\affiliate\\vendor\\fideloper\\proxy\\src\\TrustProxies.php(57): Illuminate\\Pipeline\\Pipeline->Illuminate\\Pipeline\\{closure}(Object(Illuminate\\Http\\Request))
#43 D:\\xampp7\\htdocs\\zakwanbd\\affiliate\\vendor\\laravel\\framework\\src\\Illuminate\\Pipeline\\Pipeline.php(167): Fideloper\\Proxy\\TrustProxies->handle(Object(Illuminate\\Http\\Request), Object(Closure))
#44 D:\\xampp7\\htdocs\\zakwanbd\\affiliate\\vendor\\laravel\\framework\\src\\Illuminate\\Pipeline\\Pipeline.php(103): Illuminate\\Pipeline\\Pipeline->Illuminate\\Pipeline\\{closure}(Object(Illuminate\\Http\\Request))
#45 D:\\xampp7\\htdocs\\zakwanbd\\affiliate\\vendor\\laravel\\framework\\src\\Illuminate\\Foundation\\Http\\Kernel.php(140): Illuminate\\Pipeline\\Pipeline->then(Object(Closure))
#46 D:\\xampp7\\htdocs\\zakwanbd\\affiliate\\vendor\\laravel\\framework\\src\\Illuminate\\Foundation\\Http\\Kernel.php(109): Illuminate\\Foundation\\Http\\Kernel->sendRequestThroughRouter(Object(Illuminate\\Http\\Request))
#47 D:\\xampp7\\htdocs\\zakwanbd\\affiliate\\index.php(55): Illuminate\\Foundation\\Http\\Kernel->handle(Object(Illuminate\\Http\\Request))
#48 {main}
"} 
[2025-04-18 09:18:47] local.ERROR: Call to a member function addEagerConstraints() on null {"exception":"[object] (Error(code: 0): Call to a member function addEagerConstraints() on null at D:\\xampp7\\htdocs\\zakwanbd\\affiliate\\vendor\\laravel\\framework\\src\\Illuminate\\Database\\Eloquent\\Builder.php:587)
[stacktrace]
#0 D:\\xampp7\\htdocs\\zakwanbd\\affiliate\\vendor\\laravel\\framework\\src\\Illuminate\\Database\\Eloquent\\Builder.php(565): Illuminate\\Database\\Eloquent\\Builder->eagerLoadRelation(Array, 'incomeFor', Object(Closure))
#1 D:\\xampp7\\htdocs\\zakwanbd\\affiliate\\vendor\\laravel\\framework\\src\\Illuminate\\Database\\Eloquent\\Builder.php(533): Illuminate\\Database\\Eloquent\\Builder->eagerLoadRelations(Array)
#2 D:\\xampp7\\htdocs\\zakwanbd\\affiliate\\vendor\\laravel\\framework\\src\\Illuminate\\Database\\Eloquent\\Builder.php(732): Illuminate\\Database\\Eloquent\\Builder->get(Array)
#3 D:\\xampp7\\htdocs\\zakwanbd\\affiliate\\app\\Http\\Controllers\\admin\\AdminAffiliteController.php(1944): Illuminate\\Database\\Eloquent\\Builder->paginate(15)
#4 D:\\xampp7\\htdocs\\zakwanbd\\affiliate\\vendor\\laravel\\framework\\src\\Illuminate\\Routing\\Controller.php(54): App\\Http\\Controllers\\admin\\AdminAffiliteController->labelHistory()
#5 D:\\xampp7\\htdocs\\zakwanbd\\affiliate\\vendor\\laravel\\framework\\src\\Illuminate\\Routing\\ControllerDispatcher.php(45): Illuminate\\Routing\\Controller->callAction('labelHistory', Array)
#6 D:\\xampp7\\htdocs\\zakwanbd\\affiliate\\vendor\\laravel\\framework\\src\\Illuminate\\Routing\\Route.php(239): Illuminate\\Routing\\ControllerDispatcher->dispatch(Object(Illuminate\\Routing\\Route), Object(App\\Http\\Controllers\\admin\\AdminAffiliteController), 'labelHistory')
#7 D:\\xampp7\\htdocs\\zakwanbd\\affiliate\\vendor\\laravel\\framework\\src\\Illuminate\\Routing\\Route.php(196): Illuminate\\Routing\\Route->runController()
#8 D:\\xampp7\\htdocs\\zakwanbd\\affiliate\\vendor\\laravel\\framework\\src\\Illuminate\\Routing\\Router.php(685): Illuminate\\Routing\\Route->run()
#9 D:\\xampp7\\htdocs\\zakwanbd\\affiliate\\vendor\\laravel\\framework\\src\\Illuminate\\Pipeline\\Pipeline.php(128): Illuminate\\Routing\\Router->Illuminate\\Routing\\{closure}(Object(Illuminate\\Http\\Request))
#10 D:\\xampp7\\htdocs\\zakwanbd\\affiliate\\app\\Http\\Middleware\\AdminMiddleware.php(25): Illuminate\\Pipeline\\Pipeline->Illuminate\\Pipeline\\{closure}(Object(Illuminate\\Http\\Request))
#11 D:\\xampp7\\htdocs\\zakwanbd\\affiliate\\vendor\\laravel\\framework\\src\\Illuminate\\Pipeline\\Pipeline.php(167): App\\Http\\Middleware\\AdminMiddleware->handle(Object(Illuminate\\Http\\Request), Object(Closure))
#12 D:\\xampp7\\htdocs\\zakwanbd\\affiliate\\vendor\\laravel\\framework\\src\\Illuminate\\Routing\\Middleware\\SubstituteBindings.php(41): Illuminate\\Pipeline\\Pipeline->Illuminate\\Pipeline\\{closure}(Object(Illuminate\\Http\\Request))
#13 D:\\xampp7\\htdocs\\zakwanbd\\affiliate\\vendor\\laravel\\framework\\src\\Illuminate\\Pipeline\\Pipeline.php(167): Illuminate\\Routing\\Middleware\\SubstituteBindings->handle(Object(Illuminate\\Http\\Request), Object(Closure))
#14 D:\\xampp7\\htdocs\\zakwanbd\\affiliate\\vendor\\laravel\\framework\\src\\Illuminate\\Foundation\\Http\\Middleware\\VerifyCsrfToken.php(78): Illuminate\\Pipeline\\Pipeline->Illuminate\\Pipeline\\{closure}(Object(Illuminate\\Http\\Request))
#15 D:\\xampp7\\htdocs\\zakwanbd\\affiliate\\vendor\\laravel\\framework\\src\\Illuminate\\Pipeline\\Pipeline.php(167): Illuminate\\Foundation\\Http\\Middleware\\VerifyCsrfToken->handle(Object(Illuminate\\Http\\Request), Object(Closure))
#16 D:\\xampp7\\htdocs\\zakwanbd\\affiliate\\vendor\\laravel\\framework\\src\\Illuminate\\View\\Middleware\\ShareErrorsFromSession.php(49): Illuminate\\Pipeline\\Pipeline->Illuminate\\Pipeline\\{closure}(Object(Illuminate\\Http\\Request))
#17 D:\\xampp7\\htdocs\\zakwanbd\\affiliate\\vendor\\laravel\\framework\\src\\Illuminate\\Pipeline\\Pipeline.php(167): Illuminate\\View\\Middleware\\ShareErrorsFromSession->handle(Object(Illuminate\\Http\\Request), Object(Closure))
#18 D:\\xampp7\\htdocs\\zakwanbd\\affiliate\\vendor\\laravel\\framework\\src\\Illuminate\\Session\\Middleware\\StartSession.php(116): Illuminate\\Pipeline\\Pipeline->Illuminate\\Pipeline\\{closure}(Object(Illuminate\\Http\\Request))
#19 D:\\xampp7\\htdocs\\zakwanbd\\affiliate\\vendor\\laravel\\framework\\src\\Illuminate\\Session\\Middleware\\StartSession.php(62): Illuminate\\Session\\Middleware\\StartSession->handleStatefulRequest(Object(Illuminate\\Http\\Request), Object(Illuminate\\Session\\Store), Object(Closure))
#20 D:\\xampp7\\htdocs\\zakwanbd\\affiliate\\vendor\\laravel\\framework\\src\\Illuminate\\Pipeline\\Pipeline.php(167): Illuminate\\Session\\Middleware\\StartSession->handle(Object(Illuminate\\Http\\Request), Object(Closure))
#21 D:\\xampp7\\htdocs\\zakwanbd\\affiliate\\vendor\\laravel\\framework\\src\\Illuminate\\Cookie\\Middleware\\AddQueuedCookiesToResponse.php(37): Illuminate\\Pipeline\\Pipeline->Illuminate\\Pipeline\\{closure}(Object(Illuminate\\Http\\Request))
#22 D:\\xampp7\\htdocs\\zakwanbd\\affiliate\\vendor\\laravel\\framework\\src\\Illuminate\\Pipeline\\Pipeline.php(167): Illuminate\\Cookie\\Middleware\\AddQueuedCookiesToResponse->handle(Object(Illuminate\\Http\\Request), Object(Closure))
#23 D:\\xampp7\\htdocs\\zakwanbd\\affiliate\\vendor\\laravel\\framework\\src\\Illuminate\\Cookie\\Middleware\\EncryptCookies.php(67): Illuminate\\Pipeline\\Pipeline->Illuminate\\Pipeline\\{closure}(Object(Illuminate\\Http\\Request))
#24 D:\\xampp7\\htdocs\\zakwanbd\\affiliate\\vendor\\laravel\\framework\\src\\Illuminate\\Pipeline\\Pipeline.php(167): Illuminate\\Cookie\\Middleware\\EncryptCookies->handle(Object(Illuminate\\Http\\Request), Object(Closure))
#25 D:\\xampp7\\htdocs\\zakwanbd\\affiliate\\vendor\\laravel\\framework\\src\\Illuminate\\Pipeline\\Pipeline.php(103): Illuminate\\Pipeline\\Pipeline->Illuminate\\Pipeline\\{closure}(Object(Illuminate\\Http\\Request))
#26 D:\\xampp7\\htdocs\\zakwanbd\\affiliate\\vendor\\laravel\\framework\\src\\Illuminate\\Routing\\Router.php(687): Illuminate\\Pipeline\\Pipeline->then(Object(Closure))
#27 D:\\xampp7\\htdocs\\zakwanbd\\affiliate\\vendor\\laravel\\framework\\src\\Illuminate\\Routing\\Router.php(662): Illuminate\\Routing\\Router->runRouteWithinStack(Object(Illuminate\\Routing\\Route), Object(Illuminate\\Http\\Request))
#28 D:\\xampp7\\htdocs\\zakwanbd\\affiliate\\vendor\\laravel\\framework\\src\\Illuminate\\Routing\\Router.php(628): Illuminate\\Routing\\Router->runRoute(Object(Illuminate\\Http\\Request), Object(Illuminate\\Routing\\Route))
#29 D:\\xampp7\\htdocs\\zakwanbd\\affiliate\\vendor\\laravel\\framework\\src\\Illuminate\\Routing\\Router.php(617): Illuminate\\Routing\\Router->dispatchToRoute(Object(Illuminate\\Http\\Request))
#30 D:\\xampp7\\htdocs\\zakwanbd\\affiliate\\vendor\\laravel\\framework\\src\\Illuminate\\Foundation\\Http\\Kernel.php(165): Illuminate\\Routing\\Router->dispatch(Object(Illuminate\\Http\\Request))
#31 D:\\xampp7\\htdocs\\zakwanbd\\affiliate\\vendor\\laravel\\framework\\src\\Illuminate\\Pipeline\\Pipeline.php(128): Illuminate\\Foundation\\Http\\Kernel->Illuminate\\Foundation\\Http\\{closure}(Object(Illuminate\\Http\\Request))
#32 D:\\xampp7\\htdocs\\zakwanbd\\affiliate\\vendor\\laravel\\framework\\src\\Illuminate\\Foundation\\Http\\Middleware\\TransformsRequest.php(21): Illuminate\\Pipeline\\Pipeline->Illuminate\\Pipeline\\{closure}(Object(Illuminate\\Http\\Request))
#33 D:\\xampp7\\htdocs\\zakwanbd\\affiliate\\vendor\\laravel\\framework\\src\\Illuminate\\Pipeline\\Pipeline.php(167): Illuminate\\Foundation\\Http\\Middleware\\TransformsRequest->handle(Object(Illuminate\\Http\\Request), Object(Closure))
#34 D:\\xampp7\\htdocs\\zakwanbd\\affiliate\\vendor\\laravel\\framework\\src\\Illuminate\\Foundation\\Http\\Middleware\\TransformsRequest.php(21): Illuminate\\Pipeline\\Pipeline->Illuminate\\Pipeline\\{closure}(Object(Illuminate\\Http\\Request))
#35 D:\\xampp7\\htdocs\\zakwanbd\\affiliate\\vendor\\laravel\\framework\\src\\Illuminate\\Pipeline\\Pipeline.php(167): Illuminate\\Foundation\\Http\\Middleware\\TransformsRequest->handle(Object(Illuminate\\Http\\Request), Object(Closure))
#36 D:\\xampp7\\htdocs\\zakwanbd\\affiliate\\vendor\\laravel\\framework\\src\\Illuminate\\Foundation\\Http\\Middleware\\ValidatePostSize.php(27): Illuminate\\Pipeline\\Pipeline->Illuminate\\Pipeline\\{closure}(Object(Illuminate\\Http\\Request))
#37 D:\\xampp7\\htdocs\\zakwanbd\\affiliate\\vendor\\laravel\\framework\\src\\Illuminate\\Pipeline\\Pipeline.php(167): Illuminate\\Foundation\\Http\\Middleware\\ValidatePostSize->handle(Object(Illuminate\\Http\\Request), Object(Closure))
#38 D:\\xampp7\\htdocs\\zakwanbd\\affiliate\\vendor\\laravel\\framework\\src\\Illuminate\\Foundation\\Http\\Middleware\\CheckForMaintenanceMode.php(63): Illuminate\\Pipeline\\Pipeline->Illuminate\\Pipeline\\{closure}(Object(Illuminate\\Http\\Request))
#39 D:\\xampp7\\htdocs\\zakwanbd\\affiliate\\vendor\\laravel\\framework\\src\\Illuminate\\Pipeline\\Pipeline.php(167): Illuminate\\Foundation\\Http\\Middleware\\CheckForMaintenanceMode->handle(Object(Illuminate\\Http\\Request), Object(Closure))
#40 D:\\xampp7\\htdocs\\zakwanbd\\affiliate\\vendor\\fruitcake\\laravel-cors\\src\\HandleCors.php(37): Illuminate\\Pipeline\\Pipeline->Illuminate\\Pipeline\\{closure}(Object(Illuminate\\Http\\Request))
#41 D:\\xampp7\\htdocs\\zakwanbd\\affiliate\\vendor\\laravel\\framework\\src\\Illuminate\\Pipeline\\Pipeline.php(167): Fruitcake\\Cors\\HandleCors->handle(Object(Illuminate\\Http\\Request), Object(Closure))
#42 D:\\xampp7\\htdocs\\zakwanbd\\affiliate\\vendor\\fideloper\\proxy\\src\\TrustProxies.php(57): Illuminate\\Pipeline\\Pipeline->Illuminate\\Pipeline\\{closure}(Object(Illuminate\\Http\\Request))
#43 D:\\xampp7\\htdocs\\zakwanbd\\affiliate\\vendor\\laravel\\framework\\src\\Illuminate\\Pipeline\\Pipeline.php(167): Fideloper\\Proxy\\TrustProxies->handle(Object(Illuminate\\Http\\Request), Object(Closure))
#44 D:\\xampp7\\htdocs\\zakwanbd\\affiliate\\vendor\\laravel\\framework\\src\\Illuminate\\Pipeline\\Pipeline.php(103): Illuminate\\Pipeline\\Pipeline->Illuminate\\Pipeline\\{closure}(Object(Illuminate\\Http\\Request))
#45 D:\\xampp7\\htdocs\\zakwanbd\\affiliate\\vendor\\laravel\\framework\\src\\Illuminate\\Foundation\\Http\\Kernel.php(140): Illuminate\\Pipeline\\Pipeline->then(Object(Closure))
#46 D:\\xampp7\\htdocs\\zakwanbd\\affiliate\\vendor\\laravel\\framework\\src\\Illuminate\\Foundation\\Http\\Kernel.php(109): Illuminate\\Foundation\\Http\\Kernel->sendRequestThroughRouter(Object(Illuminate\\Http\\Request))
#47 D:\\xampp7\\htdocs\\zakwanbd\\affiliate\\index.php(55): Illuminate\\Foundation\\Http\\Kernel->handle(Object(Illuminate\\Http\\Request))
#48 {main}
"} 
[2025-04-18 09:20:22] local.ERROR: Call to a member function addEagerConstraints() on null {"exception":"[object] (Error(code: 0): Call to a member function addEagerConstraints() on null at D:\\xampp7\\htdocs\\zakwanbd\\affiliate\\vendor\\laravel\\framework\\src\\Illuminate\\Database\\Eloquent\\Builder.php:587)
[stacktrace]
#0 D:\\xampp7\\htdocs\\zakwanbd\\affiliate\\vendor\\laravel\\framework\\src\\Illuminate\\Database\\Eloquent\\Builder.php(565): Illuminate\\Database\\Eloquent\\Builder->eagerLoadRelation(Array, 'incomeFor', Object(Closure))
#1 D:\\xampp7\\htdocs\\zakwanbd\\affiliate\\vendor\\laravel\\framework\\src\\Illuminate\\Database\\Eloquent\\Builder.php(533): Illuminate\\Database\\Eloquent\\Builder->eagerLoadRelations(Array)
#2 D:\\xampp7\\htdocs\\zakwanbd\\affiliate\\vendor\\laravel\\framework\\src\\Illuminate\\Database\\Eloquent\\Builder.php(732): Illuminate\\Database\\Eloquent\\Builder->get(Array)
#3 D:\\xampp7\\htdocs\\zakwanbd\\affiliate\\app\\Http\\Controllers\\admin\\AdminAffiliteController.php(1944): Illuminate\\Database\\Eloquent\\Builder->paginate(15)
#4 D:\\xampp7\\htdocs\\zakwanbd\\affiliate\\vendor\\laravel\\framework\\src\\Illuminate\\Routing\\Controller.php(54): App\\Http\\Controllers\\admin\\AdminAffiliteController->labelHistory()
#5 D:\\xampp7\\htdocs\\zakwanbd\\affiliate\\vendor\\laravel\\framework\\src\\Illuminate\\Routing\\ControllerDispatcher.php(45): Illuminate\\Routing\\Controller->callAction('labelHistory', Array)
#6 D:\\xampp7\\htdocs\\zakwanbd\\affiliate\\vendor\\laravel\\framework\\src\\Illuminate\\Routing\\Route.php(239): Illuminate\\Routing\\ControllerDispatcher->dispatch(Object(Illuminate\\Routing\\Route), Object(App\\Http\\Controllers\\admin\\AdminAffiliteController), 'labelHistory')
#7 D:\\xampp7\\htdocs\\zakwanbd\\affiliate\\vendor\\laravel\\framework\\src\\Illuminate\\Routing\\Route.php(196): Illuminate\\Routing\\Route->runController()
#8 D:\\xampp7\\htdocs\\zakwanbd\\affiliate\\vendor\\laravel\\framework\\src\\Illuminate\\Routing\\Router.php(685): Illuminate\\Routing\\Route->run()
#9 D:\\xampp7\\htdocs\\zakwanbd\\affiliate\\vendor\\laravel\\framework\\src\\Illuminate\\Pipeline\\Pipeline.php(128): Illuminate\\Routing\\Router->Illuminate\\Routing\\{closure}(Object(Illuminate\\Http\\Request))
#10 D:\\xampp7\\htdocs\\zakwanbd\\affiliate\\app\\Http\\Middleware\\AdminMiddleware.php(25): Illuminate\\Pipeline\\Pipeline->Illuminate\\Pipeline\\{closure}(Object(Illuminate\\Http\\Request))
#11 D:\\xampp7\\htdocs\\zakwanbd\\affiliate\\vendor\\laravel\\framework\\src\\Illuminate\\Pipeline\\Pipeline.php(167): App\\Http\\Middleware\\AdminMiddleware->handle(Object(Illuminate\\Http\\Request), Object(Closure))
#12 D:\\xampp7\\htdocs\\zakwanbd\\affiliate\\vendor\\laravel\\framework\\src\\Illuminate\\Routing\\Middleware\\SubstituteBindings.php(41): Illuminate\\Pipeline\\Pipeline->Illuminate\\Pipeline\\{closure}(Object(Illuminate\\Http\\Request))
#13 D:\\xampp7\\htdocs\\zakwanbd\\affiliate\\vendor\\laravel\\framework\\src\\Illuminate\\Pipeline\\Pipeline.php(167): Illuminate\\Routing\\Middleware\\SubstituteBindings->handle(Object(Illuminate\\Http\\Request), Object(Closure))
#14 D:\\xampp7\\htdocs\\zakwanbd\\affiliate\\vendor\\laravel\\framework\\src\\Illuminate\\Foundation\\Http\\Middleware\\VerifyCsrfToken.php(78): Illuminate\\Pipeline\\Pipeline->Illuminate\\Pipeline\\{closure}(Object(Illuminate\\Http\\Request))
#15 D:\\xampp7\\htdocs\\zakwanbd\\affiliate\\vendor\\laravel\\framework\\src\\Illuminate\\Pipeline\\Pipeline.php(167): Illuminate\\Foundation\\Http\\Middleware\\VerifyCsrfToken->handle(Object(Illuminate\\Http\\Request), Object(Closure))
#16 D:\\xampp7\\htdocs\\zakwanbd\\affiliate\\vendor\\laravel\\framework\\src\\Illuminate\\View\\Middleware\\ShareErrorsFromSession.php(49): Illuminate\\Pipeline\\Pipeline->Illuminate\\Pipeline\\{closure}(Object(Illuminate\\Http\\Request))
#17 D:\\xampp7\\htdocs\\zakwanbd\\affiliate\\vendor\\laravel\\framework\\src\\Illuminate\\Pipeline\\Pipeline.php(167): Illuminate\\View\\Middleware\\ShareErrorsFromSession->handle(Object(Illuminate\\Http\\Request), Object(Closure))
#18 D:\\xampp7\\htdocs\\zakwanbd\\affiliate\\vendor\\laravel\\framework\\src\\Illuminate\\Session\\Middleware\\StartSession.php(116): Illuminate\\Pipeline\\Pipeline->Illuminate\\Pipeline\\{closure}(Object(Illuminate\\Http\\Request))
#19 D:\\xampp7\\htdocs\\zakwanbd\\affiliate\\vendor\\laravel\\framework\\src\\Illuminate\\Session\\Middleware\\StartSession.php(62): Illuminate\\Session\\Middleware\\StartSession->handleStatefulRequest(Object(Illuminate\\Http\\Request), Object(Illuminate\\Session\\Store), Object(Closure))
#20 D:\\xampp7\\htdocs\\zakwanbd\\affiliate\\vendor\\laravel\\framework\\src\\Illuminate\\Pipeline\\Pipeline.php(167): Illuminate\\Session\\Middleware\\StartSession->handle(Object(Illuminate\\Http\\Request), Object(Closure))
#21 D:\\xampp7\\htdocs\\zakwanbd\\affiliate\\vendor\\laravel\\framework\\src\\Illuminate\\Cookie\\Middleware\\AddQueuedCookiesToResponse.php(37): Illuminate\\Pipeline\\Pipeline->Illuminate\\Pipeline\\{closure}(Object(Illuminate\\Http\\Request))
#22 D:\\xampp7\\htdocs\\zakwanbd\\affiliate\\vendor\\laravel\\framework\\src\\Illuminate\\Pipeline\\Pipeline.php(167): Illuminate\\Cookie\\Middleware\\AddQueuedCookiesToResponse->handle(Object(Illuminate\\Http\\Request), Object(Closure))
#23 D:\\xampp7\\htdocs\\zakwanbd\\affiliate\\vendor\\laravel\\framework\\src\\Illuminate\\Cookie\\Middleware\\EncryptCookies.php(67): Illuminate\\Pipeline\\Pipeline->Illuminate\\Pipeline\\{closure}(Object(Illuminate\\Http\\Request))
#24 D:\\xampp7\\htdocs\\zakwanbd\\affiliate\\vendor\\laravel\\framework\\src\\Illuminate\\Pipeline\\Pipeline.php(167): Illuminate\\Cookie\\Middleware\\EncryptCookies->handle(Object(Illuminate\\Http\\Request), Object(Closure))
#25 D:\\xampp7\\htdocs\\zakwanbd\\affiliate\\vendor\\laravel\\framework\\src\\Illuminate\\Pipeline\\Pipeline.php(103): Illuminate\\Pipeline\\Pipeline->Illuminate\\Pipeline\\{closure}(Object(Illuminate\\Http\\Request))
#26 D:\\xampp7\\htdocs\\zakwanbd\\affiliate\\vendor\\laravel\\framework\\src\\Illuminate\\Routing\\Router.php(687): Illuminate\\Pipeline\\Pipeline->then(Object(Closure))
#27 D:\\xampp7\\htdocs\\zakwanbd\\affiliate\\vendor\\laravel\\framework\\src\\Illuminate\\Routing\\Router.php(662): Illuminate\\Routing\\Router->runRouteWithinStack(Object(Illuminate\\Routing\\Route), Object(Illuminate\\Http\\Request))
#28 D:\\xampp7\\htdocs\\zakwanbd\\affiliate\\vendor\\laravel\\framework\\src\\Illuminate\\Routing\\Router.php(628): Illuminate\\Routing\\Router->runRoute(Object(Illuminate\\Http\\Request), Object(Illuminate\\Routing\\Route))
#29 D:\\xampp7\\htdocs\\zakwanbd\\affiliate\\vendor\\laravel\\framework\\src\\Illuminate\\Routing\\Router.php(617): Illuminate\\Routing\\Router->dispatchToRoute(Object(Illuminate\\Http\\Request))
#30 D:\\xampp7\\htdocs\\zakwanbd\\affiliate\\vendor\\laravel\\framework\\src\\Illuminate\\Foundation\\Http\\Kernel.php(165): Illuminate\\Routing\\Router->dispatch(Object(Illuminate\\Http\\Request))
#31 D:\\xampp7\\htdocs\\zakwanbd\\affiliate\\vendor\\laravel\\framework\\src\\Illuminate\\Pipeline\\Pipeline.php(128): Illuminate\\Foundation\\Http\\Kernel->Illuminate\\Foundation\\Http\\{closure}(Object(Illuminate\\Http\\Request))
#32 D:\\xampp7\\htdocs\\zakwanbd\\affiliate\\vendor\\laravel\\framework\\src\\Illuminate\\Foundation\\Http\\Middleware\\TransformsRequest.php(21): Illuminate\\Pipeline\\Pipeline->Illuminate\\Pipeline\\{closure}(Object(Illuminate\\Http\\Request))
#33 D:\\xampp7\\htdocs\\zakwanbd\\affiliate\\vendor\\laravel\\framework\\src\\Illuminate\\Pipeline\\Pipeline.php(167): Illuminate\\Foundation\\Http\\Middleware\\TransformsRequest->handle(Object(Illuminate\\Http\\Request), Object(Closure))
#34 D:\\xampp7\\htdocs\\zakwanbd\\affiliate\\vendor\\laravel\\framework\\src\\Illuminate\\Foundation\\Http\\Middleware\\TransformsRequest.php(21): Illuminate\\Pipeline\\Pipeline->Illuminate\\Pipeline\\{closure}(Object(Illuminate\\Http\\Request))
#35 D:\\xampp7\\htdocs\\zakwanbd\\affiliate\\vendor\\laravel\\framework\\src\\Illuminate\\Pipeline\\Pipeline.php(167): Illuminate\\Foundation\\Http\\Middleware\\TransformsRequest->handle(Object(Illuminate\\Http\\Request), Object(Closure))
#36 D:\\xampp7\\htdocs\\zakwanbd\\affiliate\\vendor\\laravel\\framework\\src\\Illuminate\\Foundation\\Http\\Middleware\\ValidatePostSize.php(27): Illuminate\\Pipeline\\Pipeline->Illuminate\\Pipeline\\{closure}(Object(Illuminate\\Http\\Request))
#37 D:\\xampp7\\htdocs\\zakwanbd\\affiliate\\vendor\\laravel\\framework\\src\\Illuminate\\Pipeline\\Pipeline.php(167): Illuminate\\Foundation\\Http\\Middleware\\ValidatePostSize->handle(Object(Illuminate\\Http\\Request), Object(Closure))
#38 D:\\xampp7\\htdocs\\zakwanbd\\affiliate\\vendor\\laravel\\framework\\src\\Illuminate\\Foundation\\Http\\Middleware\\CheckForMaintenanceMode.php(63): Illuminate\\Pipeline\\Pipeline->Illuminate\\Pipeline\\{closure}(Object(Illuminate\\Http\\Request))
#39 D:\\xampp7\\htdocs\\zakwanbd\\affiliate\\vendor\\laravel\\framework\\src\\Illuminate\\Pipeline\\Pipeline.php(167): Illuminate\\Foundation\\Http\\Middleware\\CheckForMaintenanceMode->handle(Object(Illuminate\\Http\\Request), Object(Closure))
#40 D:\\xampp7\\htdocs\\zakwanbd\\affiliate\\vendor\\fruitcake\\laravel-cors\\src\\HandleCors.php(37): Illuminate\\Pipeline\\Pipeline->Illuminate\\Pipeline\\{closure}(Object(Illuminate\\Http\\Request))
#41 D:\\xampp7\\htdocs\\zakwanbd\\affiliate\\vendor\\laravel\\framework\\src\\Illuminate\\Pipeline\\Pipeline.php(167): Fruitcake\\Cors\\HandleCors->handle(Object(Illuminate\\Http\\Request), Object(Closure))
#42 D:\\xampp7\\htdocs\\zakwanbd\\affiliate\\vendor\\fideloper\\proxy\\src\\TrustProxies.php(57): Illuminate\\Pipeline\\Pipeline->Illuminate\\Pipeline\\{closure}(Object(Illuminate\\Http\\Request))
#43 D:\\xampp7\\htdocs\\zakwanbd\\affiliate\\vendor\\laravel\\framework\\src\\Illuminate\\Pipeline\\Pipeline.php(167): Fideloper\\Proxy\\TrustProxies->handle(Object(Illuminate\\Http\\Request), Object(Closure))
#44 D:\\xampp7\\htdocs\\zakwanbd\\affiliate\\vendor\\laravel\\framework\\src\\Illuminate\\Pipeline\\Pipeline.php(103): Illuminate\\Pipeline\\Pipeline->Illuminate\\Pipeline\\{closure}(Object(Illuminate\\Http\\Request))
#45 D:\\xampp7\\htdocs\\zakwanbd\\affiliate\\vendor\\laravel\\framework\\src\\Illuminate\\Foundation\\Http\\Kernel.php(140): Illuminate\\Pipeline\\Pipeline->then(Object(Closure))
#46 D:\\xampp7\\htdocs\\zakwanbd\\affiliate\\vendor\\laravel\\framework\\src\\Illuminate\\Foundation\\Http\\Kernel.php(109): Illuminate\\Foundation\\Http\\Kernel->sendRequestThroughRouter(Object(Illuminate\\Http\\Request))
#47 D:\\xampp7\\htdocs\\zakwanbd\\affiliate\\index.php(55): Illuminate\\Foundation\\Http\\Kernel->handle(Object(Illuminate\\Http\\Request))
#48 {main}
"} 
[2025-04-18 09:21:03] local.ERROR: Call to a member function addEagerConstraints() on null {"exception":"[object] (Error(code: 0): Call to a member function addEagerConstraints() on null at D:\\xampp7\\htdocs\\zakwanbd\\affiliate\\vendor\\laravel\\framework\\src\\Illuminate\\Database\\Eloquent\\Builder.php:587)
[stacktrace]
#0 D:\\xampp7\\htdocs\\zakwanbd\\affiliate\\vendor\\laravel\\framework\\src\\Illuminate\\Database\\Eloquent\\Builder.php(565): Illuminate\\Database\\Eloquent\\Builder->eagerLoadRelation(Array, 'incomeFor', Object(Closure))
#1 D:\\xampp7\\htdocs\\zakwanbd\\affiliate\\vendor\\laravel\\framework\\src\\Illuminate\\Database\\Eloquent\\Builder.php(533): Illuminate\\Database\\Eloquent\\Builder->eagerLoadRelations(Array)
#2 D:\\xampp7\\htdocs\\zakwanbd\\affiliate\\vendor\\laravel\\framework\\src\\Illuminate\\Database\\Eloquent\\Builder.php(732): Illuminate\\Database\\Eloquent\\Builder->get(Array)
#3 D:\\xampp7\\htdocs\\zakwanbd\\affiliate\\app\\Http\\Controllers\\admin\\AdminAffiliteController.php(1944): Illuminate\\Database\\Eloquent\\Builder->paginate(15)
#4 D:\\xampp7\\htdocs\\zakwanbd\\affiliate\\vendor\\laravel\\framework\\src\\Illuminate\\Routing\\Controller.php(54): App\\Http\\Controllers\\admin\\AdminAffiliteController->labelHistory()
#5 D:\\xampp7\\htdocs\\zakwanbd\\affiliate\\vendor\\laravel\\framework\\src\\Illuminate\\Routing\\ControllerDispatcher.php(45): Illuminate\\Routing\\Controller->callAction('labelHistory', Array)
#6 D:\\xampp7\\htdocs\\zakwanbd\\affiliate\\vendor\\laravel\\framework\\src\\Illuminate\\Routing\\Route.php(239): Illuminate\\Routing\\ControllerDispatcher->dispatch(Object(Illuminate\\Routing\\Route), Object(App\\Http\\Controllers\\admin\\AdminAffiliteController), 'labelHistory')
#7 D:\\xampp7\\htdocs\\zakwanbd\\affiliate\\vendor\\laravel\\framework\\src\\Illuminate\\Routing\\Route.php(196): Illuminate\\Routing\\Route->runController()
#8 D:\\xampp7\\htdocs\\zakwanbd\\affiliate\\vendor\\laravel\\framework\\src\\Illuminate\\Routing\\Router.php(685): Illuminate\\Routing\\Route->run()
#9 D:\\xampp7\\htdocs\\zakwanbd\\affiliate\\vendor\\laravel\\framework\\src\\Illuminate\\Pipeline\\Pipeline.php(128): Illuminate\\Routing\\Router->Illuminate\\Routing\\{closure}(Object(Illuminate\\Http\\Request))
#10 D:\\xampp7\\htdocs\\zakwanbd\\affiliate\\app\\Http\\Middleware\\AdminMiddleware.php(25): Illuminate\\Pipeline\\Pipeline->Illuminate\\Pipeline\\{closure}(Object(Illuminate\\Http\\Request))
#11 D:\\xampp7\\htdocs\\zakwanbd\\affiliate\\vendor\\laravel\\framework\\src\\Illuminate\\Pipeline\\Pipeline.php(167): App\\Http\\Middleware\\AdminMiddleware->handle(Object(Illuminate\\Http\\Request), Object(Closure))
#12 D:\\xampp7\\htdocs\\zakwanbd\\affiliate\\vendor\\laravel\\framework\\src\\Illuminate\\Routing\\Middleware\\SubstituteBindings.php(41): Illuminate\\Pipeline\\Pipeline->Illuminate\\Pipeline\\{closure}(Object(Illuminate\\Http\\Request))
#13 D:\\xampp7\\htdocs\\zakwanbd\\affiliate\\vendor\\laravel\\framework\\src\\Illuminate\\Pipeline\\Pipeline.php(167): Illuminate\\Routing\\Middleware\\SubstituteBindings->handle(Object(Illuminate\\Http\\Request), Object(Closure))
#14 D:\\xampp7\\htdocs\\zakwanbd\\affiliate\\vendor\\laravel\\framework\\src\\Illuminate\\Foundation\\Http\\Middleware\\VerifyCsrfToken.php(78): Illuminate\\Pipeline\\Pipeline->Illuminate\\Pipeline\\{closure}(Object(Illuminate\\Http\\Request))
#15 D:\\xampp7\\htdocs\\zakwanbd\\affiliate\\vendor\\laravel\\framework\\src\\Illuminate\\Pipeline\\Pipeline.php(167): Illuminate\\Foundation\\Http\\Middleware\\VerifyCsrfToken->handle(Object(Illuminate\\Http\\Request), Object(Closure))
#16 D:\\xampp7\\htdocs\\zakwanbd\\affiliate\\vendor\\laravel\\framework\\src\\Illuminate\\View\\Middleware\\ShareErrorsFromSession.php(49): Illuminate\\Pipeline\\Pipeline->Illuminate\\Pipeline\\{closure}(Object(Illuminate\\Http\\Request))
#17 D:\\xampp7\\htdocs\\zakwanbd\\affiliate\\vendor\\laravel\\framework\\src\\Illuminate\\Pipeline\\Pipeline.php(167): Illuminate\\View\\Middleware\\ShareErrorsFromSession->handle(Object(Illuminate\\Http\\Request), Object(Closure))
#18 D:\\xampp7\\htdocs\\zakwanbd\\affiliate\\vendor\\laravel\\framework\\src\\Illuminate\\Session\\Middleware\\StartSession.php(116): Illuminate\\Pipeline\\Pipeline->Illuminate\\Pipeline\\{closure}(Object(Illuminate\\Http\\Request))
#19 D:\\xampp7\\htdocs\\zakwanbd\\affiliate\\vendor\\laravel\\framework\\src\\Illuminate\\Session\\Middleware\\StartSession.php(62): Illuminate\\Session\\Middleware\\StartSession->handleStatefulRequest(Object(Illuminate\\Http\\Request), Object(Illuminate\\Session\\Store), Object(Closure))
#20 D:\\xampp7\\htdocs\\zakwanbd\\affiliate\\vendor\\laravel\\framework\\src\\Illuminate\\Pipeline\\Pipeline.php(167): Illuminate\\Session\\Middleware\\StartSession->handle(Object(Illuminate\\Http\\Request), Object(Closure))
#21 D:\\xampp7\\htdocs\\zakwanbd\\affiliate\\vendor\\laravel\\framework\\src\\Illuminate\\Cookie\\Middleware\\AddQueuedCookiesToResponse.php(37): Illuminate\\Pipeline\\Pipeline->Illuminate\\Pipeline\\{closure}(Object(Illuminate\\Http\\Request))
#22 D:\\xampp7\\htdocs\\zakwanbd\\affiliate\\vendor\\laravel\\framework\\src\\Illuminate\\Pipeline\\Pipeline.php(167): Illuminate\\Cookie\\Middleware\\AddQueuedCookiesToResponse->handle(Object(Illuminate\\Http\\Request), Object(Closure))
#23 D:\\xampp7\\htdocs\\zakwanbd\\affiliate\\vendor\\laravel\\framework\\src\\Illuminate\\Cookie\\Middleware\\EncryptCookies.php(67): Illuminate\\Pipeline\\Pipeline->Illuminate\\Pipeline\\{closure}(Object(Illuminate\\Http\\Request))
#24 D:\\xampp7\\htdocs\\zakwanbd\\affiliate\\vendor\\laravel\\framework\\src\\Illuminate\\Pipeline\\Pipeline.php(167): Illuminate\\Cookie\\Middleware\\EncryptCookies->handle(Object(Illuminate\\Http\\Request), Object(Closure))
#25 D:\\xampp7\\htdocs\\zakwanbd\\affiliate\\vendor\\laravel\\framework\\src\\Illuminate\\Pipeline\\Pipeline.php(103): Illuminate\\Pipeline\\Pipeline->Illuminate\\Pipeline\\{closure}(Object(Illuminate\\Http\\Request))
#26 D:\\xampp7\\htdocs\\zakwanbd\\affiliate\\vendor\\laravel\\framework\\src\\Illuminate\\Routing\\Router.php(687): Illuminate\\Pipeline\\Pipeline->then(Object(Closure))
#27 D:\\xampp7\\htdocs\\zakwanbd\\affiliate\\vendor\\laravel\\framework\\src\\Illuminate\\Routing\\Router.php(662): Illuminate\\Routing\\Router->runRouteWithinStack(Object(Illuminate\\Routing\\Route), Object(Illuminate\\Http\\Request))
#28 D:\\xampp7\\htdocs\\zakwanbd\\affiliate\\vendor\\laravel\\framework\\src\\Illuminate\\Routing\\Router.php(628): Illuminate\\Routing\\Router->runRoute(Object(Illuminate\\Http\\Request), Object(Illuminate\\Routing\\Route))
#29 D:\\xampp7\\htdocs\\zakwanbd\\affiliate\\vendor\\laravel\\framework\\src\\Illuminate\\Routing\\Router.php(617): Illuminate\\Routing\\Router->dispatchToRoute(Object(Illuminate\\Http\\Request))
#30 D:\\xampp7\\htdocs\\zakwanbd\\affiliate\\vendor\\laravel\\framework\\src\\Illuminate\\Foundation\\Http\\Kernel.php(165): Illuminate\\Routing\\Router->dispatch(Object(Illuminate\\Http\\Request))
#31 D:\\xampp7\\htdocs\\zakwanbd\\affiliate\\vendor\\laravel\\framework\\src\\Illuminate\\Pipeline\\Pipeline.php(128): Illuminate\\Foundation\\Http\\Kernel->Illuminate\\Foundation\\Http\\{closure}(Object(Illuminate\\Http\\Request))
#32 D:\\xampp7\\htdocs\\zakwanbd\\affiliate\\vendor\\laravel\\framework\\src\\Illuminate\\Foundation\\Http\\Middleware\\TransformsRequest.php(21): Illuminate\\Pipeline\\Pipeline->Illuminate\\Pipeline\\{closure}(Object(Illuminate\\Http\\Request))
#33 D:\\xampp7\\htdocs\\zakwanbd\\affiliate\\vendor\\laravel\\framework\\src\\Illuminate\\Pipeline\\Pipeline.php(167): Illuminate\\Foundation\\Http\\Middleware\\TransformsRequest->handle(Object(Illuminate\\Http\\Request), Object(Closure))
#34 D:\\xampp7\\htdocs\\zakwanbd\\affiliate\\vendor\\laravel\\framework\\src\\Illuminate\\Foundation\\Http\\Middleware\\TransformsRequest.php(21): Illuminate\\Pipeline\\Pipeline->Illuminate\\Pipeline\\{closure}(Object(Illuminate\\Http\\Request))
#35 D:\\xampp7\\htdocs\\zakwanbd\\affiliate\\vendor\\laravel\\framework\\src\\Illuminate\\Pipeline\\Pipeline.php(167): Illuminate\\Foundation\\Http\\Middleware\\TransformsRequest->handle(Object(Illuminate\\Http\\Request), Object(Closure))
#36 D:\\xampp7\\htdocs\\zakwanbd\\affiliate\\vendor\\laravel\\framework\\src\\Illuminate\\Foundation\\Http\\Middleware\\ValidatePostSize.php(27): Illuminate\\Pipeline\\Pipeline->Illuminate\\Pipeline\\{closure}(Object(Illuminate\\Http\\Request))
#37 D:\\xampp7\\htdocs\\zakwanbd\\affiliate\\vendor\\laravel\\framework\\src\\Illuminate\\Pipeline\\Pipeline.php(167): Illuminate\\Foundation\\Http\\Middleware\\ValidatePostSize->handle(Object(Illuminate\\Http\\Request), Object(Closure))
#38 D:\\xampp7\\htdocs\\zakwanbd\\affiliate\\vendor\\laravel\\framework\\src\\Illuminate\\Foundation\\Http\\Middleware\\CheckForMaintenanceMode.php(63): Illuminate\\Pipeline\\Pipeline->Illuminate\\Pipeline\\{closure}(Object(Illuminate\\Http\\Request))
#39 D:\\xampp7\\htdocs\\zakwanbd\\affiliate\\vendor\\laravel\\framework\\src\\Illuminate\\Pipeline\\Pipeline.php(167): Illuminate\\Foundation\\Http\\Middleware\\CheckForMaintenanceMode->handle(Object(Illuminate\\Http\\Request), Object(Closure))
#40 D:\\xampp7\\htdocs\\zakwanbd\\affiliate\\vendor\\fruitcake\\laravel-cors\\src\\HandleCors.php(37): Illuminate\\Pipeline\\Pipeline->Illuminate\\Pipeline\\{closure}(Object(Illuminate\\Http\\Request))
#41 D:\\xampp7\\htdocs\\zakwanbd\\affiliate\\vendor\\laravel\\framework\\src\\Illuminate\\Pipeline\\Pipeline.php(167): Fruitcake\\Cors\\HandleCors->handle(Object(Illuminate\\Http\\Request), Object(Closure))
#42 D:\\xampp7\\htdocs\\zakwanbd\\affiliate\\vendor\\fideloper\\proxy\\src\\TrustProxies.php(57): Illuminate\\Pipeline\\Pipeline->Illuminate\\Pipeline\\{closure}(Object(Illuminate\\Http\\Request))
#43 D:\\xampp7\\htdocs\\zakwanbd\\affiliate\\vendor\\laravel\\framework\\src\\Illuminate\\Pipeline\\Pipeline.php(167): Fideloper\\Proxy\\TrustProxies->handle(Object(Illuminate\\Http\\Request), Object(Closure))
#44 D:\\xampp7\\htdocs\\zakwanbd\\affiliate\\vendor\\laravel\\framework\\src\\Illuminate\\Pipeline\\Pipeline.php(103): Illuminate\\Pipeline\\Pipeline->Illuminate\\Pipeline\\{closure}(Object(Illuminate\\Http\\Request))
#45 D:\\xampp7\\htdocs\\zakwanbd\\affiliate\\vendor\\laravel\\framework\\src\\Illuminate\\Foundation\\Http\\Kernel.php(140): Illuminate\\Pipeline\\Pipeline->then(Object(Closure))
#46 D:\\xampp7\\htdocs\\zakwanbd\\affiliate\\vendor\\laravel\\framework\\src\\Illuminate\\Foundation\\Http\\Kernel.php(109): Illuminate\\Foundation\\Http\\Kernel->sendRequestThroughRouter(Object(Illuminate\\Http\\Request))
#47 D:\\xampp7\\htdocs\\zakwanbd\\affiliate\\index.php(55): Illuminate\\Foundation\\Http\\Kernel->handle(Object(Illuminate\\Http\\Request))
#48 {main}
"} 
[2025-04-18 09:21:49] local.ERROR: SQLSTATE[42S22]: Column not found: 1054 Unknown column 'users_public.income_for' in 'where clause' (SQL: select * from `users_public` where `users_public`.`income_for` in (1, 2, 3, 4, 5, 6, 7, 8, 9, 10, 11, 12)) {"exception":"[object] (Illuminate\\Database\\QueryException(code: 42S22): SQLSTATE[42S22]: Column not found: 1054 Unknown column 'users_public.income_for' in 'where clause' (SQL: select * from `users_public` where `users_public`.`income_for` in (1, 2, 3, 4, 5, 6, 7, 8, 9, 10, 11, 12)) at D:\\xampp7\\htdocs\\zakwanbd\\affiliate\\vendor\\laravel\\framework\\src\\Illuminate\\Database\\Connection.php:671)
[stacktrace]
#0 D:\\xampp7\\htdocs\\zakwanbd\\affiliate\\vendor\\laravel\\framework\\src\\Illuminate\\Database\\Connection.php(631): Illuminate\\Database\\Connection->runQueryCallback('select * from `...', Array, Object(Closure))
#1 D:\\xampp7\\htdocs\\zakwanbd\\affiliate\\vendor\\laravel\\framework\\src\\Illuminate\\Database\\Connection.php(339): Illuminate\\Database\\Connection->run('select * from `...', Array, Object(Closure))
#2 D:\\xampp7\\htdocs\\zakwanbd\\affiliate\\vendor\\laravel\\framework\\src\\Illuminate\\Database\\Query\\Builder.php(2270): Illuminate\\Database\\Connection->select('select * from `...', Array, true)
#3 D:\\xampp7\\htdocs\\zakwanbd\\affiliate\\vendor\\laravel\\framework\\src\\Illuminate\\Database\\Query\\Builder.php(2258): Illuminate\\Database\\Query\\Builder->runSelect()
#4 D:\\xampp7\\htdocs\\zakwanbd\\affiliate\\vendor\\laravel\\framework\\src\\Illuminate\\Database\\Query\\Builder.php(2753): Illuminate\\Database\\Query\\Builder->Illuminate\\Database\\Query\\{closure}()
#5 D:\\xampp7\\htdocs\\zakwanbd\\affiliate\\vendor\\laravel\\framework\\src\\Illuminate\\Database\\Query\\Builder.php(2259): Illuminate\\Database\\Query\\Builder->onceWithColumns(Array, Object(Closure))
#6 D:\\xampp7\\htdocs\\zakwanbd\\affiliate\\vendor\\laravel\\framework\\src\\Illuminate\\Database\\Eloquent\\Builder.php(548): Illuminate\\Database\\Query\\Builder->get(Array)
#7 D:\\xampp7\\htdocs\\zakwanbd\\affiliate\\vendor\\laravel\\framework\\src\\Illuminate\\Database\\Eloquent\\Builder.php(532): Illuminate\\Database\\Eloquent\\Builder->getModels(Array)
#8 D:\\xampp7\\htdocs\\zakwanbd\\affiliate\\vendor\\laravel\\framework\\src\\Illuminate\\Database\\Eloquent\\Relations\\Relation.php(155): Illuminate\\Database\\Eloquent\\Builder->get(Array)
#9 D:\\xampp7\\htdocs\\zakwanbd\\affiliate\\vendor\\laravel\\framework\\src\\Illuminate\\Database\\Eloquent\\Relations\\Relation.php(144): Illuminate\\Database\\Eloquent\\Relations\\Relation->get()
#10 D:\\xampp7\\htdocs\\zakwanbd\\affiliate\\vendor\\laravel\\framework\\src\\Illuminate\\Database\\Eloquent\\Builder.php(596): Illuminate\\Database\\Eloquent\\Relations\\Relation->getEager()
#11 D:\\xampp7\\htdocs\\zakwanbd\\affiliate\\vendor\\laravel\\framework\\src\\Illuminate\\Database\\Eloquent\\Builder.php(565): Illuminate\\Database\\Eloquent\\Builder->eagerLoadRelation(Array, 'incomeFor', Object(Closure))
#12 D:\\xampp7\\htdocs\\zakwanbd\\affiliate\\vendor\\laravel\\framework\\src\\Illuminate\\Database\\Eloquent\\Builder.php(533): Illuminate\\Database\\Eloquent\\Builder->eagerLoadRelations(Array)
#13 D:\\xampp7\\htdocs\\zakwanbd\\affiliate\\vendor\\laravel\\framework\\src\\Illuminate\\Database\\Eloquent\\Builder.php(732): Illuminate\\Database\\Eloquent\\Builder->get(Array)
#14 D:\\xampp7\\htdocs\\zakwanbd\\affiliate\\app\\Http\\Controllers\\admin\\AdminAffiliteController.php(1944): Illuminate\\Database\\Eloquent\\Builder->paginate(15)
#15 D:\\xampp7\\htdocs\\zakwanbd\\affiliate\\vendor\\laravel\\framework\\src\\Illuminate\\Routing\\Controller.php(54): App\\Http\\Controllers\\admin\\AdminAffiliteController->labelHistory()
#16 D:\\xampp7\\htdocs\\zakwanbd\\affiliate\\vendor\\laravel\\framework\\src\\Illuminate\\Routing\\ControllerDispatcher.php(45): Illuminate\\Routing\\Controller->callAction('labelHistory', Array)
#17 D:\\xampp7\\htdocs\\zakwanbd\\affiliate\\vendor\\laravel\\framework\\src\\Illuminate\\Routing\\Route.php(239): Illuminate\\Routing\\ControllerDispatcher->dispatch(Object(Illuminate\\Routing\\Route), Object(App\\Http\\Controllers\\admin\\AdminAffiliteController), 'labelHistory')
#18 D:\\xampp7\\htdocs\\zakwanbd\\affiliate\\vendor\\laravel\\framework\\src\\Illuminate\\Routing\\Route.php(196): Illuminate\\Routing\\Route->runController()
#19 D:\\xampp7\\htdocs\\zakwanbd\\affiliate\\vendor\\laravel\\framework\\src\\Illuminate\\Routing\\Router.php(685): Illuminate\\Routing\\Route->run()
#20 D:\\xampp7\\htdocs\\zakwanbd\\affiliate\\vendor\\laravel\\framework\\src\\Illuminate\\Pipeline\\Pipeline.php(128): Illuminate\\Routing\\Router->Illuminate\\Routing\\{closure}(Object(Illuminate\\Http\\Request))
#21 D:\\xampp7\\htdocs\\zakwanbd\\affiliate\\app\\Http\\Middleware\\AdminMiddleware.php(25): Illuminate\\Pipeline\\Pipeline->Illuminate\\Pipeline\\{closure}(Object(Illuminate\\Http\\Request))
#22 D:\\xampp7\\htdocs\\zakwanbd\\affiliate\\vendor\\laravel\\framework\\src\\Illuminate\\Pipeline\\Pipeline.php(167): App\\Http\\Middleware\\AdminMiddleware->handle(Object(Illuminate\\Http\\Request), Object(Closure))
#23 D:\\xampp7\\htdocs\\zakwanbd\\affiliate\\vendor\\laravel\\framework\\src\\Illuminate\\Routing\\Middleware\\SubstituteBindings.php(41): Illuminate\\Pipeline\\Pipeline->Illuminate\\Pipeline\\{closure}(Object(Illuminate\\Http\\Request))
#24 D:\\xampp7\\htdocs\\zakwanbd\\affiliate\\vendor\\laravel\\framework\\src\\Illuminate\\Pipeline\\Pipeline.php(167): Illuminate\\Routing\\Middleware\\SubstituteBindings->handle(Object(Illuminate\\Http\\Request), Object(Closure))
#25 D:\\xampp7\\htdocs\\zakwanbd\\affiliate\\vendor\\laravel\\framework\\src\\Illuminate\\Foundation\\Http\\Middleware\\VerifyCsrfToken.php(78): Illuminate\\Pipeline\\Pipeline->Illuminate\\Pipeline\\{closure}(Object(Illuminate\\Http\\Request))
#26 D:\\xampp7\\htdocs\\zakwanbd\\affiliate\\vendor\\laravel\\framework\\src\\Illuminate\\Pipeline\\Pipeline.php(167): Illuminate\\Foundation\\Http\\Middleware\\VerifyCsrfToken->handle(Object(Illuminate\\Http\\Request), Object(Closure))
#27 D:\\xampp7\\htdocs\\zakwanbd\\affiliate\\vendor\\laravel\\framework\\src\\Illuminate\\View\\Middleware\\ShareErrorsFromSession.php(49): Illuminate\\Pipeline\\Pipeline->Illuminate\\Pipeline\\{closure}(Object(Illuminate\\Http\\Request))
#28 D:\\xampp7\\htdocs\\zakwanbd\\affiliate\\vendor\\laravel\\framework\\src\\Illuminate\\Pipeline\\Pipeline.php(167): Illuminate\\View\\Middleware\\ShareErrorsFromSession->handle(Object(Illuminate\\Http\\Request), Object(Closure))
#29 D:\\xampp7\\htdocs\\zakwanbd\\affiliate\\vendor\\laravel\\framework\\src\\Illuminate\\Session\\Middleware\\StartSession.php(116): Illuminate\\Pipeline\\Pipeline->Illuminate\\Pipeline\\{closure}(Object(Illuminate\\Http\\Request))
#30 D:\\xampp7\\htdocs\\zakwanbd\\affiliate\\vendor\\laravel\\framework\\src\\Illuminate\\Session\\Middleware\\StartSession.php(62): Illuminate\\Session\\Middleware\\StartSession->handleStatefulRequest(Object(Illuminate\\Http\\Request), Object(Illuminate\\Session\\Store), Object(Closure))
#31 D:\\xampp7\\htdocs\\zakwanbd\\affiliate\\vendor\\laravel\\framework\\src\\Illuminate\\Pipeline\\Pipeline.php(167): Illuminate\\Session\\Middleware\\StartSession->handle(Object(Illuminate\\Http\\Request), Object(Closure))
#32 D:\\xampp7\\htdocs\\zakwanbd\\affiliate\\vendor\\laravel\\framework\\src\\Illuminate\\Cookie\\Middleware\\AddQueuedCookiesToResponse.php(37): Illuminate\\Pipeline\\Pipeline->Illuminate\\Pipeline\\{closure}(Object(Illuminate\\Http\\Request))
#33 D:\\xampp7\\htdocs\\zakwanbd\\affiliate\\vendor\\laravel\\framework\\src\\Illuminate\\Pipeline\\Pipeline.php(167): Illuminate\\Cookie\\Middleware\\AddQueuedCookiesToResponse->handle(Object(Illuminate\\Http\\Request), Object(Closure))
#34 D:\\xampp7\\htdocs\\zakwanbd\\affiliate\\vendor\\laravel\\framework\\src\\Illuminate\\Cookie\\Middleware\\EncryptCookies.php(67): Illuminate\\Pipeline\\Pipeline->Illuminate\\Pipeline\\{closure}(Object(Illuminate\\Http\\Request))
#35 D:\\xampp7\\htdocs\\zakwanbd\\affiliate\\vendor\\laravel\\framework\\src\\Illuminate\\Pipeline\\Pipeline.php(167): Illuminate\\Cookie\\Middleware\\EncryptCookies->handle(Object(Illuminate\\Http\\Request), Object(Closure))
#36 D:\\xampp7\\htdocs\\zakwanbd\\affiliate\\vendor\\laravel\\framework\\src\\Illuminate\\Pipeline\\Pipeline.php(103): Illuminate\\Pipeline\\Pipeline->Illuminate\\Pipeline\\{closure}(Object(Illuminate\\Http\\Request))
#37 D:\\xampp7\\htdocs\\zakwanbd\\affiliate\\vendor\\laravel\\framework\\src\\Illuminate\\Routing\\Router.php(687): Illuminate\\Pipeline\\Pipeline->then(Object(Closure))
#38 D:\\xampp7\\htdocs\\zakwanbd\\affiliate\\vendor\\laravel\\framework\\src\\Illuminate\\Routing\\Router.php(662): Illuminate\\Routing\\Router->runRouteWithinStack(Object(Illuminate\\Routing\\Route), Object(Illuminate\\Http\\Request))
#39 D:\\xampp7\\htdocs\\zakwanbd\\affiliate\\vendor\\laravel\\framework\\src\\Illuminate\\Routing\\Router.php(628): Illuminate\\Routing\\Router->runRoute(Object(Illuminate\\Http\\Request), Object(Illuminate\\Routing\\Route))
#40 D:\\xampp7\\htdocs\\zakwanbd\\affiliate\\vendor\\laravel\\framework\\src\\Illuminate\\Routing\\Router.php(617): Illuminate\\Routing\\Router->dispatchToRoute(Object(Illuminate\\Http\\Request))
#41 D:\\xampp7\\htdocs\\zakwanbd\\affiliate\\vendor\\laravel\\framework\\src\\Illuminate\\Foundation\\Http\\Kernel.php(165): Illuminate\\Routing\\Router->dispatch(Object(Illuminate\\Http\\Request))
#42 D:\\xampp7\\htdocs\\zakwanbd\\affiliate\\vendor\\laravel\\framework\\src\\Illuminate\\Pipeline\\Pipeline.php(128): Illuminate\\Foundation\\Http\\Kernel->Illuminate\\Foundation\\Http\\{closure}(Object(Illuminate\\Http\\Request))
#43 D:\\xampp7\\htdocs\\zakwanbd\\affiliate\\vendor\\laravel\\framework\\src\\Illuminate\\Foundation\\Http\\Middleware\\TransformsRequest.php(21): Illuminate\\Pipeline\\Pipeline->Illuminate\\Pipeline\\{closure}(Object(Illuminate\\Http\\Request))
#44 D:\\xampp7\\htdocs\\zakwanbd\\affiliate\\vendor\\laravel\\framework\\src\\Illuminate\\Pipeline\\Pipeline.php(167): Illuminate\\Foundation\\Http\\Middleware\\TransformsRequest->handle(Object(Illuminate\\Http\\Request), Object(Closure))
#45 D:\\xampp7\\htdocs\\zakwanbd\\affiliate\\vendor\\laravel\\framework\\src\\Illuminate\\Foundation\\Http\\Middleware\\TransformsRequest.php(21): Illuminate\\Pipeline\\Pipeline->Illuminate\\Pipeline\\{closure}(Object(Illuminate\\Http\\Request))
#46 D:\\xampp7\\htdocs\\zakwanbd\\affiliate\\vendor\\laravel\\framework\\src\\Illuminate\\Pipeline\\Pipeline.php(167): Illuminate\\Foundation\\Http\\Middleware\\TransformsRequest->handle(Object(Illuminate\\Http\\Request), Object(Closure))
#47 D:\\xampp7\\htdocs\\zakwanbd\\affiliate\\vendor\\laravel\\framework\\src\\Illuminate\\Foundation\\Http\\Middleware\\ValidatePostSize.php(27): Illuminate\\Pipeline\\Pipeline->Illuminate\\Pipeline\\{closure}(Object(Illuminate\\Http\\Request))
#48 D:\\xampp7\\htdocs\\zakwanbd\\affiliate\\vendor\\laravel\\framework\\src\\Illuminate\\Pipeline\\Pipeline.php(167): Illuminate\\Foundation\\Http\\Middleware\\ValidatePostSize->handle(Object(Illuminate\\Http\\Request), Object(Closure))
#49 D:\\xampp7\\htdocs\\zakwanbd\\affiliate\\vendor\\laravel\\framework\\src\\Illuminate\\Foundation\\Http\\Middleware\\CheckForMaintenanceMode.php(63): Illuminate\\Pipeline\\Pipeline->Illuminate\\Pipeline\\{closure}(Object(Illuminate\\Http\\Request))
#50 D:\\xampp7\\htdocs\\zakwanbd\\affiliate\\vendor\\laravel\\framework\\src\\Illuminate\\Pipeline\\Pipeline.php(167): Illuminate\\Foundation\\Http\\Middleware\\CheckForMaintenanceMode->handle(Object(Illuminate\\Http\\Request), Object(Closure))
#51 D:\\xampp7\\htdocs\\zakwanbd\\affiliate\\vendor\\fruitcake\\laravel-cors\\src\\HandleCors.php(37): Illuminate\\Pipeline\\Pipeline->Illuminate\\Pipeline\\{closure}(Object(Illuminate\\Http\\Request))
#52 D:\\xampp7\\htdocs\\zakwanbd\\affiliate\\vendor\\laravel\\framework\\src\\Illuminate\\Pipeline\\Pipeline.php(167): Fruitcake\\Cors\\HandleCors->handle(Object(Illuminate\\Http\\Request), Object(Closure))
#53 D:\\xampp7\\htdocs\\zakwanbd\\affiliate\\vendor\\fideloper\\proxy\\src\\TrustProxies.php(57): Illuminate\\Pipeline\\Pipeline->Illuminate\\Pipeline\\{closure}(Object(Illuminate\\Http\\Request))
#54 D:\\xampp7\\htdocs\\zakwanbd\\affiliate\\vendor\\laravel\\framework\\src\\Illuminate\\Pipeline\\Pipeline.php(167): Fideloper\\Proxy\\TrustProxies->handle(Object(Illuminate\\Http\\Request), Object(Closure))
#55 D:\\xampp7\\htdocs\\zakwanbd\\affiliate\\vendor\\laravel\\framework\\src\\Illuminate\\Pipeline\\Pipeline.php(103): Illuminate\\Pipeline\\Pipeline->Illuminate\\Pipeline\\{closure}(Object(Illuminate\\Http\\Request))
#56 D:\\xampp7\\htdocs\\zakwanbd\\affiliate\\vendor\\laravel\\framework\\src\\Illuminate\\Foundation\\Http\\Kernel.php(140): Illuminate\\Pipeline\\Pipeline->then(Object(Closure))
#57 D:\\xampp7\\htdocs\\zakwanbd\\affiliate\\vendor\\laravel\\framework\\src\\Illuminate\\Foundation\\Http\\Kernel.php(109): Illuminate\\Foundation\\Http\\Kernel->sendRequestThroughRouter(Object(Illuminate\\Http\\Request))
#58 D:\\xampp7\\htdocs\\zakwanbd\\affiliate\\index.php(55): Illuminate\\Foundation\\Http\\Kernel->handle(Object(Illuminate\\Http\\Request))
#59 {main}

[previous exception] [object] (PDOException(code: 42S22): SQLSTATE[42S22]: Column not found: 1054 Unknown column 'users_public.income_for' in 'where clause' at D:\\xampp7\\htdocs\\zakwanbd\\affiliate\\vendor\\laravel\\framework\\src\\Illuminate\\Database\\Connection.php:331)
[stacktrace]
#0 D:\\xampp7\\htdocs\\zakwanbd\\affiliate\\vendor\\laravel\\framework\\src\\Illuminate\\Database\\Connection.php(331): PDO->prepare('select * from `...')
#1 D:\\xampp7\\htdocs\\zakwanbd\\affiliate\\vendor\\laravel\\framework\\src\\Illuminate\\Database\\Connection.php(664): Illuminate\\Database\\Connection->Illuminate\\Database\\{closure}('select * from `...', Array)
#2 D:\\xampp7\\htdocs\\zakwanbd\\affiliate\\vendor\\laravel\\framework\\src\\Illuminate\\Database\\Connection.php(631): Illuminate\\Database\\Connection->runQueryCallback('select * from `...', Array, Object(Closure))
#3 D:\\xampp7\\htdocs\\zakwanbd\\affiliate\\vendor\\laravel\\framework\\src\\Illuminate\\Database\\Connection.php(339): Illuminate\\Database\\Connection->run('select * from `...', Array, Object(Closure))
#4 D:\\xampp7\\htdocs\\zakwanbd\\affiliate\\vendor\\laravel\\framework\\src\\Illuminate\\Database\\Query\\Builder.php(2270): Illuminate\\Database\\Connection->select('select * from `...', Array, true)
#5 D:\\xampp7\\htdocs\\zakwanbd\\affiliate\\vendor\\laravel\\framework\\src\\Illuminate\\Database\\Query\\Builder.php(2258): Illuminate\\Database\\Query\\Builder->runSelect()
#6 D:\\xampp7\\htdocs\\zakwanbd\\affiliate\\vendor\\laravel\\framework\\src\\Illuminate\\Database\\Query\\Builder.php(2753): Illuminate\\Database\\Query\\Builder->Illuminate\\Database\\Query\\{closure}()
#7 D:\\xampp7\\htdocs\\zakwanbd\\affiliate\\vendor\\laravel\\framework\\src\\Illuminate\\Database\\Query\\Builder.php(2259): Illuminate\\Database\\Query\\Builder->onceWithColumns(Array, Object(Closure))
#8 D:\\xampp7\\htdocs\\zakwanbd\\affiliate\\vendor\\laravel\\framework\\src\\Illuminate\\Database\\Eloquent\\Builder.php(548): Illuminate\\Database\\Query\\Builder->get(Array)
#9 D:\\xampp7\\htdocs\\zakwanbd\\affiliate\\vendor\\laravel\\framework\\src\\Illuminate\\Database\\Eloquent\\Builder.php(532): Illuminate\\Database\\Eloquent\\Builder->getModels(Array)
#10 D:\\xampp7\\htdocs\\zakwanbd\\affiliate\\vendor\\laravel\\framework\\src\\Illuminate\\Database\\Eloquent\\Relations\\Relation.php(155): Illuminate\\Database\\Eloquent\\Builder->get(Array)
#11 D:\\xampp7\\htdocs\\zakwanbd\\affiliate\\vendor\\laravel\\framework\\src\\Illuminate\\Database\\Eloquent\\Relations\\Relation.php(144): Illuminate\\Database\\Eloquent\\Relations\\Relation->get()
#12 D:\\xampp7\\htdocs\\zakwanbd\\affiliate\\vendor\\laravel\\framework\\src\\Illuminate\\Database\\Eloquent\\Builder.php(596): Illuminate\\Database\\Eloquent\\Relations\\Relation->getEager()
#13 D:\\xampp7\\htdocs\\zakwanbd\\affiliate\\vendor\\laravel\\framework\\src\\Illuminate\\Database\\Eloquent\\Builder.php(565): Illuminate\\Database\\Eloquent\\Builder->eagerLoadRelation(Array, 'incomeFor', Object(Closure))
#14 D:\\xampp7\\htdocs\\zakwanbd\\affiliate\\vendor\\laravel\\framework\\src\\Illuminate\\Database\\Eloquent\\Builder.php(533): Illuminate\\Database\\Eloquent\\Builder->eagerLoadRelations(Array)
#15 D:\\xampp7\\htdocs\\zakwanbd\\affiliate\\vendor\\laravel\\framework\\src\\Illuminate\\Database\\Eloquent\\Builder.php(732): Illuminate\\Database\\Eloquent\\Builder->get(Array)
#16 D:\\xampp7\\htdocs\\zakwanbd\\affiliate\\app\\Http\\Controllers\\admin\\AdminAffiliteController.php(1944): Illuminate\\Database\\Eloquent\\Builder->paginate(15)
#17 D:\\xampp7\\htdocs\\zakwanbd\\affiliate\\vendor\\laravel\\framework\\src\\Illuminate\\Routing\\Controller.php(54): App\\Http\\Controllers\\admin\\AdminAffiliteController->labelHistory()
#18 D:\\xampp7\\htdocs\\zakwanbd\\affiliate\\vendor\\laravel\\framework\\src\\Illuminate\\Routing\\ControllerDispatcher.php(45): Illuminate\\Routing\\Controller->callAction('labelHistory', Array)
#19 D:\\xampp7\\htdocs\\zakwanbd\\affiliate\\vendor\\laravel\\framework\\src\\Illuminate\\Routing\\Route.php(239): Illuminate\\Routing\\ControllerDispatcher->dispatch(Object(Illuminate\\Routing\\Route), Object(App\\Http\\Controllers\\admin\\AdminAffiliteController), 'labelHistory')
#20 D:\\xampp7\\htdocs\\zakwanbd\\affiliate\\vendor\\laravel\\framework\\src\\Illuminate\\Routing\\Route.php(196): Illuminate\\Routing\\Route->runController()
#21 D:\\xampp7\\htdocs\\zakwanbd\\affiliate\\vendor\\laravel\\framework\\src\\Illuminate\\Routing\\Router.php(685): Illuminate\\Routing\\Route->run()
#22 D:\\xampp7\\htdocs\\zakwanbd\\affiliate\\vendor\\laravel\\framework\\src\\Illuminate\\Pipeline\\Pipeline.php(128): Illuminate\\Routing\\Router->Illuminate\\Routing\\{closure}(Object(Illuminate\\Http\\Request))
#23 D:\\xampp7\\htdocs\\zakwanbd\\affiliate\\app\\Http\\Middleware\\AdminMiddleware.php(25): Illuminate\\Pipeline\\Pipeline->Illuminate\\Pipeline\\{closure}(Object(Illuminate\\Http\\Request))
#24 D:\\xampp7\\htdocs\\zakwanbd\\affiliate\\vendor\\laravel\\framework\\src\\Illuminate\\Pipeline\\Pipeline.php(167): App\\Http\\Middleware\\AdminMiddleware->handle(Object(Illuminate\\Http\\Request), Object(Closure))
#25 D:\\xampp7\\htdocs\\zakwanbd\\affiliate\\vendor\\laravel\\framework\\src\\Illuminate\\Routing\\Middleware\\SubstituteBindings.php(41): Illuminate\\Pipeline\\Pipeline->Illuminate\\Pipeline\\{closure}(Object(Illuminate\\Http\\Request))
#26 D:\\xampp7\\htdocs\\zakwanbd\\affiliate\\vendor\\laravel\\framework\\src\\Illuminate\\Pipeline\\Pipeline.php(167): Illuminate\\Routing\\Middleware\\SubstituteBindings->handle(Object(Illuminate\\Http\\Request), Object(Closure))
#27 D:\\xampp7\\htdocs\\zakwanbd\\affiliate\\vendor\\laravel\\framework\\src\\Illuminate\\Foundation\\Http\\Middleware\\VerifyCsrfToken.php(78): Illuminate\\Pipeline\\Pipeline->Illuminate\\Pipeline\\{closure}(Object(Illuminate\\Http\\Request))
#28 D:\\xampp7\\htdocs\\zakwanbd\\affiliate\\vendor\\laravel\\framework\\src\\Illuminate\\Pipeline\\Pipeline.php(167): Illuminate\\Foundation\\Http\\Middleware\\VerifyCsrfToken->handle(Object(Illuminate\\Http\\Request), Object(Closure))
#29 D:\\xampp7\\htdocs\\zakwanbd\\affiliate\\vendor\\laravel\\framework\\src\\Illuminate\\View\\Middleware\\ShareErrorsFromSession.php(49): Illuminate\\Pipeline\\Pipeline->Illuminate\\Pipeline\\{closure}(Object(Illuminate\\Http\\Request))
#30 D:\\xampp7\\htdocs\\zakwanbd\\affiliate\\vendor\\laravel\\framework\\src\\Illuminate\\Pipeline\\Pipeline.php(167): Illuminate\\View\\Middleware\\ShareErrorsFromSession->handle(Object(Illuminate\\Http\\Request), Object(Closure))
#31 D:\\xampp7\\htdocs\\zakwanbd\\affiliate\\vendor\\laravel\\framework\\src\\Illuminate\\Session\\Middleware\\StartSession.php(116): Illuminate\\Pipeline\\Pipeline->Illuminate\\Pipeline\\{closure}(Object(Illuminate\\Http\\Request))
#32 D:\\xampp7\\htdocs\\zakwanbd\\affiliate\\vendor\\laravel\\framework\\src\\Illuminate\\Session\\Middleware\\StartSession.php(62): Illuminate\\Session\\Middleware\\StartSession->handleStatefulRequest(Object(Illuminate\\Http\\Request), Object(Illuminate\\Session\\Store), Object(Closure))
#33 D:\\xampp7\\htdocs\\zakwanbd\\affiliate\\vendor\\laravel\\framework\\src\\Illuminate\\Pipeline\\Pipeline.php(167): Illuminate\\Session\\Middleware\\StartSession->handle(Object(Illuminate\\Http\\Request), Object(Closure))
#34 D:\\xampp7\\htdocs\\zakwanbd\\affiliate\\vendor\\laravel\\framework\\src\\Illuminate\\Cookie\\Middleware\\AddQueuedCookiesToResponse.php(37): Illuminate\\Pipeline\\Pipeline->Illuminate\\Pipeline\\{closure}(Object(Illuminate\\Http\\Request))
#35 D:\\xampp7\\htdocs\\zakwanbd\\affiliate\\vendor\\laravel\\framework\\src\\Illuminate\\Pipeline\\Pipeline.php(167): Illuminate\\Cookie\\Middleware\\AddQueuedCookiesToResponse->handle(Object(Illuminate\\Http\\Request), Object(Closure))
#36 D:\\xampp7\\htdocs\\zakwanbd\\affiliate\\vendor\\laravel\\framework\\src\\Illuminate\\Cookie\\Middleware\\EncryptCookies.php(67): Illuminate\\Pipeline\\Pipeline->Illuminate\\Pipeline\\{closure}(Object(Illuminate\\Http\\Request))
#37 D:\\xampp7\\htdocs\\zakwanbd\\affiliate\\vendor\\laravel\\framework\\src\\Illuminate\\Pipeline\\Pipeline.php(167): Illuminate\\Cookie\\Middleware\\EncryptCookies->handle(Object(Illuminate\\Http\\Request), Object(Closure))
#38 D:\\xampp7\\htdocs\\zakwanbd\\affiliate\\vendor\\laravel\\framework\\src\\Illuminate\\Pipeline\\Pipeline.php(103): Illuminate\\Pipeline\\Pipeline->Illuminate\\Pipeline\\{closure}(Object(Illuminate\\Http\\Request))
#39 D:\\xampp7\\htdocs\\zakwanbd\\affiliate\\vendor\\laravel\\framework\\src\\Illuminate\\Routing\\Router.php(687): Illuminate\\Pipeline\\Pipeline->then(Object(Closure))
#40 D:\\xampp7\\htdocs\\zakwanbd\\affiliate\\vendor\\laravel\\framework\\src\\Illuminate\\Routing\\Router.php(662): Illuminate\\Routing\\Router->runRouteWithinStack(Object(Illuminate\\Routing\\Route), Object(Illuminate\\Http\\Request))
#41 D:\\xampp7\\htdocs\\zakwanbd\\affiliate\\vendor\\laravel\\framework\\src\\Illuminate\\Routing\\Router.php(628): Illuminate\\Routing\\Router->runRoute(Object(Illuminate\\Http\\Request), Object(Illuminate\\Routing\\Route))
#42 D:\\xampp7\\htdocs\\zakwanbd\\affiliate\\vendor\\laravel\\framework\\src\\Illuminate\\Routing\\Router.php(617): Illuminate\\Routing\\Router->dispatchToRoute(Object(Illuminate\\Http\\Request))
#43 D:\\xampp7\\htdocs\\zakwanbd\\affiliate\\vendor\\laravel\\framework\\src\\Illuminate\\Foundation\\Http\\Kernel.php(165): Illuminate\\Routing\\Router->dispatch(Object(Illuminate\\Http\\Request))
#44 D:\\xampp7\\htdocs\\zakwanbd\\affiliate\\vendor\\laravel\\framework\\src\\Illuminate\\Pipeline\\Pipeline.php(128): Illuminate\\Foundation\\Http\\Kernel->Illuminate\\Foundation\\Http\\{closure}(Object(Illuminate\\Http\\Request))
#45 D:\\xampp7\\htdocs\\zakwanbd\\affiliate\\vendor\\laravel\\framework\\src\\Illuminate\\Foundation\\Http\\Middleware\\TransformsRequest.php(21): Illuminate\\Pipeline\\Pipeline->Illuminate\\Pipeline\\{closure}(Object(Illuminate\\Http\\Request))
#46 D:\\xampp7\\htdocs\\zakwanbd\\affiliate\\vendor\\laravel\\framework\\src\\Illuminate\\Pipeline\\Pipeline.php(167): Illuminate\\Foundation\\Http\\Middleware\\TransformsRequest->handle(Object(Illuminate\\Http\\Request), Object(Closure))
#47 D:\\xampp7\\htdocs\\zakwanbd\\affiliate\\vendor\\laravel\\framework\\src\\Illuminate\\Foundation\\Http\\Middleware\\TransformsRequest.php(21): Illuminate\\Pipeline\\Pipeline->Illuminate\\Pipeline\\{closure}(Object(Illuminate\\Http\\Request))
#48 D:\\xampp7\\htdocs\\zakwanbd\\affiliate\\vendor\\laravel\\framework\\src\\Illuminate\\Pipeline\\Pipeline.php(167): Illuminate\\Foundation\\Http\\Middleware\\TransformsRequest->handle(Object(Illuminate\\Http\\Request), Object(Closure))
#49 D:\\xampp7\\htdocs\\zakwanbd\\affiliate\\vendor\\laravel\\framework\\src\\Illuminate\\Foundation\\Http\\Middleware\\ValidatePostSize.php(27): Illuminate\\Pipeline\\Pipeline->Illuminate\\Pipeline\\{closure}(Object(Illuminate\\Http\\Request))
#50 D:\\xampp7\\htdocs\\zakwanbd\\affiliate\\vendor\\laravel\\framework\\src\\Illuminate\\Pipeline\\Pipeline.php(167): Illuminate\\Foundation\\Http\\Middleware\\ValidatePostSize->handle(Object(Illuminate\\Http\\Request), Object(Closure))
#51 D:\\xampp7\\htdocs\\zakwanbd\\affiliate\\vendor\\laravel\\framework\\src\\Illuminate\\Foundation\\Http\\Middleware\\CheckForMaintenanceMode.php(63): Illuminate\\Pipeline\\Pipeline->Illuminate\\Pipeline\\{closure}(Object(Illuminate\\Http\\Request))
#52 D:\\xampp7\\htdocs\\zakwanbd\\affiliate\\vendor\\laravel\\framework\\src\\Illuminate\\Pipeline\\Pipeline.php(167): Illuminate\\Foundation\\Http\\Middleware\\CheckForMaintenanceMode->handle(Object(Illuminate\\Http\\Request), Object(Closure))
#53 D:\\xampp7\\htdocs\\zakwanbd\\affiliate\\vendor\\fruitcake\\laravel-cors\\src\\HandleCors.php(37): Illuminate\\Pipeline\\Pipeline->Illuminate\\Pipeline\\{closure}(Object(Illuminate\\Http\\Request))
#54 D:\\xampp7\\htdocs\\zakwanbd\\affiliate\\vendor\\laravel\\framework\\src\\Illuminate\\Pipeline\\Pipeline.php(167): Fruitcake\\Cors\\HandleCors->handle(Object(Illuminate\\Http\\Request), Object(Closure))
#55 D:\\xampp7\\htdocs\\zakwanbd\\affiliate\\vendor\\fideloper\\proxy\\src\\TrustProxies.php(57): Illuminate\\Pipeline\\Pipeline->Illuminate\\Pipeline\\{closure}(Object(Illuminate\\Http\\Request))
#56 D:\\xampp7\\htdocs\\zakwanbd\\affiliate\\vendor\\laravel\\framework\\src\\Illuminate\\Pipeline\\Pipeline.php(167): Fideloper\\Proxy\\TrustProxies->handle(Object(Illuminate\\Http\\Request), Object(Closure))
#57 D:\\xampp7\\htdocs\\zakwanbd\\affiliate\\vendor\\laravel\\framework\\src\\Illuminate\\Pipeline\\Pipeline.php(103): Illuminate\\Pipeline\\Pipeline->Illuminate\\Pipeline\\{closure}(Object(Illuminate\\Http\\Request))
#58 D:\\xampp7\\htdocs\\zakwanbd\\affiliate\\vendor\\laravel\\framework\\src\\Illuminate\\Foundation\\Http\\Kernel.php(140): Illuminate\\Pipeline\\Pipeline->then(Object(Closure))
#59 D:\\xampp7\\htdocs\\zakwanbd\\affiliate\\vendor\\laravel\\framework\\src\\Illuminate\\Foundation\\Http\\Kernel.php(109): Illuminate\\Foundation\\Http\\Kernel->sendRequestThroughRouter(Object(Illuminate\\Http\\Request))
#60 D:\\xampp7\\htdocs\\zakwanbd\\affiliate\\index.php(55): Illuminate\\Foundation\\Http\\Kernel->handle(Object(Illuminate\\Http\\Request))
#61 {main}
"} 
[2025-04-18 09:41:17] local.ERROR: Undefined offset: 1 {"exception":"[object] (ErrorException(code: 0): Undefined offset: 1 at D:\\xampp7\\htdocs\\zakwanbd\\affiliate\\vendor\\laravel\\framework\\src\\Illuminate\\View\\Compilers\\Concerns\\CompilesLoops.php:95)
[stacktrace]
#0 D:\\xampp7\\htdocs\\zakwanbd\\affiliate\\vendor\\laravel\\framework\\src\\Illuminate\\View\\Compilers\\Concerns\\CompilesLoops.php(95): Illuminate\\Foundation\\Bootstrap\\HandleExceptions->handleError(8, 'Undefined offse...', 'D:\\\\xampp7\\\\htdoc...', 95, Array)
#1 D:\\xampp7\\htdocs\\zakwanbd\\affiliate\\vendor\\laravel\\framework\\src\\Illuminate\\View\\Compilers\\BladeCompiler.php(427): Illuminate\\View\\Compilers\\BladeCompiler->compileForeach('($affiliates $k...')
#2 D:\\xampp7\\htdocs\\zakwanbd\\affiliate\\vendor\\laravel\\framework\\src\\Illuminate\\View\\Compilers\\BladeCompiler.php(409): Illuminate\\View\\Compilers\\BladeCompiler->compileStatement(Array)
#3 [internal function]: Illuminate\\View\\Compilers\\BladeCompiler->Illuminate\\View\\Compilers\\{closure}(Array)
#4 D:\\xampp7\\htdocs\\zakwanbd\\affiliate\\vendor\\laravel\\framework\\src\\Illuminate\\View\\Compilers\\BladeCompiler.php(408): preg_replace_callback('/\\\\B@(@?\\\\w+(?:::...', Object(Closure), '@extends('layou...')
#5 D:\\xampp7\\htdocs\\zakwanbd\\affiliate\\vendor\\laravel\\framework\\src\\Illuminate\\View\\Compilers\\BladeCompiler.php(377): Illuminate\\View\\Compilers\\BladeCompiler->compileStatements('@extends('layou...')
#6 D:\\xampp7\\htdocs\\zakwanbd\\affiliate\\vendor\\laravel\\framework\\src\\Illuminate\\View\\Compilers\\BladeCompiler.php(233): Illuminate\\View\\Compilers\\BladeCompiler->parseToken(Array)
#7 D:\\xampp7\\htdocs\\zakwanbd\\affiliate\\vendor\\laravel\\framework\\src\\Illuminate\\View\\Compilers\\BladeCompiler.php(143): Illuminate\\View\\Compilers\\BladeCompiler->compileString('@extends('layou...')
#8 D:\\xampp7\\htdocs\\zakwanbd\\affiliate\\vendor\\laravel\\framework\\src\\Illuminate\\View\\Engines\\CompilerEngine.php(51): Illuminate\\View\\Compilers\\BladeCompiler->compile('D:\\\\xampp7\\\\htdoc...')
#9 D:\\xampp7\\htdocs\\zakwanbd\\affiliate\\vendor\\facade\\ignition\\src\\Views\\Engines\\CompilerEngine.php(37): Illuminate\\View\\Engines\\CompilerEngine->get('D:\\\\xampp7\\\\htdoc...', Array)
#10 D:\\xampp7\\htdocs\\zakwanbd\\affiliate\\vendor\\laravel\\framework\\src\\Illuminate\\View\\View.php(139): Facade\\Ignition\\Views\\Engines\\CompilerEngine->get('D:\\\\xampp7\\\\htdoc...', Array)
#11 D:\\xampp7\\htdocs\\zakwanbd\\affiliate\\vendor\\laravel\\framework\\src\\Illuminate\\View\\View.php(122): Illuminate\\View\\View->getContents()
#12 D:\\xampp7\\htdocs\\zakwanbd\\affiliate\\vendor\\laravel\\framework\\src\\Illuminate\\View\\View.php(91): Illuminate\\View\\View->renderContents()
#13 D:\\xampp7\\htdocs\\zakwanbd\\affiliate\\vendor\\laravel\\framework\\src\\Illuminate\\Http\\Response.php(62): Illuminate\\View\\View->render()
#14 D:\\xampp7\\htdocs\\zakwanbd\\affiliate\\vendor\\laravel\\framework\\src\\Illuminate\\Http\\Response.php(34): Illuminate\\Http\\Response->setContent(Object(Illuminate\\View\\View))
#15 D:\\xampp7\\htdocs\\zakwanbd\\affiliate\\vendor\\laravel\\framework\\src\\Illuminate\\Routing\\Router.php(759): Illuminate\\Http\\Response->__construct(Object(Illuminate\\View\\View), 200, Array)
#16 D:\\xampp7\\htdocs\\zakwanbd\\affiliate\\vendor\\laravel\\framework\\src\\Illuminate\\Routing\\Router.php(731): Illuminate\\Routing\\Router::toResponse(Object(Illuminate\\Http\\Request), Object(Illuminate\\View\\View))
#17 D:\\xampp7\\htdocs\\zakwanbd\\affiliate\\vendor\\laravel\\framework\\src\\Illuminate\\Routing\\Router.php(685): Illuminate\\Routing\\Router->prepareResponse(Object(Illuminate\\Http\\Request), Object(Illuminate\\View\\View))
#18 D:\\xampp7\\htdocs\\zakwanbd\\affiliate\\vendor\\laravel\\framework\\src\\Illuminate\\Pipeline\\Pipeline.php(128): Illuminate\\Routing\\Router->Illuminate\\Routing\\{closure}(Object(Illuminate\\Http\\Request))
#19 D:\\xampp7\\htdocs\\zakwanbd\\affiliate\\app\\Http\\Middleware\\AdminMiddleware.php(25): Illuminate\\Pipeline\\Pipeline->Illuminate\\Pipeline\\{closure}(Object(Illuminate\\Http\\Request))
#20 D:\\xampp7\\htdocs\\zakwanbd\\affiliate\\vendor\\laravel\\framework\\src\\Illuminate\\Pipeline\\Pipeline.php(167): App\\Http\\Middleware\\AdminMiddleware->handle(Object(Illuminate\\Http\\Request), Object(Closure))
#21 D:\\xampp7\\htdocs\\zakwanbd\\affiliate\\vendor\\laravel\\framework\\src\\Illuminate\\Routing\\Middleware\\SubstituteBindings.php(41): Illuminate\\Pipeline\\Pipeline->Illuminate\\Pipeline\\{closure}(Object(Illuminate\\Http\\Request))
#22 D:\\xampp7\\htdocs\\zakwanbd\\affiliate\\vendor\\laravel\\framework\\src\\Illuminate\\Pipeline\\Pipeline.php(167): Illuminate\\Routing\\Middleware\\SubstituteBindings->handle(Object(Illuminate\\Http\\Request), Object(Closure))
#23 D:\\xampp7\\htdocs\\zakwanbd\\affiliate\\vendor\\laravel\\framework\\src\\Illuminate\\Foundation\\Http\\Middleware\\VerifyCsrfToken.php(78): Illuminate\\Pipeline\\Pipeline->Illuminate\\Pipeline\\{closure}(Object(Illuminate\\Http\\Request))
#24 D:\\xampp7\\htdocs\\zakwanbd\\affiliate\\vendor\\laravel\\framework\\src\\Illuminate\\Pipeline\\Pipeline.php(167): Illuminate\\Foundation\\Http\\Middleware\\VerifyCsrfToken->handle(Object(Illuminate\\Http\\Request), Object(Closure))
#25 D:\\xampp7\\htdocs\\zakwanbd\\affiliate\\vendor\\laravel\\framework\\src\\Illuminate\\View\\Middleware\\ShareErrorsFromSession.php(49): Illuminate\\Pipeline\\Pipeline->Illuminate\\Pipeline\\{closure}(Object(Illuminate\\Http\\Request))
#26 D:\\xampp7\\htdocs\\zakwanbd\\affiliate\\vendor\\laravel\\framework\\src\\Illuminate\\Pipeline\\Pipeline.php(167): Illuminate\\View\\Middleware\\ShareErrorsFromSession->handle(Object(Illuminate\\Http\\Request), Object(Closure))
#27 D:\\xampp7\\htdocs\\zakwanbd\\affiliate\\vendor\\laravel\\framework\\src\\Illuminate\\Session\\Middleware\\StartSession.php(116): Illuminate\\Pipeline\\Pipeline->Illuminate\\Pipeline\\{closure}(Object(Illuminate\\Http\\Request))
#28 D:\\xampp7\\htdocs\\zakwanbd\\affiliate\\vendor\\laravel\\framework\\src\\Illuminate\\Session\\Middleware\\StartSession.php(62): Illuminate\\Session\\Middleware\\StartSession->handleStatefulRequest(Object(Illuminate\\Http\\Request), Object(Illuminate\\Session\\Store), Object(Closure))
#29 D:\\xampp7\\htdocs\\zakwanbd\\affiliate\\vendor\\laravel\\framework\\src\\Illuminate\\Pipeline\\Pipeline.php(167): Illuminate\\Session\\Middleware\\StartSession->handle(Object(Illuminate\\Http\\Request), Object(Closure))
#30 D:\\xampp7\\htdocs\\zakwanbd\\affiliate\\vendor\\laravel\\framework\\src\\Illuminate\\Cookie\\Middleware\\AddQueuedCookiesToResponse.php(37): Illuminate\\Pipeline\\Pipeline->Illuminate\\Pipeline\\{closure}(Object(Illuminate\\Http\\Request))
#31 D:\\xampp7\\htdocs\\zakwanbd\\affiliate\\vendor\\laravel\\framework\\src\\Illuminate\\Pipeline\\Pipeline.php(167): Illuminate\\Cookie\\Middleware\\AddQueuedCookiesToResponse->handle(Object(Illuminate\\Http\\Request), Object(Closure))
#32 D:\\xampp7\\htdocs\\zakwanbd\\affiliate\\vendor\\laravel\\framework\\src\\Illuminate\\Cookie\\Middleware\\EncryptCookies.php(67): Illuminate\\Pipeline\\Pipeline->Illuminate\\Pipeline\\{closure}(Object(Illuminate\\Http\\Request))
#33 D:\\xampp7\\htdocs\\zakwanbd\\affiliate\\vendor\\laravel\\framework\\src\\Illuminate\\Pipeline\\Pipeline.php(167): Illuminate\\Cookie\\Middleware\\EncryptCookies->handle(Object(Illuminate\\Http\\Request), Object(Closure))
#34 D:\\xampp7\\htdocs\\zakwanbd\\affiliate\\vendor\\laravel\\framework\\src\\Illuminate\\Pipeline\\Pipeline.php(103): Illuminate\\Pipeline\\Pipeline->Illuminate\\Pipeline\\{closure}(Object(Illuminate\\Http\\Request))
#35 D:\\xampp7\\htdocs\\zakwanbd\\affiliate\\vendor\\laravel\\framework\\src\\Illuminate\\Routing\\Router.php(687): Illuminate\\Pipeline\\Pipeline->then(Object(Closure))
#36 D:\\xampp7\\htdocs\\zakwanbd\\affiliate\\vendor\\laravel\\framework\\src\\Illuminate\\Routing\\Router.php(662): Illuminate\\Routing\\Router->runRouteWithinStack(Object(Illuminate\\Routing\\Route), Object(Illuminate\\Http\\Request))
#37 D:\\xampp7\\htdocs\\zakwanbd\\affiliate\\vendor\\laravel\\framework\\src\\Illuminate\\Routing\\Router.php(628): Illuminate\\Routing\\Router->runRoute(Object(Illuminate\\Http\\Request), Object(Illuminate\\Routing\\Route))
#38 D:\\xampp7\\htdocs\\zakwanbd\\affiliate\\vendor\\laravel\\framework\\src\\Illuminate\\Routing\\Router.php(617): Illuminate\\Routing\\Router->dispatchToRoute(Object(Illuminate\\Http\\Request))
#39 D:\\xampp7\\htdocs\\zakwanbd\\affiliate\\vendor\\laravel\\framework\\src\\Illuminate\\Foundation\\Http\\Kernel.php(165): Illuminate\\Routing\\Router->dispatch(Object(Illuminate\\Http\\Request))
#40 D:\\xampp7\\htdocs\\zakwanbd\\affiliate\\vendor\\laravel\\framework\\src\\Illuminate\\Pipeline\\Pipeline.php(128): Illuminate\\Foundation\\Http\\Kernel->Illuminate\\Foundation\\Http\\{closure}(Object(Illuminate\\Http\\Request))
#41 D:\\xampp7\\htdocs\\zakwanbd\\affiliate\\vendor\\laravel\\framework\\src\\Illuminate\\Foundation\\Http\\Middleware\\TransformsRequest.php(21): Illuminate\\Pipeline\\Pipeline->Illuminate\\Pipeline\\{closure}(Object(Illuminate\\Http\\Request))
#42 D:\\xampp7\\htdocs\\zakwanbd\\affiliate\\vendor\\laravel\\framework\\src\\Illuminate\\Pipeline\\Pipeline.php(167): Illuminate\\Foundation\\Http\\Middleware\\TransformsRequest->handle(Object(Illuminate\\Http\\Request), Object(Closure))
#43 D:\\xampp7\\htdocs\\zakwanbd\\affiliate\\vendor\\laravel\\framework\\src\\Illuminate\\Foundation\\Http\\Middleware\\TransformsRequest.php(21): Illuminate\\Pipeline\\Pipeline->Illuminate\\Pipeline\\{closure}(Object(Illuminate\\Http\\Request))
#44 D:\\xampp7\\htdocs\\zakwanbd\\affiliate\\vendor\\laravel\\framework\\src\\Illuminate\\Pipeline\\Pipeline.php(167): Illuminate\\Foundation\\Http\\Middleware\\TransformsRequest->handle(Object(Illuminate\\Http\\Request), Object(Closure))
#45 D:\\xampp7\\htdocs\\zakwanbd\\affiliate\\vendor\\laravel\\framework\\src\\Illuminate\\Foundation\\Http\\Middleware\\ValidatePostSize.php(27): Illuminate\\Pipeline\\Pipeline->Illuminate\\Pipeline\\{closure}(Object(Illuminate\\Http\\Request))
#46 D:\\xampp7\\htdocs\\zakwanbd\\affiliate\\vendor\\laravel\\framework\\src\\Illuminate\\Pipeline\\Pipeline.php(167): Illuminate\\Foundation\\Http\\Middleware\\ValidatePostSize->handle(Object(Illuminate\\Http\\Request), Object(Closure))
#47 D:\\xampp7\\htdocs\\zakwanbd\\affiliate\\vendor\\laravel\\framework\\src\\Illuminate\\Foundation\\Http\\Middleware\\CheckForMaintenanceMode.php(63): Illuminate\\Pipeline\\Pipeline->Illuminate\\Pipeline\\{closure}(Object(Illuminate\\Http\\Request))
#48 D:\\xampp7\\htdocs\\zakwanbd\\affiliate\\vendor\\laravel\\framework\\src\\Illuminate\\Pipeline\\Pipeline.php(167): Illuminate\\Foundation\\Http\\Middleware\\CheckForMaintenanceMode->handle(Object(Illuminate\\Http\\Request), Object(Closure))
#49 D:\\xampp7\\htdocs\\zakwanbd\\affiliate\\vendor\\fruitcake\\laravel-cors\\src\\HandleCors.php(37): Illuminate\\Pipeline\\Pipeline->Illuminate\\Pipeline\\{closure}(Object(Illuminate\\Http\\Request))
#50 D:\\xampp7\\htdocs\\zakwanbd\\affiliate\\vendor\\laravel\\framework\\src\\Illuminate\\Pipeline\\Pipeline.php(167): Fruitcake\\Cors\\HandleCors->handle(Object(Illuminate\\Http\\Request), Object(Closure))
#51 D:\\xampp7\\htdocs\\zakwanbd\\affiliate\\vendor\\fideloper\\proxy\\src\\TrustProxies.php(57): Illuminate\\Pipeline\\Pipeline->Illuminate\\Pipeline\\{closure}(Object(Illuminate\\Http\\Request))
#52 D:\\xampp7\\htdocs\\zakwanbd\\affiliate\\vendor\\laravel\\framework\\src\\Illuminate\\Pipeline\\Pipeline.php(167): Fideloper\\Proxy\\TrustProxies->handle(Object(Illuminate\\Http\\Request), Object(Closure))
#53 D:\\xampp7\\htdocs\\zakwanbd\\affiliate\\vendor\\laravel\\framework\\src\\Illuminate\\Pipeline\\Pipeline.php(103): Illuminate\\Pipeline\\Pipeline->Illuminate\\Pipeline\\{closure}(Object(Illuminate\\Http\\Request))
#54 D:\\xampp7\\htdocs\\zakwanbd\\affiliate\\vendor\\laravel\\framework\\src\\Illuminate\\Foundation\\Http\\Kernel.php(140): Illuminate\\Pipeline\\Pipeline->then(Object(Closure))
#55 D:\\xampp7\\htdocs\\zakwanbd\\affiliate\\vendor\\laravel\\framework\\src\\Illuminate\\Foundation\\Http\\Kernel.php(109): Illuminate\\Foundation\\Http\\Kernel->sendRequestThroughRouter(Object(Illuminate\\Http\\Request))
#56 D:\\xampp7\\htdocs\\zakwanbd\\affiliate\\index.php(55): Illuminate\\Foundation\\Http\\Kernel->handle(Object(Illuminate\\Http\\Request))
#57 {main}
"} 
[2025-04-18 09:53:22] local.ERROR: compact(): Undefined variable: incomes {"exception":"[object] (ErrorException(code: 0): compact(): Undefined variable: incomes at D:\\xampp7\\htdocs\\zakwanbd\\affiliate\\app\\Http\\Controllers\\admin\\AdminAffiliteController.php:1962)
[stacktrace]
#0 [internal function]: Illuminate\\Foundation\\Bootstrap\\HandleExceptions->handleError(8, 'compact(): Unde...', 'D:\\\\xampp7\\\\htdoc...', 1962, Array)
#1 D:\\xampp7\\htdocs\\zakwanbd\\affiliate\\app\\Http\\Controllers\\admin\\AdminAffiliteController.php(1962): compact('incomes')
#2 D:\\xampp7\\htdocs\\zakwanbd\\affiliate\\vendor\\laravel\\framework\\src\\Illuminate\\Routing\\Controller.php(54): App\\Http\\Controllers\\admin\\AdminAffiliteController->labelHistory()
#3 D:\\xampp7\\htdocs\\zakwanbd\\affiliate\\vendor\\laravel\\framework\\src\\Illuminate\\Routing\\ControllerDispatcher.php(45): Illuminate\\Routing\\Controller->callAction('labelHistory', Array)
#4 D:\\xampp7\\htdocs\\zakwanbd\\affiliate\\vendor\\laravel\\framework\\src\\Illuminate\\Routing\\Route.php(239): Illuminate\\Routing\\ControllerDispatcher->dispatch(Object(Illuminate\\Routing\\Route), Object(App\\Http\\Controllers\\admin\\AdminAffiliteController), 'labelHistory')
#5 D:\\xampp7\\htdocs\\zakwanbd\\affiliate\\vendor\\laravel\\framework\\src\\Illuminate\\Routing\\Route.php(196): Illuminate\\Routing\\Route->runController()
#6 D:\\xampp7\\htdocs\\zakwanbd\\affiliate\\vendor\\laravel\\framework\\src\\Illuminate\\Routing\\Router.php(685): Illuminate\\Routing\\Route->run()
#7 D:\\xampp7\\htdocs\\zakwanbd\\affiliate\\vendor\\laravel\\framework\\src\\Illuminate\\Pipeline\\Pipeline.php(128): Illuminate\\Routing\\Router->Illuminate\\Routing\\{closure}(Object(Illuminate\\Http\\Request))
#8 D:\\xampp7\\htdocs\\zakwanbd\\affiliate\\app\\Http\\Middleware\\AdminMiddleware.php(25): Illuminate\\Pipeline\\Pipeline->Illuminate\\Pipeline\\{closure}(Object(Illuminate\\Http\\Request))
#9 D:\\xampp7\\htdocs\\zakwanbd\\affiliate\\vendor\\laravel\\framework\\src\\Illuminate\\Pipeline\\Pipeline.php(167): App\\Http\\Middleware\\AdminMiddleware->handle(Object(Illuminate\\Http\\Request), Object(Closure))
#10 D:\\xampp7\\htdocs\\zakwanbd\\affiliate\\vendor\\laravel\\framework\\src\\Illuminate\\Routing\\Middleware\\SubstituteBindings.php(41): Illuminate\\Pipeline\\Pipeline->Illuminate\\Pipeline\\{closure}(Object(Illuminate\\Http\\Request))
#11 D:\\xampp7\\htdocs\\zakwanbd\\affiliate\\vendor\\laravel\\framework\\src\\Illuminate\\Pipeline\\Pipeline.php(167): Illuminate\\Routing\\Middleware\\SubstituteBindings->handle(Object(Illuminate\\Http\\Request), Object(Closure))
#12 D:\\xampp7\\htdocs\\zakwanbd\\affiliate\\vendor\\laravel\\framework\\src\\Illuminate\\Foundation\\Http\\Middleware\\VerifyCsrfToken.php(78): Illuminate\\Pipeline\\Pipeline->Illuminate\\Pipeline\\{closure}(Object(Illuminate\\Http\\Request))
#13 D:\\xampp7\\htdocs\\zakwanbd\\affiliate\\vendor\\laravel\\framework\\src\\Illuminate\\Pipeline\\Pipeline.php(167): Illuminate\\Foundation\\Http\\Middleware\\VerifyCsrfToken->handle(Object(Illuminate\\Http\\Request), Object(Closure))
#14 D:\\xampp7\\htdocs\\zakwanbd\\affiliate\\vendor\\laravel\\framework\\src\\Illuminate\\View\\Middleware\\ShareErrorsFromSession.php(49): Illuminate\\Pipeline\\Pipeline->Illuminate\\Pipeline\\{closure}(Object(Illuminate\\Http\\Request))
#15 D:\\xampp7\\htdocs\\zakwanbd\\affiliate\\vendor\\laravel\\framework\\src\\Illuminate\\Pipeline\\Pipeline.php(167): Illuminate\\View\\Middleware\\ShareErrorsFromSession->handle(Object(Illuminate\\Http\\Request), Object(Closure))
#16 D:\\xampp7\\htdocs\\zakwanbd\\affiliate\\vendor\\laravel\\framework\\src\\Illuminate\\Session\\Middleware\\StartSession.php(116): Illuminate\\Pipeline\\Pipeline->Illuminate\\Pipeline\\{closure}(Object(Illuminate\\Http\\Request))
#17 D:\\xampp7\\htdocs\\zakwanbd\\affiliate\\vendor\\laravel\\framework\\src\\Illuminate\\Session\\Middleware\\StartSession.php(62): Illuminate\\Session\\Middleware\\StartSession->handleStatefulRequest(Object(Illuminate\\Http\\Request), Object(Illuminate\\Session\\Store), Object(Closure))
#18 D:\\xampp7\\htdocs\\zakwanbd\\affiliate\\vendor\\laravel\\framework\\src\\Illuminate\\Pipeline\\Pipeline.php(167): Illuminate\\Session\\Middleware\\StartSession->handle(Object(Illuminate\\Http\\Request), Object(Closure))
#19 D:\\xampp7\\htdocs\\zakwanbd\\affiliate\\vendor\\laravel\\framework\\src\\Illuminate\\Cookie\\Middleware\\AddQueuedCookiesToResponse.php(37): Illuminate\\Pipeline\\Pipeline->Illuminate\\Pipeline\\{closure}(Object(Illuminate\\Http\\Request))
#20 D:\\xampp7\\htdocs\\zakwanbd\\affiliate\\vendor\\laravel\\framework\\src\\Illuminate\\Pipeline\\Pipeline.php(167): Illuminate\\Cookie\\Middleware\\AddQueuedCookiesToResponse->handle(Object(Illuminate\\Http\\Request), Object(Closure))
#21 D:\\xampp7\\htdocs\\zakwanbd\\affiliate\\vendor\\laravel\\framework\\src\\Illuminate\\Cookie\\Middleware\\EncryptCookies.php(67): Illuminate\\Pipeline\\Pipeline->Illuminate\\Pipeline\\{closure}(Object(Illuminate\\Http\\Request))
#22 D:\\xampp7\\htdocs\\zakwanbd\\affiliate\\vendor\\laravel\\framework\\src\\Illuminate\\Pipeline\\Pipeline.php(167): Illuminate\\Cookie\\Middleware\\EncryptCookies->handle(Object(Illuminate\\Http\\Request), Object(Closure))
#23 D:\\xampp7\\htdocs\\zakwanbd\\affiliate\\vendor\\laravel\\framework\\src\\Illuminate\\Pipeline\\Pipeline.php(103): Illuminate\\Pipeline\\Pipeline->Illuminate\\Pipeline\\{closure}(Object(Illuminate\\Http\\Request))
#24 D:\\xampp7\\htdocs\\zakwanbd\\affiliate\\vendor\\laravel\\framework\\src\\Illuminate\\Routing\\Router.php(687): Illuminate\\Pipeline\\Pipeline->then(Object(Closure))
#25 D:\\xampp7\\htdocs\\zakwanbd\\affiliate\\vendor\\laravel\\framework\\src\\Illuminate\\Routing\\Router.php(662): Illuminate\\Routing\\Router->runRouteWithinStack(Object(Illuminate\\Routing\\Route), Object(Illuminate\\Http\\Request))
#26 D:\\xampp7\\htdocs\\zakwanbd\\affiliate\\vendor\\laravel\\framework\\src\\Illuminate\\Routing\\Router.php(628): Illuminate\\Routing\\Router->runRoute(Object(Illuminate\\Http\\Request), Object(Illuminate\\Routing\\Route))
#27 D:\\xampp7\\htdocs\\zakwanbd\\affiliate\\vendor\\laravel\\framework\\src\\Illuminate\\Routing\\Router.php(617): Illuminate\\Routing\\Router->dispatchToRoute(Object(Illuminate\\Http\\Request))
#28 D:\\xampp7\\htdocs\\zakwanbd\\affiliate\\vendor\\laravel\\framework\\src\\Illuminate\\Foundation\\Http\\Kernel.php(165): Illuminate\\Routing\\Router->dispatch(Object(Illuminate\\Http\\Request))
#29 D:\\xampp7\\htdocs\\zakwanbd\\affiliate\\vendor\\laravel\\framework\\src\\Illuminate\\Pipeline\\Pipeline.php(128): Illuminate\\Foundation\\Http\\Kernel->Illuminate\\Foundation\\Http\\{closure}(Object(Illuminate\\Http\\Request))
#30 D:\\xampp7\\htdocs\\zakwanbd\\affiliate\\vendor\\laravel\\framework\\src\\Illuminate\\Foundation\\Http\\Middleware\\TransformsRequest.php(21): Illuminate\\Pipeline\\Pipeline->Illuminate\\Pipeline\\{closure}(Object(Illuminate\\Http\\Request))
#31 D:\\xampp7\\htdocs\\zakwanbd\\affiliate\\vendor\\laravel\\framework\\src\\Illuminate\\Pipeline\\Pipeline.php(167): Illuminate\\Foundation\\Http\\Middleware\\TransformsRequest->handle(Object(Illuminate\\Http\\Request), Object(Closure))
#32 D:\\xampp7\\htdocs\\zakwanbd\\affiliate\\vendor\\laravel\\framework\\src\\Illuminate\\Foundation\\Http\\Middleware\\TransformsRequest.php(21): Illuminate\\Pipeline\\Pipeline->Illuminate\\Pipeline\\{closure}(Object(Illuminate\\Http\\Request))
#33 D:\\xampp7\\htdocs\\zakwanbd\\affiliate\\vendor\\laravel\\framework\\src\\Illuminate\\Pipeline\\Pipeline.php(167): Illuminate\\Foundation\\Http\\Middleware\\TransformsRequest->handle(Object(Illuminate\\Http\\Request), Object(Closure))
#34 D:\\xampp7\\htdocs\\zakwanbd\\affiliate\\vendor\\laravel\\framework\\src\\Illuminate\\Foundation\\Http\\Middleware\\ValidatePostSize.php(27): Illuminate\\Pipeline\\Pipeline->Illuminate\\Pipeline\\{closure}(Object(Illuminate\\Http\\Request))
#35 D:\\xampp7\\htdocs\\zakwanbd\\affiliate\\vendor\\laravel\\framework\\src\\Illuminate\\Pipeline\\Pipeline.php(167): Illuminate\\Foundation\\Http\\Middleware\\ValidatePostSize->handle(Object(Illuminate\\Http\\Request), Object(Closure))
#36 D:\\xampp7\\htdocs\\zakwanbd\\affiliate\\vendor\\laravel\\framework\\src\\Illuminate\\Foundation\\Http\\Middleware\\CheckForMaintenanceMode.php(63): Illuminate\\Pipeline\\Pipeline->Illuminate\\Pipeline\\{closure}(Object(Illuminate\\Http\\Request))
#37 D:\\xampp7\\htdocs\\zakwanbd\\affiliate\\vendor\\laravel\\framework\\src\\Illuminate\\Pipeline\\Pipeline.php(167): Illuminate\\Foundation\\Http\\Middleware\\CheckForMaintenanceMode->handle(Object(Illuminate\\Http\\Request), Object(Closure))
#38 D:\\xampp7\\htdocs\\zakwanbd\\affiliate\\vendor\\fruitcake\\laravel-cors\\src\\HandleCors.php(37): Illuminate\\Pipeline\\Pipeline->Illuminate\\Pipeline\\{closure}(Object(Illuminate\\Http\\Request))
#39 D:\\xampp7\\htdocs\\zakwanbd\\affiliate\\vendor\\laravel\\framework\\src\\Illuminate\\Pipeline\\Pipeline.php(167): Fruitcake\\Cors\\HandleCors->handle(Object(Illuminate\\Http\\Request), Object(Closure))
#40 D:\\xampp7\\htdocs\\zakwanbd\\affiliate\\vendor\\fideloper\\proxy\\src\\TrustProxies.php(57): Illuminate\\Pipeline\\Pipeline->Illuminate\\Pipeline\\{closure}(Object(Illuminate\\Http\\Request))
#41 D:\\xampp7\\htdocs\\zakwanbd\\affiliate\\vendor\\laravel\\framework\\src\\Illuminate\\Pipeline\\Pipeline.php(167): Fideloper\\Proxy\\TrustProxies->handle(Object(Illuminate\\Http\\Request), Object(Closure))
#42 D:\\xampp7\\htdocs\\zakwanbd\\affiliate\\vendor\\laravel\\framework\\src\\Illuminate\\Pipeline\\Pipeline.php(103): Illuminate\\Pipeline\\Pipeline->Illuminate\\Pipeline\\{closure}(Object(Illuminate\\Http\\Request))
#43 D:\\xampp7\\htdocs\\zakwanbd\\affiliate\\vendor\\laravel\\framework\\src\\Illuminate\\Foundation\\Http\\Kernel.php(140): Illuminate\\Pipeline\\Pipeline->then(Object(Closure))
#44 D:\\xampp7\\htdocs\\zakwanbd\\affiliate\\vendor\\laravel\\framework\\src\\Illuminate\\Foundation\\Http\\Kernel.php(109): Illuminate\\Foundation\\Http\\Kernel->sendRequestThroughRouter(Object(Illuminate\\Http\\Request))
#45 D:\\xampp7\\htdocs\\zakwanbd\\affiliate\\index.php(55): Illuminate\\Foundation\\Http\\Kernel->handle(Object(Illuminate\\Http\\Request))
#46 {main}
"} 
[2025-04-18 09:53:24] local.ERROR: compact(): Undefined variable: incomes {"exception":"[object] (ErrorException(code: 0): compact(): Undefined variable: incomes at D:\\xampp7\\htdocs\\zakwanbd\\affiliate\\app\\Http\\Controllers\\admin\\AdminAffiliteController.php:1962)
[stacktrace]
#0 [internal function]: Illuminate\\Foundation\\Bootstrap\\HandleExceptions->handleError(8, 'compact(): Unde...', 'D:\\\\xampp7\\\\htdoc...', 1962, Array)
#1 D:\\xampp7\\htdocs\\zakwanbd\\affiliate\\app\\Http\\Controllers\\admin\\AdminAffiliteController.php(1962): compact('incomes')
#2 D:\\xampp7\\htdocs\\zakwanbd\\affiliate\\vendor\\laravel\\framework\\src\\Illuminate\\Routing\\Controller.php(54): App\\Http\\Controllers\\admin\\AdminAffiliteController->labelHistory()
#3 D:\\xampp7\\htdocs\\zakwanbd\\affiliate\\vendor\\laravel\\framework\\src\\Illuminate\\Routing\\ControllerDispatcher.php(45): Illuminate\\Routing\\Controller->callAction('labelHistory', Array)
#4 D:\\xampp7\\htdocs\\zakwanbd\\affiliate\\vendor\\laravel\\framework\\src\\Illuminate\\Routing\\Route.php(239): Illuminate\\Routing\\ControllerDispatcher->dispatch(Object(Illuminate\\Routing\\Route), Object(App\\Http\\Controllers\\admin\\AdminAffiliteController), 'labelHistory')
#5 D:\\xampp7\\htdocs\\zakwanbd\\affiliate\\vendor\\laravel\\framework\\src\\Illuminate\\Routing\\Route.php(196): Illuminate\\Routing\\Route->runController()
#6 D:\\xampp7\\htdocs\\zakwanbd\\affiliate\\vendor\\laravel\\framework\\src\\Illuminate\\Routing\\Router.php(685): Illuminate\\Routing\\Route->run()
#7 D:\\xampp7\\htdocs\\zakwanbd\\affiliate\\vendor\\laravel\\framework\\src\\Illuminate\\Pipeline\\Pipeline.php(128): Illuminate\\Routing\\Router->Illuminate\\Routing\\{closure}(Object(Illuminate\\Http\\Request))
#8 D:\\xampp7\\htdocs\\zakwanbd\\affiliate\\app\\Http\\Middleware\\AdminMiddleware.php(25): Illuminate\\Pipeline\\Pipeline->Illuminate\\Pipeline\\{closure}(Object(Illuminate\\Http\\Request))
#9 D:\\xampp7\\htdocs\\zakwanbd\\affiliate\\vendor\\laravel\\framework\\src\\Illuminate\\Pipeline\\Pipeline.php(167): App\\Http\\Middleware\\AdminMiddleware->handle(Object(Illuminate\\Http\\Request), Object(Closure))
#10 D:\\xampp7\\htdocs\\zakwanbd\\affiliate\\vendor\\laravel\\framework\\src\\Illuminate\\Routing\\Middleware\\SubstituteBindings.php(41): Illuminate\\Pipeline\\Pipeline->Illuminate\\Pipeline\\{closure}(Object(Illuminate\\Http\\Request))
#11 D:\\xampp7\\htdocs\\zakwanbd\\affiliate\\vendor\\laravel\\framework\\src\\Illuminate\\Pipeline\\Pipeline.php(167): Illuminate\\Routing\\Middleware\\SubstituteBindings->handle(Object(Illuminate\\Http\\Request), Object(Closure))
#12 D:\\xampp7\\htdocs\\zakwanbd\\affiliate\\vendor\\laravel\\framework\\src\\Illuminate\\Foundation\\Http\\Middleware\\VerifyCsrfToken.php(78): Illuminate\\Pipeline\\Pipeline->Illuminate\\Pipeline\\{closure}(Object(Illuminate\\Http\\Request))
#13 D:\\xampp7\\htdocs\\zakwanbd\\affiliate\\vendor\\laravel\\framework\\src\\Illuminate\\Pipeline\\Pipeline.php(167): Illuminate\\Foundation\\Http\\Middleware\\VerifyCsrfToken->handle(Object(Illuminate\\Http\\Request), Object(Closure))
#14 D:\\xampp7\\htdocs\\zakwanbd\\affiliate\\vendor\\laravel\\framework\\src\\Illuminate\\View\\Middleware\\ShareErrorsFromSession.php(49): Illuminate\\Pipeline\\Pipeline->Illuminate\\Pipeline\\{closure}(Object(Illuminate\\Http\\Request))
#15 D:\\xampp7\\htdocs\\zakwanbd\\affiliate\\vendor\\laravel\\framework\\src\\Illuminate\\Pipeline\\Pipeline.php(167): Illuminate\\View\\Middleware\\ShareErrorsFromSession->handle(Object(Illuminate\\Http\\Request), Object(Closure))
#16 D:\\xampp7\\htdocs\\zakwanbd\\affiliate\\vendor\\laravel\\framework\\src\\Illuminate\\Session\\Middleware\\StartSession.php(116): Illuminate\\Pipeline\\Pipeline->Illuminate\\Pipeline\\{closure}(Object(Illuminate\\Http\\Request))
#17 D:\\xampp7\\htdocs\\zakwanbd\\affiliate\\vendor\\laravel\\framework\\src\\Illuminate\\Session\\Middleware\\StartSession.php(62): Illuminate\\Session\\Middleware\\StartSession->handleStatefulRequest(Object(Illuminate\\Http\\Request), Object(Illuminate\\Session\\Store), Object(Closure))
#18 D:\\xampp7\\htdocs\\zakwanbd\\affiliate\\vendor\\laravel\\framework\\src\\Illuminate\\Pipeline\\Pipeline.php(167): Illuminate\\Session\\Middleware\\StartSession->handle(Object(Illuminate\\Http\\Request), Object(Closure))
#19 D:\\xampp7\\htdocs\\zakwanbd\\affiliate\\vendor\\laravel\\framework\\src\\Illuminate\\Cookie\\Middleware\\AddQueuedCookiesToResponse.php(37): Illuminate\\Pipeline\\Pipeline->Illuminate\\Pipeline\\{closure}(Object(Illuminate\\Http\\Request))
#20 D:\\xampp7\\htdocs\\zakwanbd\\affiliate\\vendor\\laravel\\framework\\src\\Illuminate\\Pipeline\\Pipeline.php(167): Illuminate\\Cookie\\Middleware\\AddQueuedCookiesToResponse->handle(Object(Illuminate\\Http\\Request), Object(Closure))
#21 D:\\xampp7\\htdocs\\zakwanbd\\affiliate\\vendor\\laravel\\framework\\src\\Illuminate\\Cookie\\Middleware\\EncryptCookies.php(67): Illuminate\\Pipeline\\Pipeline->Illuminate\\Pipeline\\{closure}(Object(Illuminate\\Http\\Request))
#22 D:\\xampp7\\htdocs\\zakwanbd\\affiliate\\vendor\\laravel\\framework\\src\\Illuminate\\Pipeline\\Pipeline.php(167): Illuminate\\Cookie\\Middleware\\EncryptCookies->handle(Object(Illuminate\\Http\\Request), Object(Closure))
#23 D:\\xampp7\\htdocs\\zakwanbd\\affiliate\\vendor\\laravel\\framework\\src\\Illuminate\\Pipeline\\Pipeline.php(103): Illuminate\\Pipeline\\Pipeline->Illuminate\\Pipeline\\{closure}(Object(Illuminate\\Http\\Request))
#24 D:\\xampp7\\htdocs\\zakwanbd\\affiliate\\vendor\\laravel\\framework\\src\\Illuminate\\Routing\\Router.php(687): Illuminate\\Pipeline\\Pipeline->then(Object(Closure))
#25 D:\\xampp7\\htdocs\\zakwanbd\\affiliate\\vendor\\laravel\\framework\\src\\Illuminate\\Routing\\Router.php(662): Illuminate\\Routing\\Router->runRouteWithinStack(Object(Illuminate\\Routing\\Route), Object(Illuminate\\Http\\Request))
#26 D:\\xampp7\\htdocs\\zakwanbd\\affiliate\\vendor\\laravel\\framework\\src\\Illuminate\\Routing\\Router.php(628): Illuminate\\Routing\\Router->runRoute(Object(Illuminate\\Http\\Request), Object(Illuminate\\Routing\\Route))
#27 D:\\xampp7\\htdocs\\zakwanbd\\affiliate\\vendor\\laravel\\framework\\src\\Illuminate\\Routing\\Router.php(617): Illuminate\\Routing\\Router->dispatchToRoute(Object(Illuminate\\Http\\Request))
#28 D:\\xampp7\\htdocs\\zakwanbd\\affiliate\\vendor\\laravel\\framework\\src\\Illuminate\\Foundation\\Http\\Kernel.php(165): Illuminate\\Routing\\Router->dispatch(Object(Illuminate\\Http\\Request))
#29 D:\\xampp7\\htdocs\\zakwanbd\\affiliate\\vendor\\laravel\\framework\\src\\Illuminate\\Pipeline\\Pipeline.php(128): Illuminate\\Foundation\\Http\\Kernel->Illuminate\\Foundation\\Http\\{closure}(Object(Illuminate\\Http\\Request))
#30 D:\\xampp7\\htdocs\\zakwanbd\\affiliate\\vendor\\laravel\\framework\\src\\Illuminate\\Foundation\\Http\\Middleware\\TransformsRequest.php(21): Illuminate\\Pipeline\\Pipeline->Illuminate\\Pipeline\\{closure}(Object(Illuminate\\Http\\Request))
#31 D:\\xampp7\\htdocs\\zakwanbd\\affiliate\\vendor\\laravel\\framework\\src\\Illuminate\\Pipeline\\Pipeline.php(167): Illuminate\\Foundation\\Http\\Middleware\\TransformsRequest->handle(Object(Illuminate\\Http\\Request), Object(Closure))
#32 D:\\xampp7\\htdocs\\zakwanbd\\affiliate\\vendor\\laravel\\framework\\src\\Illuminate\\Foundation\\Http\\Middleware\\TransformsRequest.php(21): Illuminate\\Pipeline\\Pipeline->Illuminate\\Pipeline\\{closure}(Object(Illuminate\\Http\\Request))
#33 D:\\xampp7\\htdocs\\zakwanbd\\affiliate\\vendor\\laravel\\framework\\src\\Illuminate\\Pipeline\\Pipeline.php(167): Illuminate\\Foundation\\Http\\Middleware\\TransformsRequest->handle(Object(Illuminate\\Http\\Request), Object(Closure))
#34 D:\\xampp7\\htdocs\\zakwanbd\\affiliate\\vendor\\laravel\\framework\\src\\Illuminate\\Foundation\\Http\\Middleware\\ValidatePostSize.php(27): Illuminate\\Pipeline\\Pipeline->Illuminate\\Pipeline\\{closure}(Object(Illuminate\\Http\\Request))
#35 D:\\xampp7\\htdocs\\zakwanbd\\affiliate\\vendor\\laravel\\framework\\src\\Illuminate\\Pipeline\\Pipeline.php(167): Illuminate\\Foundation\\Http\\Middleware\\ValidatePostSize->handle(Object(Illuminate\\Http\\Request), Object(Closure))
#36 D:\\xampp7\\htdocs\\zakwanbd\\affiliate\\vendor\\laravel\\framework\\src\\Illuminate\\Foundation\\Http\\Middleware\\CheckForMaintenanceMode.php(63): Illuminate\\Pipeline\\Pipeline->Illuminate\\Pipeline\\{closure}(Object(Illuminate\\Http\\Request))
#37 D:\\xampp7\\htdocs\\zakwanbd\\affiliate\\vendor\\laravel\\framework\\src\\Illuminate\\Pipeline\\Pipeline.php(167): Illuminate\\Foundation\\Http\\Middleware\\CheckForMaintenanceMode->handle(Object(Illuminate\\Http\\Request), Object(Closure))
#38 D:\\xampp7\\htdocs\\zakwanbd\\affiliate\\vendor\\fruitcake\\laravel-cors\\src\\HandleCors.php(37): Illuminate\\Pipeline\\Pipeline->Illuminate\\Pipeline\\{closure}(Object(Illuminate\\Http\\Request))
#39 D:\\xampp7\\htdocs\\zakwanbd\\affiliate\\vendor\\laravel\\framework\\src\\Illuminate\\Pipeline\\Pipeline.php(167): Fruitcake\\Cors\\HandleCors->handle(Object(Illuminate\\Http\\Request), Object(Closure))
#40 D:\\xampp7\\htdocs\\zakwanbd\\affiliate\\vendor\\fideloper\\proxy\\src\\TrustProxies.php(57): Illuminate\\Pipeline\\Pipeline->Illuminate\\Pipeline\\{closure}(Object(Illuminate\\Http\\Request))
#41 D:\\xampp7\\htdocs\\zakwanbd\\affiliate\\vendor\\laravel\\framework\\src\\Illuminate\\Pipeline\\Pipeline.php(167): Fideloper\\Proxy\\TrustProxies->handle(Object(Illuminate\\Http\\Request), Object(Closure))
#42 D:\\xampp7\\htdocs\\zakwanbd\\affiliate\\vendor\\laravel\\framework\\src\\Illuminate\\Pipeline\\Pipeline.php(103): Illuminate\\Pipeline\\Pipeline->Illuminate\\Pipeline\\{closure}(Object(Illuminate\\Http\\Request))
#43 D:\\xampp7\\htdocs\\zakwanbd\\affiliate\\vendor\\laravel\\framework\\src\\Illuminate\\Foundation\\Http\\Kernel.php(140): Illuminate\\Pipeline\\Pipeline->then(Object(Closure))
#44 D:\\xampp7\\htdocs\\zakwanbd\\affiliate\\vendor\\laravel\\framework\\src\\Illuminate\\Foundation\\Http\\Kernel.php(109): Illuminate\\Foundation\\Http\\Kernel->sendRequestThroughRouter(Object(Illuminate\\Http\\Request))
#45 D:\\xampp7\\htdocs\\zakwanbd\\affiliate\\index.php(55): Illuminate\\Foundation\\Http\\Kernel->handle(Object(Illuminate\\Http\\Request))
#46 {main}
"} 
[2025-04-18 09:53:44] local.ERROR: compact(): Undefined variable: incomes {"exception":"[object] (ErrorException(code: 0): compact(): Undefined variable: incomes at D:\\xampp7\\htdocs\\zakwanbd\\affiliate\\app\\Http\\Controllers\\admin\\AdminAffiliteController.php:1962)
[stacktrace]
#0 [internal function]: Illuminate\\Foundation\\Bootstrap\\HandleExceptions->handleError(8, 'compact(): Unde...', 'D:\\\\xampp7\\\\htdoc...', 1962, Array)
#1 D:\\xampp7\\htdocs\\zakwanbd\\affiliate\\app\\Http\\Controllers\\admin\\AdminAffiliteController.php(1962): compact('incomes')
#2 D:\\xampp7\\htdocs\\zakwanbd\\affiliate\\vendor\\laravel\\framework\\src\\Illuminate\\Routing\\Controller.php(54): App\\Http\\Controllers\\admin\\AdminAffiliteController->labelHistory()
#3 D:\\xampp7\\htdocs\\zakwanbd\\affiliate\\vendor\\laravel\\framework\\src\\Illuminate\\Routing\\ControllerDispatcher.php(45): Illuminate\\Routing\\Controller->callAction('labelHistory', Array)
#4 D:\\xampp7\\htdocs\\zakwanbd\\affiliate\\vendor\\laravel\\framework\\src\\Illuminate\\Routing\\Route.php(239): Illuminate\\Routing\\ControllerDispatcher->dispatch(Object(Illuminate\\Routing\\Route), Object(App\\Http\\Controllers\\admin\\AdminAffiliteController), 'labelHistory')
#5 D:\\xampp7\\htdocs\\zakwanbd\\affiliate\\vendor\\laravel\\framework\\src\\Illuminate\\Routing\\Route.php(196): Illuminate\\Routing\\Route->runController()
#6 D:\\xampp7\\htdocs\\zakwanbd\\affiliate\\vendor\\laravel\\framework\\src\\Illuminate\\Routing\\Router.php(685): Illuminate\\Routing\\Route->run()
#7 D:\\xampp7\\htdocs\\zakwanbd\\affiliate\\vendor\\laravel\\framework\\src\\Illuminate\\Pipeline\\Pipeline.php(128): Illuminate\\Routing\\Router->Illuminate\\Routing\\{closure}(Object(Illuminate\\Http\\Request))
#8 D:\\xampp7\\htdocs\\zakwanbd\\affiliate\\app\\Http\\Middleware\\AdminMiddleware.php(25): Illuminate\\Pipeline\\Pipeline->Illuminate\\Pipeline\\{closure}(Object(Illuminate\\Http\\Request))
#9 D:\\xampp7\\htdocs\\zakwanbd\\affiliate\\vendor\\laravel\\framework\\src\\Illuminate\\Pipeline\\Pipeline.php(167): App\\Http\\Middleware\\AdminMiddleware->handle(Object(Illuminate\\Http\\Request), Object(Closure))
#10 D:\\xampp7\\htdocs\\zakwanbd\\affiliate\\vendor\\laravel\\framework\\src\\Illuminate\\Routing\\Middleware\\SubstituteBindings.php(41): Illuminate\\Pipeline\\Pipeline->Illuminate\\Pipeline\\{closure}(Object(Illuminate\\Http\\Request))
#11 D:\\xampp7\\htdocs\\zakwanbd\\affiliate\\vendor\\laravel\\framework\\src\\Illuminate\\Pipeline\\Pipeline.php(167): Illuminate\\Routing\\Middleware\\SubstituteBindings->handle(Object(Illuminate\\Http\\Request), Object(Closure))
#12 D:\\xampp7\\htdocs\\zakwanbd\\affiliate\\vendor\\laravel\\framework\\src\\Illuminate\\Foundation\\Http\\Middleware\\VerifyCsrfToken.php(78): Illuminate\\Pipeline\\Pipeline->Illuminate\\Pipeline\\{closure}(Object(Illuminate\\Http\\Request))
#13 D:\\xampp7\\htdocs\\zakwanbd\\affiliate\\vendor\\laravel\\framework\\src\\Illuminate\\Pipeline\\Pipeline.php(167): Illuminate\\Foundation\\Http\\Middleware\\VerifyCsrfToken->handle(Object(Illuminate\\Http\\Request), Object(Closure))
#14 D:\\xampp7\\htdocs\\zakwanbd\\affiliate\\vendor\\laravel\\framework\\src\\Illuminate\\View\\Middleware\\ShareErrorsFromSession.php(49): Illuminate\\Pipeline\\Pipeline->Illuminate\\Pipeline\\{closure}(Object(Illuminate\\Http\\Request))
#15 D:\\xampp7\\htdocs\\zakwanbd\\affiliate\\vendor\\laravel\\framework\\src\\Illuminate\\Pipeline\\Pipeline.php(167): Illuminate\\View\\Middleware\\ShareErrorsFromSession->handle(Object(Illuminate\\Http\\Request), Object(Closure))
#16 D:\\xampp7\\htdocs\\zakwanbd\\affiliate\\vendor\\laravel\\framework\\src\\Illuminate\\Session\\Middleware\\StartSession.php(116): Illuminate\\Pipeline\\Pipeline->Illuminate\\Pipeline\\{closure}(Object(Illuminate\\Http\\Request))
#17 D:\\xampp7\\htdocs\\zakwanbd\\affiliate\\vendor\\laravel\\framework\\src\\Illuminate\\Session\\Middleware\\StartSession.php(62): Illuminate\\Session\\Middleware\\StartSession->handleStatefulRequest(Object(Illuminate\\Http\\Request), Object(Illuminate\\Session\\Store), Object(Closure))
#18 D:\\xampp7\\htdocs\\zakwanbd\\affiliate\\vendor\\laravel\\framework\\src\\Illuminate\\Pipeline\\Pipeline.php(167): Illuminate\\Session\\Middleware\\StartSession->handle(Object(Illuminate\\Http\\Request), Object(Closure))
#19 D:\\xampp7\\htdocs\\zakwanbd\\affiliate\\vendor\\laravel\\framework\\src\\Illuminate\\Cookie\\Middleware\\AddQueuedCookiesToResponse.php(37): Illuminate\\Pipeline\\Pipeline->Illuminate\\Pipeline\\{closure}(Object(Illuminate\\Http\\Request))
#20 D:\\xampp7\\htdocs\\zakwanbd\\affiliate\\vendor\\laravel\\framework\\src\\Illuminate\\Pipeline\\Pipeline.php(167): Illuminate\\Cookie\\Middleware\\AddQueuedCookiesToResponse->handle(Object(Illuminate\\Http\\Request), Object(Closure))
#21 D:\\xampp7\\htdocs\\zakwanbd\\affiliate\\vendor\\laravel\\framework\\src\\Illuminate\\Cookie\\Middleware\\EncryptCookies.php(67): Illuminate\\Pipeline\\Pipeline->Illuminate\\Pipeline\\{closure}(Object(Illuminate\\Http\\Request))
#22 D:\\xampp7\\htdocs\\zakwanbd\\affiliate\\vendor\\laravel\\framework\\src\\Illuminate\\Pipeline\\Pipeline.php(167): Illuminate\\Cookie\\Middleware\\EncryptCookies->handle(Object(Illuminate\\Http\\Request), Object(Closure))
#23 D:\\xampp7\\htdocs\\zakwanbd\\affiliate\\vendor\\laravel\\framework\\src\\Illuminate\\Pipeline\\Pipeline.php(103): Illuminate\\Pipeline\\Pipeline->Illuminate\\Pipeline\\{closure}(Object(Illuminate\\Http\\Request))
#24 D:\\xampp7\\htdocs\\zakwanbd\\affiliate\\vendor\\laravel\\framework\\src\\Illuminate\\Routing\\Router.php(687): Illuminate\\Pipeline\\Pipeline->then(Object(Closure))
#25 D:\\xampp7\\htdocs\\zakwanbd\\affiliate\\vendor\\laravel\\framework\\src\\Illuminate\\Routing\\Router.php(662): Illuminate\\Routing\\Router->runRouteWithinStack(Object(Illuminate\\Routing\\Route), Object(Illuminate\\Http\\Request))
#26 D:\\xampp7\\htdocs\\zakwanbd\\affiliate\\vendor\\laravel\\framework\\src\\Illuminate\\Routing\\Router.php(628): Illuminate\\Routing\\Router->runRoute(Object(Illuminate\\Http\\Request), Object(Illuminate\\Routing\\Route))
#27 D:\\xampp7\\htdocs\\zakwanbd\\affiliate\\vendor\\laravel\\framework\\src\\Illuminate\\Routing\\Router.php(617): Illuminate\\Routing\\Router->dispatchToRoute(Object(Illuminate\\Http\\Request))
#28 D:\\xampp7\\htdocs\\zakwanbd\\affiliate\\vendor\\laravel\\framework\\src\\Illuminate\\Foundation\\Http\\Kernel.php(165): Illuminate\\Routing\\Router->dispatch(Object(Illuminate\\Http\\Request))
#29 D:\\xampp7\\htdocs\\zakwanbd\\affiliate\\vendor\\laravel\\framework\\src\\Illuminate\\Pipeline\\Pipeline.php(128): Illuminate\\Foundation\\Http\\Kernel->Illuminate\\Foundation\\Http\\{closure}(Object(Illuminate\\Http\\Request))
#30 D:\\xampp7\\htdocs\\zakwanbd\\affiliate\\vendor\\laravel\\framework\\src\\Illuminate\\Foundation\\Http\\Middleware\\TransformsRequest.php(21): Illuminate\\Pipeline\\Pipeline->Illuminate\\Pipeline\\{closure}(Object(Illuminate\\Http\\Request))
#31 D:\\xampp7\\htdocs\\zakwanbd\\affiliate\\vendor\\laravel\\framework\\src\\Illuminate\\Pipeline\\Pipeline.php(167): Illuminate\\Foundation\\Http\\Middleware\\TransformsRequest->handle(Object(Illuminate\\Http\\Request), Object(Closure))
#32 D:\\xampp7\\htdocs\\zakwanbd\\affiliate\\vendor\\laravel\\framework\\src\\Illuminate\\Foundation\\Http\\Middleware\\TransformsRequest.php(21): Illuminate\\Pipeline\\Pipeline->Illuminate\\Pipeline\\{closure}(Object(Illuminate\\Http\\Request))
#33 D:\\xampp7\\htdocs\\zakwanbd\\affiliate\\vendor\\laravel\\framework\\src\\Illuminate\\Pipeline\\Pipeline.php(167): Illuminate\\Foundation\\Http\\Middleware\\TransformsRequest->handle(Object(Illuminate\\Http\\Request), Object(Closure))
#34 D:\\xampp7\\htdocs\\zakwanbd\\affiliate\\vendor\\laravel\\framework\\src\\Illuminate\\Foundation\\Http\\Middleware\\ValidatePostSize.php(27): Illuminate\\Pipeline\\Pipeline->Illuminate\\Pipeline\\{closure}(Object(Illuminate\\Http\\Request))
#35 D:\\xampp7\\htdocs\\zakwanbd\\affiliate\\vendor\\laravel\\framework\\src\\Illuminate\\Pipeline\\Pipeline.php(167): Illuminate\\Foundation\\Http\\Middleware\\ValidatePostSize->handle(Object(Illuminate\\Http\\Request), Object(Closure))
#36 D:\\xampp7\\htdocs\\zakwanbd\\affiliate\\vendor\\laravel\\framework\\src\\Illuminate\\Foundation\\Http\\Middleware\\CheckForMaintenanceMode.php(63): Illuminate\\Pipeline\\Pipeline->Illuminate\\Pipeline\\{closure}(Object(Illuminate\\Http\\Request))
#37 D:\\xampp7\\htdocs\\zakwanbd\\affiliate\\vendor\\laravel\\framework\\src\\Illuminate\\Pipeline\\Pipeline.php(167): Illuminate\\Foundation\\Http\\Middleware\\CheckForMaintenanceMode->handle(Object(Illuminate\\Http\\Request), Object(Closure))
#38 D:\\xampp7\\htdocs\\zakwanbd\\affiliate\\vendor\\fruitcake\\laravel-cors\\src\\HandleCors.php(37): Illuminate\\Pipeline\\Pipeline->Illuminate\\Pipeline\\{closure}(Object(Illuminate\\Http\\Request))
#39 D:\\xampp7\\htdocs\\zakwanbd\\affiliate\\vendor\\laravel\\framework\\src\\Illuminate\\Pipeline\\Pipeline.php(167): Fruitcake\\Cors\\HandleCors->handle(Object(Illuminate\\Http\\Request), Object(Closure))
#40 D:\\xampp7\\htdocs\\zakwanbd\\affiliate\\vendor\\fideloper\\proxy\\src\\TrustProxies.php(57): Illuminate\\Pipeline\\Pipeline->Illuminate\\Pipeline\\{closure}(Object(Illuminate\\Http\\Request))
#41 D:\\xampp7\\htdocs\\zakwanbd\\affiliate\\vendor\\laravel\\framework\\src\\Illuminate\\Pipeline\\Pipeline.php(167): Fideloper\\Proxy\\TrustProxies->handle(Object(Illuminate\\Http\\Request), Object(Closure))
#42 D:\\xampp7\\htdocs\\zakwanbd\\affiliate\\vendor\\laravel\\framework\\src\\Illuminate\\Pipeline\\Pipeline.php(103): Illuminate\\Pipeline\\Pipeline->Illuminate\\Pipeline\\{closure}(Object(Illuminate\\Http\\Request))
#43 D:\\xampp7\\htdocs\\zakwanbd\\affiliate\\vendor\\laravel\\framework\\src\\Illuminate\\Foundation\\Http\\Kernel.php(140): Illuminate\\Pipeline\\Pipeline->then(Object(Closure))
#44 D:\\xampp7\\htdocs\\zakwanbd\\affiliate\\vendor\\laravel\\framework\\src\\Illuminate\\Foundation\\Http\\Kernel.php(109): Illuminate\\Foundation\\Http\\Kernel->sendRequestThroughRouter(Object(Illuminate\\Http\\Request))
#45 D:\\xampp7\\htdocs\\zakwanbd\\affiliate\\index.php(55): Illuminate\\Foundation\\Http\\Kernel->handle(Object(Illuminate\\Http\\Request))
#46 {main}
"} 
